"id","class"
1,3
2,3
3,3
4,3
5,3
6,3
7,3
8,3
9,3
10,3
11,3
12,3
13,3
14,3
15,3
16,3
17,3
18,3
19,3
20,3
21,3
22,3
23,3
24,3
25,3
26,3
27,3
28,3
29,3
30,3
31,3
32,3
33,3
34,3
35,3
36,3
37,3
38,3
39,3
40,3
41,3
42,3
43,3
44,3
45,3
46,3
47,3
48,3
49,3
50,3
51,3
52,3
53,3
54,3
55,3
56,3
57,3
58,3
59,3
60,3
61,3
62,3
63,3
64,3
65,3
66,3
67,3
68,3
69,3
70,3
71,3
72,3
73,3
74,3
75,3
76,3
77,3
78,3
79,3
80,3
81,3
82,2
83,3
84,3
85,3
86,3
87,3
88,3
89,3
90,3
91,3
92,3
93,2
94,3
95,3
96,3
97,3
98,3
99,3
100,3
101,3
102,3
103,3
104,2
105,3
106,3
107,3
108,3
109,3
110,3
111,3
112,3
113,3
114,3
115,3
116,3
117,3
118,3
119,3
120,3
121,3
122,3
123,3
124,3
125,3
126,3
127,3
128,3
129,3
130,3
131,3
132,3
133,3
134,3
135,3
136,3
137,3
138,3
139,3
140,3
141,3
142,3
143,3
144,3
145,3
146,3
147,3
148,3
149,3
150,3
151,3
152,3
153,3
154,3
155,3
156,3
157,3
158,3
159,3
160,3
161,3
162,3
163,3
164,3
165,3
166,3
167,3
168,3
169,3
170,3
171,3
172,3
173,3
174,3
175,3
176,3
177,3
178,3
179,3
180,3
181,3
182,3
183,3
184,3
185,3
186,3
187,3
188,3
189,3
190,3
191,3
192,3
193,3
194,3
195,3
196,3
197,3
198,3
199,3
200,3
201,3
202,3
203,3
204,3
205,3
206,3
207,3
208,3
209,3
210,3
211,3
212,3
213,3
214,3
215,3
216,3
217,3
218,3
219,3
220,3
221,3
222,3
223,3
224,3
225,3
226,3
227,3
228,3
229,3
230,3
231,3
232,3
233,3
234,3
235,3
236,3
237,3
238,3
239,3
240,3
241,3
242,3
243,3
244,3
245,3
246,3
247,3
248,3
249,3
250,3
251,3
252,3
253,3
254,3
255,3
256,3
257,3
258,3
259,3
260,3
261,3
262,3
263,3
264,3
265,3
266,3
267,3
268,3
269,3
270,3
271,3
272,3
273,3
274,3
275,3
276,3
277,3
278,3
279,3
280,3
281,3
282,3
283,3
284,3
285,3
286,3
287,3
288,3
289,3
290,3
291,3
292,3
293,3
294,3
295,3
296,3
297,3
298,3
299,3
300,3
301,3
302,3
303,3
304,3
305,3
306,3
307,3
308,3
309,3
310,3
311,3
312,3
313,3
314,3
315,3
316,3
317,3
318,3
319,3
320,3
321,3
322,3
323,3
324,3
325,3
326,3
327,3
328,3
329,3
330,3
331,3
332,3
333,3
334,3
335,3
336,3
337,3
338,3
339,3
340,3
341,3
342,3
343,3
344,3
345,3
346,3
347,3
348,3
349,3
350,3
351,3
352,3
353,3
354,3
355,3
356,3
357,3
358,3
359,3
360,3
361,3
362,3
363,3
364,3
365,3
366,3
367,3
368,3
369,3
370,3
371,3
372,3
373,3
374,3
375,3
376,3
377,3
378,3
379,3
380,3
381,3
382,3
383,3
384,3
385,3
386,3
387,3
388,3
389,3
390,3
391,3
392,3
393,3
394,3
395,3
396,3
397,3
398,3
399,3
400,3
401,3
402,3
403,3
404,3
405,3
406,3
407,3
408,3
409,3
410,3
411,3
412,3
413,3
414,3
415,3
416,3
417,3
418,3
419,3
420,3
421,3
422,3
423,3
424,3
425,3
426,3
427,3
428,3
429,3
430,3
431,3
432,3
433,3
434,3
435,3
436,3
437,3
438,3
439,3
440,3
441,3
442,3
443,3
444,3
445,3
446,3
447,3
448,3
449,3
450,3
451,3
452,3
453,3
454,3
455,3
456,3
457,3
458,3
459,3
460,3
461,3
462,3
463,3
464,3
465,3
466,3
467,3
468,3
469,3
470,3
471,3
472,3
473,3
474,3
475,3
476,3
477,3
478,3
479,3
480,3
481,3
482,3
483,3
484,3
485,3
486,3
487,3
488,3
489,3
490,3
491,3
492,3
493,3
494,3
495,3
496,3
497,3
498,3
499,3
500,3
501,3
502,3
503,3
504,3
505,3
506,3
507,3
508,3
509,3
510,3
511,3
512,3
513,3
514,3
515,3
516,3
517,3
518,3
519,3
520,3
521,3
522,3
523,3
524,3
525,3
526,3
527,3
528,3
529,3
530,3
531,3
532,3
533,3
534,3
535,3
536,3
537,3
538,3
539,3
540,3
541,3
542,3
543,3
544,3
545,3
546,3
547,3
548,3
549,3
550,3
551,3
552,3
553,3
554,3
555,3
556,3
557,3
558,3
559,3
560,3
561,3
562,3
563,3
564,3
565,3
566,3
567,3
568,3
569,3
570,3
571,3
572,3
573,3
574,3
575,3
576,3
577,3
578,3
579,3
580,3
581,3
582,3
583,3
584,3
585,3
586,3
587,3
588,3
589,3
590,3
591,3
592,3
593,3
594,3
595,3
596,3
597,3
598,3
599,3
600,3
601,3
602,3
603,3
604,3
605,3
606,3
607,3
608,3
609,3
610,3
611,3
612,3
613,3
614,3
615,3
616,3
617,3
618,3
619,3
620,3
621,3
622,3
623,3
624,3
625,3
626,3
627,3
628,3
629,3
630,3
631,3
632,3
633,3
634,3
635,3
636,3
637,3
638,3
639,3
640,3
641,3
642,3
643,3
644,3
645,3
646,3
647,3
648,3
649,3
650,3
651,3
652,3
653,3
654,3
655,3
656,3
657,3
658,3
659,3
660,3
661,3
662,3
663,3
664,3
665,3
666,3
667,3
668,3
669,3
670,3
671,3
672,3
673,3
674,3
675,3
676,3
677,3
678,3
679,3
680,3
681,3
682,3
683,3
684,3
685,3
686,3
687,3
688,3
689,3
690,3
691,3
692,3
693,3
694,3
695,3
696,3
697,3
698,3
699,3
700,3
701,3
702,3
703,3
704,3
705,3
706,3
707,3
708,3
709,3
710,3
711,3
712,3
713,3
714,3
715,3
716,3
717,3
718,3
719,3
720,3
721,3
722,3
723,3
724,3
725,3
726,3
727,3
728,3
729,3
730,3
731,3
732,3
733,3
734,3
735,3
736,3
737,3
738,3
739,3
740,3
741,3
742,3
743,3
744,3
745,3
746,3
747,3
748,3
749,3
750,3
751,3
752,3
753,3
754,3
755,3
756,3
757,3
758,3
759,3
760,3
761,3
762,3
763,3
764,3
765,3
766,3
767,3
768,3
769,3
770,3
771,3
772,3
773,3
774,3
775,3
776,3
777,3
778,3
779,3
780,3
781,3
782,3
783,3
784,3
785,3
786,3
787,3
788,3
789,3
790,3
791,3
792,3
793,3
794,3
795,3
796,3
797,3
798,3
799,3
800,3
801,3
802,3
803,3
804,3
805,3
806,3
807,3
808,3
809,3
810,3
811,3
812,3
813,3
814,3
815,3
816,3
817,3
818,3
819,3
820,3
821,3
822,3
823,3
824,3
825,3
826,3
827,3
828,3
829,3
830,3
831,3
832,3
833,3
834,3
835,3
836,3
837,3
838,3
839,3
840,3
841,3
842,3
843,3
844,3
845,3
846,3
847,3
848,3
849,3
850,3
851,3
852,3
853,3
854,3
855,3
856,3
857,3
858,3
859,3
860,3
861,3
862,3
863,3
864,3
865,3
866,3
867,3
868,3
869,3
870,3
871,3
872,3
873,3
874,3
875,3
876,3
877,3
878,3
879,3
880,3
881,3
882,3
883,3
884,3
885,3
886,3
887,3
888,3
889,3
890,3
891,3
892,3
893,3
894,3
895,3
896,3
897,3
898,3
899,3
900,3
901,3
902,3
903,3
904,3
905,3
906,3
907,3
908,3
909,3
910,3
911,3
912,3
913,3
914,3
915,3
916,3
917,3
918,3
919,3
920,3
921,3
922,3
923,3
924,3
925,3
926,3
927,3
928,3
929,3
930,3
931,3
932,3
933,3
934,3
935,3
936,3
937,3
938,3
939,3
940,3
941,3
942,3
943,3
944,3
945,3
946,3
947,3
948,3
949,3
950,3
951,3
952,3
953,3
954,3
955,3
956,3
957,3
958,3
959,3
960,3
961,3
962,3
963,3
964,3
965,3
966,3
967,3
968,3
969,3
970,3
971,3
972,3
973,3
974,3
975,3
976,3
977,3
978,3
979,3
980,3
981,3
982,3
983,3
984,3
985,3
986,3
987,3
988,3
989,3
990,3
991,3
992,3
993,3
994,3
995,3
996,3
997,3
998,3
999,3
1000,3
1001,3
1002,3
1003,3
1004,3
1005,3
1006,3
1007,3
1008,3
1009,3
1010,3
1011,3
1012,3
1013,3
1014,3
1015,3
1016,3
1017,3
1018,3
1019,2
1020,3
1021,3
1022,3
1023,3
1024,3
1025,3
1026,3
1027,3
1028,3
1029,3
1030,3
1031,3
1032,3
1033,3
1034,3
1035,3
1036,3
1037,3
1038,3
1039,3
1040,3
1041,3
1042,3
1043,3
1044,3
1045,3
1046,3
1047,3
1048,3
1049,3
1050,3
1051,3
1052,3
1053,3
1054,3
1055,3
1056,3
1057,3
1058,3
1059,3
1060,3
1061,3
1062,3
1063,3
1064,3
1065,3
1066,3
1067,3
1068,3
1069,3
1070,3
1071,3
1072,3
1073,3
1074,3
1075,3
1076,3
1077,3
1078,3
1079,3
1080,3
1081,3
1082,3
1083,3
1084,3
1085,3
1086,3
1087,3
1088,3
1089,3
1090,3
1091,3
1092,3
1093,3
1094,3
1095,3
1096,3
1097,3
1098,3
1099,3
1100,3
1101,3
1102,3
1103,3
1104,3
1105,3
1106,3
1107,3
1108,3
1109,3
1110,3
1111,3
1112,3
1113,3
1114,3
1115,3
1116,3
1117,3
1118,3
1119,3
1120,3
1121,3
1122,3
1123,3
1124,3
1125,3
1126,3
1127,3
1128,3
1129,3
1130,3
1131,3
1132,3
1133,3
1134,3
1135,3
1136,3
1137,3
1138,3
1139,3
1140,3
1141,3
1142,3
1143,3
1144,3
1145,3
1146,3
1147,3
1148,3
1149,3
1150,3
1151,3
1152,3
1153,3
1154,3
1155,3
1156,3
1157,3
1158,3
1159,3
1160,3
1161,3
1162,3
1163,3
1164,3
1165,3
1166,3
1167,3
1168,3
1169,3
1170,3
1171,3
1172,3
1173,3
1174,3
1175,3
1176,3
1177,3
1178,3
1179,3
1180,3
1181,3
1182,3
1183,3
1184,3
1185,3
1186,3
1187,3
1188,3
1189,3
1190,3
1191,3
1192,3
1193,3
1194,3
1195,3
1196,3
1197,3
1198,3
1199,3
1200,3
1201,3
1202,3
1203,3
1204,3
1205,3
1206,3
1207,3
1208,3
1209,3
1210,3
1211,3
1212,3
1213,3
1214,3
1215,3
1216,3
1217,3
1218,3
1219,3
1220,3
1221,3
1222,3
1223,3
1224,3
1225,3
1226,3
1227,3
1228,3
1229,3
1230,3
1231,3
1232,3
1233,3
1234,3
1235,3
1236,3
1237,3
1238,3
1239,3
1240,3
1241,3
1242,3
1243,3
1244,3
1245,3
1246,3
1247,3
1248,3
1249,3
1250,3
1251,3
1252,3
1253,3
1254,3
1255,3
1256,3
1257,3
1258,3
1259,3
1260,3
1261,3
1262,3
1263,3
1264,3
1265,3
1266,3
1267,3
1268,3
1269,3
1270,3
1271,3
1272,3
1273,3
1274,3
1275,3
1276,3
1277,3
1278,3
1279,3
1280,3
1281,3
1282,3
1283,3
1284,3
1285,3
1286,3
1287,3
1288,3
1289,3
1290,3
1291,3
1292,3
1293,3
1294,3
1295,3
1296,3
1297,3
1298,3
1299,3
1300,3
1301,3
1302,3
1303,3
1304,3
1305,3
1306,3
1307,3
1308,3
1309,3
1310,3
1311,3
1312,3
1313,3
1314,3
1315,3
1316,3
1317,3
1318,3
1319,3
1320,3
1321,3
1322,3
1323,3
1324,3
1325,3
1326,3
1327,3
1328,3
1329,3
1330,3
1331,3
1332,3
1333,3
1334,3
1335,3
1336,3
1337,3
1338,3
1339,3
1340,3
1341,3
1342,3
1343,3
1344,3
1345,3
1346,3
1347,3
1348,3
1349,3
1350,3
1351,3
1352,3
1353,3
1354,3
1355,3
1356,3
1357,3
1358,3
1359,3
1360,3
1361,3
1362,3
1363,3
1364,3
1365,3
1366,3
1367,3
1368,3
1369,3
1370,3
1371,3
1372,3
1373,3
1374,3
1375,3
1376,3
1377,3
1378,3
1379,3
1380,3
1381,3
1382,2
1383,2
1384,3
1385,3
1386,3
1387,2
1388,3
1389,2
1390,2
1391,3
1392,2
1393,3
1394,3
1395,3
1396,3
1397,3
1398,3
1399,3
1400,3
1401,3
1402,3
1403,3
1404,3
1405,3
1406,3
1407,3
1408,3
1409,3
1410,3
1411,3
1412,3
1413,2
1414,3
1415,3
1416,3
1417,3
1418,2
1419,3
1420,2
1421,3
1422,3
1423,3
1424,3
1425,3
1426,3
1427,2
1428,3
1429,3
1430,3
1431,3
1432,3
1433,3
1434,3
1435,3
1436,3
1437,3
1438,3
1439,3
1440,3
1441,3
1442,3
1443,3
1444,3
1445,3
1446,3
1447,3
1448,3
1449,3
1450,3
1451,3
1452,3
1453,3
1454,3
1455,3
1456,3
1457,3
1458,3
1459,3
1460,3
1461,3
1462,3
1463,3
1464,3
1465,3
1466,3
1467,3
1468,3
1469,3
1470,3
1471,3
1472,3
1473,3
1474,3
1475,3
1476,3
1477,3
1478,3
1479,3
1480,3
1481,3
1482,3
1483,3
1484,3
1485,3
1486,3
1487,3
1488,3
1489,3
1490,3
1491,3
1492,3
1493,3
1494,3
1495,3
1496,3
1497,3
1498,3
1499,3
1500,3
1501,3
1502,3
1503,3
1504,3
1505,3
1506,3
1507,3
1508,3
1509,3
1510,3
1511,3
1512,3
1513,3
1514,3
1515,3
1516,3
1517,3
1518,3
1519,3
1520,3
1521,3
1522,3
1523,3
1524,3
1525,3
1526,3
1527,3
1528,3
1529,3
1530,3
1531,3
1532,3
1533,3
1534,3
1535,3
1536,3
1537,3
1538,3
1539,3
1540,3
1541,3
1542,3
1543,3
1544,3
1545,3
1546,3
1547,3
1548,3
1549,3
1550,3
1551,3
1552,3
1553,3
1554,3
1555,3
1556,3
1557,3
1558,3
1559,3
1560,3
1561,3
1562,3
1563,3
1564,3
1565,3
1566,3
1567,3
1568,3
1569,3
1570,3
1571,3
1572,3
1573,2
1574,2
1575,2
1576,2
1577,3
1578,2
1579,2
1580,2
1581,3
1582,3
1583,3
1584,2
1585,3
1586,2
1587,3
1588,3
1589,3
1590,3
1591,3
1592,3
1593,3
1594,3
1595,3
1596,3
1597,3
1598,3
1599,3
1600,3
1601,3
1602,3
1603,3
1604,3
1605,3
1606,3
1607,3
1608,3
1609,3
1610,3
1611,3
1612,3
1613,3
1614,3
1615,3
1616,3
1617,3
1618,3
1619,3
1620,3
1621,3
1622,3
1623,3
1624,3
1625,3
1626,3
1627,3
1628,3
1629,3
1630,3
1631,3
1632,3
1633,3
1634,3
1635,3
1636,3
1637,3
1638,3
1639,3
1640,3
1641,3
1642,3
1643,3
1644,3
1645,3
1646,3
1647,3
1648,3
1649,3
1650,3
1651,3
1652,3
1653,3
1654,3
1655,3
1656,3
1657,3
1658,3
1659,3
1660,3
1661,3
1662,3
1663,3
1664,3
1665,3
1666,3
1667,3
1668,3
1669,3
1670,3
1671,3
1672,3
1673,3
1674,3
1675,3
1676,3
1677,3
1678,3
1679,3
1680,3
1681,3
1682,3
1683,3
1684,3
1685,3
1686,3
1687,3
1688,3
1689,3
1690,3
1691,3
1692,3
1693,3
1694,3
1695,3
1696,3
1697,3
1698,3
1699,3
1700,3
1701,3
1702,3
1703,3
1704,3
1705,3
1706,3
1707,3
1708,3
1709,3
1710,3
1711,3
1712,3
1713,3
1714,3
1715,3
1716,3
1717,3
1718,3
1719,3
1720,3
1721,3
1722,3
1723,3
1724,3
1725,3
1726,3
1727,3
1728,3
1729,3
1730,3
1731,3
1732,3
1733,3
1734,3
1735,3
1736,3
1737,3
1738,3
1739,3
1740,3
1741,3
1742,3
1743,3
1744,3
1745,3
1746,3
1747,3
1748,3
1749,3
1750,3
1751,3
1752,3
1753,3
1754,3
1755,3
1756,3
1757,3
1758,3
1759,3
1760,3
1761,3
1762,3
1763,3
1764,3
1765,3
1766,3
1767,3
1768,3
1769,3
1770,3
1771,3
1772,3
1773,3
1774,3
1775,3
1776,3
1777,3
1778,3
1779,3
1780,3
1781,3
1782,3
1783,3
1784,3
1785,3
1786,3
1787,3
1788,3
1789,3
1790,3
1791,3
1792,3
1793,3
1794,3
1795,3
1796,3
1797,3
1798,3
1799,3
1800,3
1801,3
1802,3
1803,3
1804,3
1805,3
1806,3
1807,3
1808,3
1809,3
1810,3
1811,3
1812,3
1813,3
1814,3
1815,3
1816,3
1817,3
1818,3
1819,3
1820,3
1821,3
1822,3
1823,3
1824,3
1825,3
1826,3
1827,3
1828,3
1829,3
1830,3
1831,3
1832,3
1833,3
1834,3
1835,3
1836,3
1837,3
1838,3
1839,3
1840,3
1841,3
1842,3
1843,3
1844,3
1845,3
1846,3
1847,3
1848,3
1849,3
1850,3
1851,3
1852,3
1853,3
1854,3
1855,3
1856,3
1857,3
1858,3
1859,3
1860,3
1861,3
1862,3
1863,3
1864,3
1865,3
1866,3
1867,3
1868,3
1869,3
1870,3
1871,3
1872,3
1873,3
1874,3
1875,3
1876,3
1877,3
1878,3
1879,3
1880,3
1881,3
1882,3
1883,3
1884,3
1885,3
1886,3
1887,3
1888,3
1889,3
1890,3
1891,3
1892,3
1893,3
1894,2
1895,3
1896,3
1897,3
1898,3
1899,3
1900,3
1901,3
1902,3
1903,3
1904,3
1905,3
1906,3
1907,3
1908,3
1909,3
1910,3
1911,3
1912,3
1913,3
1914,3
1915,3
1916,3
1917,3
1918,2
1919,3
1920,3
1921,3
1922,2
1923,3
1924,3
1925,3
1926,3
1927,3
1928,3
1929,3
1930,3
1931,3
1932,3
1933,3
1934,3
1935,3
1936,3
1937,3
1938,3
1939,3
1940,3
1941,3
1942,3
1943,3
1944,3
1945,3
1946,3
1947,3
1948,3
1949,3
1950,3
1951,3
1952,3
1953,3
1954,3
1955,3
1956,3
1957,3
1958,3
1959,3
1960,3
1961,3
1962,3
1963,3
1964,3
1965,3
1966,3
1967,3
1968,3
1969,3
1970,3
1971,3
1972,3
1973,3
1974,3
1975,3
1976,3
1977,3
1978,3
1979,3
1980,3
1981,3
1982,3
1983,3
1984,3
1985,3
1986,3
1987,3
1988,3
1989,3
1990,3
1991,3
1992,3
1993,3
1994,3
1995,3
1996,3
1997,3
1998,3
1999,3
2000,3
2001,3
2002,3
2003,3
2004,3
2005,3
2006,3
2007,3
2008,3
2009,3
2010,3
2011,3
2012,3
2013,3
2014,3
2015,3
2016,3
2017,3
2018,3
2019,3
2020,3
2021,3
2022,3
2023,3
2024,3
2025,3
2026,3
2027,3
2028,3
2029,3
2030,3
2031,3
2032,3
2033,3
2034,3
2035,3
2036,3
2037,3
2038,3
2039,3
2040,2
2041,3
2042,3
2043,2
2044,3
2045,3
2046,3
2047,3
2048,3
2049,3
2050,3
2051,3
2052,3
2053,3
2054,3
2055,3
2056,3
2057,3
2058,3
2059,3
2060,3
2061,3
2062,3
2063,3
2064,3
2065,3
2066,3
2067,2
2068,3
2069,3
2070,3
2071,3
2072,3
2073,3
2074,3
2075,3
2076,3
2077,3
2078,3
2079,3
2080,3
2081,3
2082,3
2083,3
2084,3
2085,3
2086,3
2087,3
2088,3
2089,3
2090,3
2091,3
2092,3
2093,3
2094,3
2095,3
2096,3
2097,3
2098,3
2099,3
2100,3
2101,3
2102,3
2103,3
2104,3
2105,3
2106,3
2107,3
2108,3
2109,3
2110,3
2111,3
2112,3
2113,3
2114,3
2115,3
2116,3
2117,3
2118,3
2119,3
2120,3
2121,3
2122,3
2123,3
2124,3
2125,3
2126,3
2127,3
2128,3
2129,3
2130,3
2131,3
2132,3
2133,3
2134,3
2135,3
2136,3
2137,3
2138,3
2139,3
2140,3
2141,3
2142,3
2143,3
2144,3
2145,3
2146,3
2147,3
2148,3
2149,3
2150,3
2151,3
2152,3
2153,3
2154,3
2155,3
2156,3
2157,3
2158,3
2159,3
2160,3
2161,3
2162,3
2163,3
2164,3
2165,3
2166,3
2167,3
2168,3
2169,3
2170,3
2171,3
2172,3
2173,3
2174,3
2175,3
2176,3
2177,3
2178,3
2179,3
2180,3
2181,3
2182,3
2183,3
2184,3
2185,3
2186,3
2187,3
2188,3
2189,3
2190,3
2191,3
2192,3
2193,3
2194,3
2195,3
2196,3
2197,3
2198,3
2199,3
2200,2
2201,3
2202,3
2203,2
2204,3
2205,3
2206,3
2207,3
2208,3
2209,3
2210,3
2211,3
2212,3
2213,2
2214,3
2215,3
2216,3
2217,3
2218,3
2219,3
2220,3
2221,3
2222,2
2223,3
2224,3
2225,3
2226,3
2227,3
2228,2
2229,3
2230,3
2231,3
2232,3
2233,3
2234,3
2235,3
2236,3
2237,3
2238,3
2239,3
2240,2
2241,3
2242,3
2243,3
2244,2
2245,3
2246,3
2247,3
2248,3
2249,3
2250,3
2251,3
2252,3
2253,3
2254,3
2255,2
2256,3
2257,3
2258,3
2259,3
2260,3
2261,3
2262,3
2263,3
2264,3
2265,3
2266,3
2267,3
2268,3
2269,3
2270,3
2271,3
2272,3
2273,3
2274,3
2275,3
2276,3
2277,3
2278,2
2279,2
2280,2
2281,3
2282,3
2283,3
2284,3
2285,2
2286,2
2287,3
2288,2
2289,3
2290,3
2291,2
2292,2
2293,2
2294,2
2295,2
2296,2
2297,3
2298,2
2299,3
2300,3
2301,3
2302,3
2303,3
2304,3
2305,3
2306,3
2307,3
2308,3
2309,3
2310,3
2311,3
2312,3
2313,3
2314,3
2315,3
2316,3
2317,3
2318,3
2319,3
2320,3
2321,3
2322,3
2323,3
2324,3
2325,3
2326,3
2327,3
2328,3
2329,3
2330,3
2331,3
2332,3
2333,3
2334,3
2335,3
2336,3
2337,3
2338,3
2339,3
2340,3
2341,3
2342,3
2343,3
2344,3
2345,3
2346,3
2347,3
2348,3
2349,3
2350,3
2351,3
2352,3
2353,3
2354,3
2355,3
2356,3
2357,3
2358,3
2359,3
2360,3
2361,3
2362,3
2363,3
2364,3
2365,3
2366,3
2367,3
2368,3
2369,3
2370,3
2371,3
2372,3
2373,3
2374,3
2375,3
2376,3
2377,3
2378,3
2379,3
2380,3
2381,3
2382,3
2383,3
2384,3
2385,3
2386,3
2387,3
2388,3
2389,3
2390,3
2391,3
2392,3
2393,3
2394,3
2395,3
2396,3
2397,3
2398,3
2399,3
2400,3
2401,3
2402,3
2403,3
2404,3
2405,3
2406,3
2407,3
2408,3
2409,3
2410,3
2411,3
2412,3
2413,3
2414,3
2415,3
2416,3
2417,3
2418,3
2419,3
2420,3
2421,3
2422,3
2423,3
2424,3
2425,3
2426,3
2427,3
2428,3
2429,3
2430,3
2431,3
2432,3
2433,3
2434,3
2435,3
2436,3
2437,3
2438,3
2439,3
2440,3
2441,3
2442,3
2443,3
2444,3
2445,3
2446,3
2447,3
2448,3
2449,3
2450,3
2451,3
2452,3
2453,3
2454,3
2455,3
2456,3
2457,3
2458,3
2459,3
2460,3
2461,3
2462,3
2463,3
2464,3
2465,3
2466,3
2467,3
2468,3
2469,3
2470,3
2471,3
2472,3
2473,3
2474,3
2475,3
2476,3
2477,3
2478,3
2479,2
2480,3
2481,3
2482,3
2483,3
2484,3
2485,3
2486,3
2487,3
2488,3
2489,3
2490,3
2491,3
2492,3
2493,3
2494,3
2495,3
2496,3
2497,3
2498,3
2499,3
2500,3
2501,3
2502,3
2503,3
2504,3
2505,3
2506,3
2507,3
2508,3
2509,3
2510,3
2511,3
2512,3
2513,3
2514,3
2515,3
2516,3
2517,3
2518,3
2519,3
2520,3
2521,3
2522,3
2523,3
2524,3
2525,3
2526,3
2527,3
2528,3
2529,3
2530,3
2531,3
2532,3
2533,3
2534,3
2535,3
2536,3
2537,3
2538,3
2539,3
2540,3
2541,3
2542,3
2543,3
2544,3
2545,3
2546,3
2547,3
2548,3
2549,3
2550,3
2551,3
2552,3
2553,3
2554,3
2555,3
2556,3
2557,3
2558,3
2559,3
2560,3
2561,3
2562,3
2563,3
2564,3
2565,3
2566,3
2567,3
2568,3
2569,3
2570,3
2571,3
2572,3
2573,3
2574,3
2575,3
2576,3
2577,3
2578,3
2579,3
2580,3
2581,3
2582,3
2583,3
2584,3
2585,3
2586,3
2587,3
2588,3
2589,3
2590,3
2591,3
2592,3
2593,3
2594,3
2595,3
2596,3
2597,3
2598,3
2599,3
2600,3
2601,3
2602,3
2603,3
2604,3
2605,3
2606,3
2607,3
2608,3
2609,3
2610,3
2611,3
2612,3
2613,3
2614,3
2615,3
2616,3
2617,3
2618,3
2619,3
2620,3
2621,3
2622,3
2623,3
2624,3
2625,3
2626,3
2627,3
2628,3
2629,3
2630,3
2631,3
2632,3
2633,3
2634,3
2635,3
2636,3
2637,3
2638,3
2639,3
2640,3
2641,3
2642,3
2643,3
2644,3
2645,3
2646,3
2647,3
2648,3
2649,3
2650,3
2651,3
2652,3
2653,3
2654,3
2655,3
2656,3
2657,3
2658,3
2659,3
2660,3
2661,3
2662,3
2663,3
2664,3
2665,3
2666,3
2667,3
2668,3
2669,3
2670,3
2671,3
2672,3
2673,3
2674,3
2675,3
2676,3
2677,3
2678,3
2679,3
2680,3
2681,3
2682,3
2683,3
2684,3
2685,3
2686,3
2687,3
2688,3
2689,3
2690,3
2691,3
2692,3
2693,3
2694,3
2695,3
2696,3
2697,3
2698,3
2699,3
2700,3
2701,3
2702,3
2703,3
2704,3
2705,3
2706,3
2707,3
2708,3
2709,3
2710,3
2711,3
2712,3
2713,3
2714,3
2715,3
2716,3
2717,3
2718,3
2719,3
2720,3
2721,3
2722,3
2723,3
2724,3
2725,3
2726,3
2727,3
2728,3
2729,3
2730,3
2731,3
2732,3
2733,3
2734,3
2735,3
2736,3
2737,3
2738,3
2739,3
2740,3
2741,3
2742,3
2743,3
2744,3
2745,3
2746,3
2747,3
2748,3
2749,3
2750,3
2751,3
2752,3
2753,3
2754,3
2755,3
2756,3
2757,3
2758,3
2759,3
2760,3
2761,3
2762,3
2763,3
2764,3
2765,3
2766,3
2767,3
2768,3
2769,3
2770,3
2771,3
2772,3
2773,3
2774,3
2775,3
2776,3
2777,3
2778,3
2779,3
2780,3
2781,3
2782,3
2783,3
2784,3
2785,3
2786,3
2787,3
2788,3
2789,3
2790,2
2791,3
2792,3
2793,2
2794,3
2795,3
2796,3
2797,2
2798,3
2799,3
2800,3
2801,3
2802,3
2803,3
2804,3
2805,3
2806,3
2807,3
2808,3
2809,3
2810,2
2811,3
2812,3
2813,3
2814,3
2815,3
2816,3
2817,3
2818,3
2819,3
2820,3
2821,3
2822,3
2823,3
2824,3
2825,3
2826,3
2827,3
2828,3
2829,3
2830,3
2831,3
2832,3
2833,3
2834,3
2835,3
2836,3
2837,3
2838,3
2839,3
2840,3
2841,3
2842,3
2843,3
2844,3
2845,3
2846,3
2847,2
2848,3
2849,3
2850,3
2851,3
2852,3
2853,3
2854,3
2855,3
2856,3
2857,3
2858,3
2859,3
2860,3
2861,3
2862,3
2863,3
2864,3
2865,3
2866,3
2867,3
2868,3
2869,3
2870,3
2871,3
2872,3
2873,3
2874,3
2875,3
2876,3
2877,3
2878,3
2879,3
2880,3
2881,3
2882,3
2883,3
2884,3
2885,3
2886,3
2887,3
2888,3
2889,3
2890,3
2891,3
2892,3
2893,3
2894,3
2895,3
2896,3
2897,3
2898,3
2899,3
2900,3
2901,3
2902,3
2903,3
2904,3
2905,3
2906,3
2907,3
2908,3
2909,3
2910,3
2911,3
2912,3
2913,3
2914,3
2915,3
2916,3
2917,3
2918,3
2919,3
2920,3
2921,3
2922,3
2923,3
2924,3
2925,3
2926,3
2927,3
2928,3
2929,3
2930,3
2931,3
2932,3
2933,3
2934,3
2935,3
2936,3
2937,3
2938,3
2939,3
2940,3
2941,3
2942,3
2943,3
2944,2
2945,2
2946,2
2947,2
2948,2
2949,2
2950,2
2951,2
2952,2
2953,2
2954,2
2955,2
2956,2
2957,2
2958,2
2959,2
2960,2
2961,2
2962,2
2963,2
2964,3
2965,3
2966,3
2967,2
2968,2
2969,2
2970,2
2971,3
2972,3
2973,3
2974,3
2975,3
2976,3
2977,3
2978,3
2979,3
2980,3
2981,3
2982,3
2983,3
2984,3
2985,3
2986,3
2987,3
2988,3
2989,3
2990,3
2991,3
2992,3
2993,3
2994,3
2995,3
2996,3
2997,3
2998,3
2999,3
3000,3
3001,3
3002,3
3003,3
3004,3
3005,3
3006,3
3007,3
3008,3
3009,3
3010,3
3011,3
3012,3
3013,3
3014,3
3015,3
3016,3
3017,3
3018,3
3019,3
3020,3
3021,3
3022,3
3023,3
3024,3
3025,3
3026,3
3027,2
3028,3
3029,3
3030,3
3031,3
3032,3
3033,3
3034,3
3035,3
3036,3
3037,3
3038,3
3039,3
3040,2
3041,3
3042,3
3043,2
3044,3
3045,2
3046,2
3047,3
3048,3
3049,2
3050,3
3051,2
3052,3
3053,3
3054,3
3055,3
3056,2
3057,2
3058,3
3059,3
3060,3
3061,3
3062,3
3063,3
3064,3
3065,3
3066,3
3067,3
3068,3
3069,3
3070,3
3071,3
3072,3
3073,3
3074,3
3075,3
3076,3
3077,3
3078,3
3079,3
3080,3
3081,3
3082,3
3083,3
3084,3
3085,3
3086,3
3087,3
3088,3
3089,3
3090,3
3091,3
3092,3
3093,3
3094,3
3095,3
3096,3
3097,3
3098,3
3099,3
3100,3
3101,3
3102,3
3103,3
3104,3
3105,3
3106,3
3107,3
3108,3
3109,3
3110,3
3111,3
3112,3
3113,3
3114,3
3115,3
3116,3
3117,3
3118,3
3119,3
3120,3
3121,3
3122,2
3123,3
3124,3
3125,3
3126,3
3127,3
3128,3
3129,3
3130,3
3131,3
3132,2
3133,3
3134,3
3135,3
3136,3
3137,3
3138,3
3139,3
3140,3
3141,3
3142,3
3143,3
3144,3
3145,3
3146,3
3147,3
3148,3
3149,3
3150,3
3151,3
3152,3
3153,3
3154,3
3155,3
3156,3
3157,3
3158,3
3159,3
3160,3
3161,3
3162,3
3163,3
3164,3
3165,3
3166,3
3167,3
3168,3
3169,3
3170,3
3171,3
3172,3
3173,3
3174,3
3175,3
3176,3
3177,3
3178,3
3179,3
3180,3
3181,3
3182,3
3183,3
3184,3
3185,3
3186,3
3187,3
3188,3
3189,3
3190,3
3191,3
3192,3
3193,3
3194,3
3195,3
3196,3
3197,3
3198,3
3199,3
3200,3
3201,3
3202,3
3203,3
3204,3
3205,3
3206,3
3207,3
3208,3
3209,3
3210,3
3211,3
3212,3
3213,3
3214,3
3215,3
3216,3
3217,3
3218,3
3219,3
3220,3
3221,3
3222,3
3223,3
3224,3
3225,3
3226,3
3227,3
3228,3
3229,3
3230,3
3231,3
3232,3
3233,3
3234,3
3235,3
3236,3
3237,3
3238,3
3239,3
3240,3
3241,3
3242,3
3243,3
3244,3
3245,3
3246,3
3247,3
3248,3
3249,3
3250,3
3251,3
3252,3
3253,3
3254,3
3255,3
3256,3
3257,3
3258,3
3259,3
3260,3
3261,3
3262,3
3263,3
3264,3
3265,3
3266,3
3267,3
3268,3
3269,3
3270,3
3271,3
3272,3
3273,3
3274,3
3275,3
3276,3
3277,3
3278,3
3279,3
3280,3
3281,3
3282,3
3283,3
3284,3
3285,3
3286,3
3287,3
3288,3
3289,3
3290,3
3291,3
3292,3
3293,3
3294,3
3295,3
3296,3
3297,3
3298,3
3299,3
3300,3
3301,3
3302,3
3303,3
3304,3
3305,3
3306,3
3307,3
3308,3
3309,3
3310,3
3311,3
3312,3
3313,3
3314,3
3315,3
3316,3
3317,3
3318,3
3319,3
3320,3
3321,3
3322,3
3323,3
3324,3
3325,3
3326,3
3327,3
3328,3
3329,3
3330,3
3331,3
3332,3
3333,3
3334,3
3335,3
3336,3
3337,3
3338,3
3339,3
3340,3
3341,3
3342,3
3343,3
3344,3
3345,3
3346,3
3347,3
3348,3
3349,3
3350,3
3351,3
3352,3
3353,3
3354,3
3355,3
3356,3
3357,3
3358,3
3359,3
3360,3
3361,3
3362,3
3363,3
3364,3
3365,3
3366,3
3367,3
3368,3
3369,3
3370,3
3371,3
3372,3
3373,3
3374,3
3375,3
3376,3
3377,3
3378,3
3379,3
3380,3
3381,3
3382,3
3383,3
3384,3
3385,3
3386,3
3387,3
3388,3
3389,3
3390,3
3391,3
3392,3
3393,3
3394,3
3395,3
3396,3
3397,3
3398,3
3399,3
3400,3
3401,3
3402,3
3403,3
3404,3
3405,3
3406,3
3407,3
3408,3
3409,3
3410,3
3411,3
3412,3
3413,3
3414,3
3415,3
3416,3
3417,3
3418,3
3419,3
3420,3
3421,3
3422,3
3423,3
3424,3
3425,3
3426,3
3427,3
3428,3
3429,3
3430,3
3431,3
3432,3
3433,3
3434,3
3435,3
3436,3
3437,3
3438,3
3439,3
3440,3
3441,3
3442,3
3443,3
3444,3
3445,3
3446,3
3447,3
3448,3
3449,3
3450,3
3451,3
3452,3
3453,3
3454,3
3455,3
3456,3
3457,3
3458,3
3459,3
3460,3
3461,3
3462,3
3463,3
3464,3
3465,3
3466,3
3467,3
3468,3
3469,3
3470,3
3471,3
3472,3
3473,3
3474,3
3475,3
3476,3
3477,3
3478,3
3479,3
3480,3
3481,3
3482,3
3483,3
3484,3
3485,3
3486,2
3487,3
3488,3
3489,3
3490,2
3491,3
3492,3
3493,2
3494,3
3495,3
3496,3
3497,3
3498,3
3499,3
3500,3
3501,3
3502,3
3503,3
3504,3
3505,3
3506,3
3507,3
3508,3
3509,3
3510,3
3511,3
3512,3
3513,2
3514,3
3515,3
3516,3
3517,3
3518,3
3519,3
3520,3
3521,3
3522,3
3523,3
3524,3
3525,3
3526,3
3527,3
3528,3
3529,2
3530,3
3531,3
3532,3
3533,3
3534,3
3535,3
3536,3
3537,3
3538,3
3539,3
3540,3
3541,3
3542,3
3543,3
3544,3
3545,3
3546,3
3547,3
3548,3
3549,3
3550,3
3551,3
3552,3
3553,3
3554,3
3555,3
3556,3
3557,3
3558,3
3559,3
3560,3
3561,3
3562,3
3563,3
3564,3
3565,3
3566,3
3567,3
3568,3
3569,3
3570,3
3571,3
3572,3
3573,3
3574,3
3575,2
3576,3
3577,3
3578,3
3579,3
3580,3
3581,3
3582,2
3583,2
3584,2
3585,2
3586,3
3587,3
3588,3
3589,2
3590,2
3591,2
3592,2
3593,3
3594,3
3595,3
3596,3
3597,3
3598,3
3599,3
3600,2
3601,2
3602,2
3603,3
3604,3
3605,3
3606,3
3607,2
3608,2
3609,3
3610,3
3611,3
3612,3
3613,3
3614,2
3615,3
3616,2
3617,3
3618,2
3619,3
3620,3
3621,3
3622,3
3623,3
3624,3
3625,3
3626,3
3627,3
3628,3
3629,3
3630,3
3631,3
3632,3
3633,3
3634,3
3635,3
3636,3
3637,3
3638,3
3639,3
3640,3
3641,3
3642,3
3643,3
3644,3
3645,3
3646,3
3647,3
3648,3
3649,3
3650,3
3651,3
3652,3
3653,3
3654,3
3655,3
3656,3
3657,3
3658,3
3659,3
3660,3
3661,3
3662,3
3663,3
3664,3
3665,3
3666,3
3667,3
3668,3
3669,3
3670,3
3671,3
3672,3
3673,3
3674,3
3675,3
3676,3
3677,3
3678,3
3679,3
3680,3
3681,3
3682,3
3683,3
3684,3
3685,3
3686,3
3687,3
3688,3
3689,3
3690,3
3691,3
3692,3
3693,3
3694,3
3695,3
3696,3
3697,3
3698,3
3699,3
3700,3
3701,3
3702,3
3703,3
3704,3
3705,3
3706,3
3707,3
3708,3
3709,3
3710,3
3711,3
3712,3
3713,3
3714,3
3715,3
3716,3
3717,3
3718,3
3719,3
3720,3
3721,3
3722,3
3723,3
3724,3
3725,3
3726,3
3727,3
3728,3
3729,3
3730,3
3731,3
3732,3
3733,3
3734,3
3735,3
3736,3
3737,3
3738,3
3739,3
3740,3
3741,3
3742,3
3743,3
3744,3
3745,3
3746,3
3747,3
3748,3
3749,3
3750,3
3751,3
3752,3
3753,3
3754,3
3755,3
3756,3
3757,3
3758,3
3759,3
3760,3
3761,3
3762,3
3763,3
3764,3
3765,3
3766,3
3767,3
3768,3
3769,3
3770,3
3771,3
3772,3
3773,3
3774,3
3775,3
3776,3
3777,3
3778,3
3779,3
3780,3
3781,3
3782,3
3783,3
3784,3
3785,3
3786,3
3787,3
3788,3
3789,3
3790,3
3791,3
3792,3
3793,3
3794,3
3795,3
3796,3
3797,3
3798,3
3799,3
3800,3
3801,3
3802,3
3803,3
3804,3
3805,3
3806,3
3807,3
3808,3
3809,3
3810,3
3811,3
3812,3
3813,3
3814,3
3815,3
3816,3
3817,3
3818,3
3819,3
3820,3
3821,3
3822,3
3823,3
3824,3
3825,3
3826,3
3827,3
3828,3
3829,3
3830,3
3831,3
3832,3
3833,3
3834,3
3835,3
3836,3
3837,3
3838,3
3839,3
3840,3
3841,3
3842,3
3843,3
3844,3
3845,3
3846,3
3847,3
3848,3
3849,3
3850,3
3851,3
3852,3
3853,3
3854,3
3855,3
3856,3
3857,3
3858,3
3859,3
3860,3
3861,3
3862,3
3863,3
3864,3
3865,3
3866,3
3867,3
3868,3
3869,3
3870,3
3871,3
3872,3
3873,3
3874,3
3875,3
3876,3
3877,3
3878,3
3879,3
3880,3
3881,3
3882,3
3883,3
3884,3
3885,3
3886,3
3887,3
3888,3
3889,3
3890,3
3891,3
3892,3
3893,3
3894,3
3895,3
3896,3
3897,3
3898,3
3899,3
3900,3
3901,3
3902,3
3903,3
3904,3
3905,3
3906,3
3907,3
3908,3
3909,3
3910,3
3911,3
3912,3
3913,3
3914,3
3915,3
3916,3
3917,3
3918,3
3919,3
3920,3
3921,3
3922,3
3923,3
3924,3
3925,3
3926,3
3927,3
3928,3
3929,3
3930,3
3931,3
3932,3
3933,3
3934,3
3935,3
3936,3
3937,3
3938,3
3939,3
3940,3
3941,3
3942,3
3943,3
3944,3
3945,3
3946,3
3947,3
3948,3
3949,3
3950,3
3951,3
3952,3
3953,3
3954,3
3955,3
3956,3
3957,3
3958,3
3959,3
3960,3
3961,3
3962,3
3963,3
3964,3
3965,3
3966,3
3967,3
3968,3
3969,2
3970,3
3971,3
3972,2
3973,3
3974,3
3975,2
3976,3
3977,3
3978,3
3979,2
3980,2
3981,2
3982,3
3983,3
3984,3
3985,3
3986,3
3987,3
3988,3
3989,3
3990,3
3991,3
3992,3
3993,3
3994,3
3995,3
3996,3
3997,3
3998,3
3999,3
4000,3
4001,3
4002,3
4003,3
4004,3
4005,3
4006,3
4007,3
4008,3
4009,3
4010,3
4011,3
4012,3
4013,3
4014,3
4015,3
4016,3
4017,3
4018,3
4019,3
4020,3
4021,3
4022,3
4023,3
4024,3
4025,3
4026,3
4027,3
4028,3
4029,3
4030,3
4031,3
4032,3
4033,3
4034,3
4035,2
4036,3
4037,3
4038,2
4039,2
4040,3
4041,3
4042,2
4043,2
4044,2
4045,2
4046,3
4047,3
4048,3
4049,3
4050,3
4051,3
4052,3
4053,3
4054,3
4055,3
4056,3
4057,3
4058,3
4059,3
4060,3
4061,3
4062,3
4063,2
4064,3
4065,2
4066,2
4067,2
4068,3
4069,3
4070,3
4071,3
4072,2
4073,3
4074,2
4075,2
4076,2
4077,2
4078,2
4079,3
4080,3
4081,3
4082,3
4083,3
4084,3
4085,3
4086,3
4087,3
4088,3
4089,3
4090,3
4091,3
4092,3
4093,3
4094,3
4095,3
4096,3
4097,3
4098,3
4099,3
4100,3
4101,3
4102,3
4103,3
4104,3
4105,3
4106,3
4107,3
4108,3
4109,3
4110,3
4111,3
4112,3
4113,3
4114,3
4115,3
4116,3
4117,3
4118,3
4119,3
4120,3
4121,3
4122,3
4123,3
4124,3
4125,3
4126,3
4127,3
4128,3
4129,3
4130,3
4131,3
4132,3
4133,3
4134,3
4135,3
4136,3
4137,3
4138,3
4139,3
4140,3
4141,3
4142,3
4143,3
4144,3
4145,3
4146,3
4147,3
4148,3
4149,3
4150,3
4151,3
4152,3
4153,3
4154,3
4155,3
4156,3
4157,3
4158,3
4159,3
4160,3
4161,3
4162,3
4163,3
4164,3
4165,3
4166,3
4167,2
4168,2
4169,2
4170,2
4171,2
4172,2
4173,2
4174,2
4175,2
4176,2
4177,3
4178,3
4179,2
4180,3
4181,2
4182,3
4183,3
4184,3
4185,3
4186,3
4187,3
4188,3
4189,3
4190,3
4191,3
4192,3
4193,3
4194,3
4195,3
4196,3
4197,3
4198,3
4199,3
4200,3
4201,3
4202,3
4203,3
4204,3
4205,3
4206,3
4207,3
4208,3
4209,3
4210,3
4211,3
4212,3
4213,3
4214,3
4215,3
4216,3
4217,3
4218,3
4219,3
4220,3
4221,3
4222,3
4223,3
4224,3
4225,3
4226,3
4227,3
4228,3
4229,3
4230,3
4231,3
4232,3
4233,3
4234,3
4235,3
4236,3
4237,3
4238,3
4239,3
4240,3
4241,3
4242,3
4243,3
4244,3
4245,3
4246,3
4247,3
4248,3
4249,3
4250,3
4251,3
4252,3
4253,3
4254,3
4255,3
4256,3
4257,3
4258,3
4259,3
4260,3
4261,2
4262,3
4263,3
4264,3
4265,2
4266,3
4267,3
4268,3
4269,2
4270,3
4271,3
4272,3
4273,3
4274,3
4275,3
4276,3
4277,3
4278,3
4279,2
4280,3
4281,3
4282,3
4283,2
4284,3
4285,3
4286,3
4287,3
4288,3
4289,3
4290,3
4291,3
4292,3
4293,3
4294,3
4295,3
4296,3
4297,3
4298,3
4299,3
4300,3
4301,3
4302,3
4303,3
4304,3
4305,3
4306,3
4307,3
4308,3
4309,3
4310,3
4311,3
4312,3
4313,3
4314,3
4315,3
4316,3
4317,3
4318,3
4319,3
4320,3
4321,3
4322,3
4323,3
4324,3
4325,3
4326,3
4327,3
4328,3
4329,3
4330,3
4331,3
4332,3
4333,3
4334,3
4335,3
4336,3
4337,3
4338,3
4339,3
4340,3
4341,3
4342,3
4343,3
4344,3
4345,3
4346,3
4347,3
4348,3
4349,3
4350,3
4351,3
4352,3
4353,3
4354,3
4355,3
4356,3
4357,3
4358,3
4359,3
4360,3
4361,3
4362,3
4363,3
4364,3
4365,3
4366,3
4367,3
4368,3
4369,3
4370,3
4371,3
4372,3
4373,3
4374,3
4375,3
4376,3
4377,3
4378,3
4379,3
4380,3
4381,3
4382,3
4383,3
4384,3
4385,3
4386,3
4387,3
4388,3
4389,3
4390,3
4391,3
4392,3
4393,3
4394,3
4395,3
4396,3
4397,3
4398,3
4399,3
4400,3
4401,3
4402,3
4403,3
4404,3
4405,3
4406,3
4407,3
4408,3
4409,3
4410,3
4411,3
4412,3
4413,3
4414,3
4415,3
4416,3
4417,3
4418,3
4419,3
4420,3
4421,3
4422,3
4423,3
4424,3
4425,3
4426,3
4427,3
4428,3
4429,3
4430,3
4431,3
4432,3
4433,3
4434,3
4435,3
4436,3
4437,3
4438,3
4439,3
4440,3
4441,3
4442,3
4443,3
4444,3
4445,3
4446,3
4447,3
4448,3
4449,3
4450,3
4451,3
4452,3
4453,3
4454,3
4455,3
4456,3
4457,3
4458,3
4459,3
4460,3
4461,3
4462,3
4463,3
4464,3
4465,3
4466,3
4467,3
4468,3
4469,3
4470,3
4471,3
4472,3
4473,3
4474,3
4475,3
4476,3
4477,3
4478,3
4479,3
4480,3
4481,3
4482,3
4483,3
4484,3
4485,3
4486,3
4487,3
4488,3
4489,3
4490,3
4491,3
4492,3
4493,3
4494,3
4495,3
4496,3
4497,3
4498,3
4499,3
4500,3
4501,3
4502,3
4503,3
4504,3
4505,3
4506,3
4507,3
4508,3
4509,3
4510,3
4511,3
4512,3
4513,3
4514,3
4515,3
4516,3
4517,3
4518,3
4519,3
4520,3
4521,3
4522,3
4523,3
4524,3
4525,3
4526,3
4527,3
4528,3
4529,3
4530,3
4531,3
4532,3
4533,3
4534,3
4535,3
4536,3
4537,3
4538,3
4539,3
4540,3
4541,3
4542,3
4543,3
4544,3
4545,3
4546,3
4547,3
4548,3
4549,3
4550,3
4551,3
4552,3
4553,3
4554,3
4555,3
4556,3
4557,3
4558,3
4559,3
4560,3
4561,3
4562,3
4563,3
4564,3
4565,3
4566,3
4567,3
4568,3
4569,3
4570,3
4571,3
4572,3
4573,3
4574,3
4575,3
4576,3
4577,3
4578,3
4579,3
4580,3
4581,3
4582,3
4583,3
4584,3
4585,3
4586,3
4587,3
4588,3
4589,3
4590,3
4591,3
4592,3
4593,3
4594,3
4595,3
4596,3
4597,3
4598,3
4599,3
4600,3
4601,3
4602,3
4603,3
4604,3
4605,3
4606,3
4607,3
4608,3
4609,3
4610,3
4611,3
4612,3
4613,3
4614,3
4615,3
4616,3
4617,3
4618,3
4619,3
4620,3
4621,3
4622,3
4623,3
4624,3
4625,3
4626,3
4627,3
4628,3
4629,3
4630,3
4631,3
4632,3
4633,3
4634,3
4635,3
4636,3
4637,3
4638,3
4639,3
4640,3
4641,3
4642,3
4643,3
4644,3
4645,3
4646,3
4647,3
4648,3
4649,3
4650,3
4651,3
4652,3
4653,3
4654,3
4655,3
4656,3
4657,3
4658,2
4659,3
4660,3
4661,3
4662,3
4663,3
4664,3
4665,3
4666,3
4667,3
4668,3
4669,3
4670,3
4671,3
4672,3
4673,3
4674,3
4675,3
4676,3
4677,3
4678,3
4679,3
4680,3
4681,3
4682,3
4683,3
4684,3
4685,3
4686,3
4687,3
4688,3
4689,3
4690,3
4691,3
4692,3
4693,3
4694,3
4695,3
4696,3
4697,3
4698,3
4699,3
4700,3
4701,3
4702,3
4703,3
4704,3
4705,3
4706,3
4707,3
4708,3
4709,3
4710,3
4711,3
4712,3
4713,3
4714,3
4715,3
4716,3
4717,3
4718,3
4719,3
4720,3
4721,3
4722,3
4723,3
4724,3
4725,3
4726,3
4727,3
4728,3
4729,3
4730,3
4731,3
4732,3
4733,3
4734,3
4735,3
4736,3
4737,3
4738,3
4739,3
4740,3
4741,3
4742,3
4743,3
4744,3
4745,3
4746,3
4747,3
4748,3
4749,3
4750,3
4751,3
4752,3
4753,3
4754,3
4755,3
4756,3
4757,3
4758,3
4759,3
4760,3
4761,3
4762,3
4763,3
4764,3
4765,3
4766,3
4767,3
4768,3
4769,3
4770,3
4771,3
4772,3
4773,3
4774,3
4775,3
4776,3
4777,3
4778,3
4779,3
4780,3
4781,3
4782,3
4783,3
4784,3
4785,3
4786,3
4787,3
4788,3
4789,3
4790,3
4791,3
4792,3
4793,3
4794,3
4795,3
4796,3
4797,3
4798,3
4799,3
4800,3
4801,3
4802,3
4803,3
4804,3
4805,3
4806,3
4807,3
4808,3
4809,3
4810,3
4811,3
4812,3
4813,3
4814,3
4815,3
4816,3
4817,3
4818,3
4819,3
4820,3
4821,3
4822,3
4823,3
4824,3
4825,3
4826,3
4827,3
4828,3
4829,3
4830,3
4831,3
4832,3
4833,3
4834,3
4835,3
4836,3
4837,3
4838,3
4839,3
4840,3
4841,3
4842,3
4843,3
4844,3
4845,3
4846,3
4847,3
4848,3
4849,3
4850,3
4851,3
4852,3
4853,3
4854,3
4855,3
4856,3
4857,3
4858,3
4859,3
4860,3
4861,3
4862,3
4863,3
4864,3
4865,3
4866,3
4867,3
4868,3
4869,3
4870,3
4871,3
4872,3
4873,3
4874,3
4875,3
4876,3
4877,3
4878,3
4879,3
4880,3
4881,3
4882,3
4883,3
4884,3
4885,3
4886,3
4887,3
4888,3
4889,3
4890,3
4891,3
4892,3
4893,3
4894,3
4895,3
4896,3
4897,3
4898,3
4899,3
4900,3
4901,3
4902,3
4903,3
4904,3
4905,3
4906,3
4907,3
4908,3
4909,3
4910,3
4911,3
4912,3
4913,3
4914,3
4915,3
4916,3
4917,3
4918,3
4919,3
4920,3
4921,3
4922,3
4923,3
4924,3
4925,3
4926,3
4927,3
4928,3
4929,3
4930,3
4931,3
4932,3
4933,3
4934,3
4935,3
4936,3
4937,3
4938,3
4939,3
4940,3
4941,3
4942,3
4943,3
4944,3
4945,3
4946,3
4947,3
4948,3
4949,3
4950,3
4951,3
4952,3
4953,3
4954,3
4955,3
4956,3
4957,3
4958,3
4959,3
4960,3
4961,3
4962,3
4963,3
4964,3
4965,3
4966,3
4967,3
4968,3
4969,3
4970,3
4971,3
4972,3
4973,3
4974,3
4975,3
4976,3
4977,3
4978,3
4979,3
4980,3
4981,3
4982,3
4983,3
4984,3
4985,3
4986,3
4987,3
4988,3
4989,3
4990,3
4991,3
4992,3
4993,3
4994,3
4995,3
4996,3
4997,3
4998,3
4999,3
5000,3
5001,3
5002,3
5003,3
5004,3
5005,3
5006,3
5007,3
5008,3
5009,3
5010,3
5011,3
5012,3
5013,3
5014,3
5015,3
5016,3
5017,3
5018,3
5019,3
5020,3
5021,3
5022,3
5023,3
5024,3
5025,3
5026,3
5027,3
5028,3
5029,3
5030,3
5031,3
5032,3
5033,3
5034,3
5035,3
5036,3
5037,3
5038,3
5039,3
5040,3
5041,3
5042,3
5043,3
5044,3
5045,3
5046,3
5047,3
5048,3
5049,3
5050,3
5051,3
5052,3
5053,3
5054,3
5055,3
5056,3
5057,3
5058,3
5059,3
5060,3
5061,3
5062,3
5063,3
5064,3
5065,3
5066,3
5067,3
5068,3
5069,3
5070,3
5071,3
5072,3
5073,3
5074,3
5075,3
5076,3
5077,3
5078,3
5079,3
5080,2
5081,3
5082,3
5083,3
5084,3
5085,3
5086,3
5087,3
5088,3
5089,3
5090,3
5091,3
5092,3
5093,3
5094,3
5095,3
5096,3
5097,3
5098,3
5099,3
5100,3
5101,3
5102,3
5103,3
5104,3
5105,3
5106,3
5107,3
5108,3
5109,3
5110,3
5111,3
5112,3
5113,3
5114,3
5115,3
5116,3
5117,3
5118,3
5119,3
5120,3
5121,3
5122,3
5123,3
5124,3
5125,3
5126,3
5127,3
5128,3
5129,3
5130,3
5131,3
5132,3
5133,3
5134,3
5135,3
5136,3
5137,3
5138,3
5139,3
5140,3
5141,3
5142,3
5143,3
5144,3
5145,3
5146,3
5147,3
5148,3
5149,3
5150,3
5151,3
5152,3
5153,3
5154,3
5155,3
5156,3
5157,3
5158,3
5159,3
5160,3
5161,3
5162,3
5163,3
5164,3
5165,3
5166,3
5167,3
5168,3
5169,3
5170,3
5171,3
5172,2
5173,3
5174,3
5175,3
5176,2
5177,3
5178,3
5179,2
5180,2
5181,3
5182,2
5183,3
5184,3
5185,3
5186,3
5187,2
5188,3
5189,3
5190,3
5191,3
5192,3
5193,3
5194,3
5195,3
5196,3
5197,2
5198,3
5199,3
5200,3
5201,3
5202,2
5203,2
5204,2
5205,2
5206,2
5207,2
5208,2
5209,3
5210,3
5211,3
5212,3
5213,3
5214,3
5215,3
5216,3
5217,3
5218,3
5219,3
5220,3
5221,3
5222,3
5223,3
5224,3
5225,3
5226,3
5227,3
5228,3
5229,3
5230,3
5231,3
5232,3
5233,3
5234,3
5235,3
5236,3
5237,3
5238,3
5239,3
5240,2
5241,2
5242,2
5243,2
5244,2
5245,2
5246,2
5247,2
5248,2
5249,3
5250,3
5251,3
5252,3
5253,3
5254,3
5255,3
5256,3
5257,3
5258,3
5259,3
5260,3
5261,3
5262,3
5263,3
5264,3
5265,3
5266,3
5267,3
5268,3
5269,3
5270,3
5271,3
5272,3
5273,3
5274,3
5275,3
5276,3
5277,3
5278,3
5279,3
5280,3
5281,3
5282,3
5283,3
5284,3
5285,3
5286,3
5287,3
5288,3
5289,3
5290,3
5291,3
5292,3
5293,3
5294,3
5295,3
5296,3
5297,3
5298,3
5299,3
5300,3
5301,3
5302,3
5303,3
5304,3
5305,3
5306,3
5307,3
5308,3
5309,3
5310,3
5311,3
5312,3
5313,3
5314,3
5315,3
5316,3
5317,3
5318,3
5319,3
5320,3
5321,3
5322,3
5323,3
5324,3
5325,3
5326,3
5327,3
5328,3
5329,3
5330,3
5331,3
5332,3
5333,3
5334,3
5335,3
5336,3
5337,3
5338,3
5339,3
5340,3
5341,3
5342,3
5343,3
5344,3
5345,3
5346,3
5347,3
5348,3
5349,3
5350,3
5351,3
5352,3
5353,3
5354,3
5355,3
5356,3
5357,3
5358,3
5359,3
5360,3
5361,3
5362,3
5363,3
5364,3
5365,3
5366,3
5367,3
5368,3
5369,3
5370,3
5371,3
5372,3
5373,3
5374,3
5375,3
5376,3
5377,3
5378,3
5379,3
5380,3
5381,3
5382,3
5383,3
5384,3
5385,3
5386,3
5387,3
5388,3
5389,3
5390,3
5391,3
5392,3
5393,3
5394,3
5395,3
5396,3
5397,3
5398,3
5399,3
5400,3
5401,3
5402,3
5403,3
5404,3
5405,3
5406,3
5407,3
5408,3
5409,3
5410,3
5411,3
5412,3
5413,3
5414,3
5415,3
5416,3
5417,3
5418,3
5419,3
5420,3
5421,3
5422,3
5423,3
5424,3
5425,3
5426,3
5427,3
5428,3
5429,3
5430,3
5431,3
5432,3
5433,3
5434,3
5435,3
5436,3
5437,3
5438,3
5439,3
5440,3
5441,3
5442,3
5443,3
5444,3
5445,3
5446,3
5447,3
5448,3
5449,3
5450,3
5451,2
5452,2
5453,2
5454,3
5455,2
5456,3
5457,3
5458,3
5459,3
5460,3
5461,3
5462,3
5463,3
5464,3
5465,3
5466,3
5467,3
5468,3
5469,3
5470,3
5471,3
5472,2
5473,2
5474,3
5475,3
5476,3
5477,3
5478,3
5479,3
5480,3
5481,3
5482,3
5483,3
5484,3
5485,3
5486,3
5487,3
5488,3
5489,3
5490,3
5491,3
5492,3
5493,3
5494,3
5495,3
5496,3
5497,3
5498,3
5499,3
5500,3
5501,3
5502,3
5503,3
5504,3
5505,3
5506,3
5507,3
5508,3
5509,3
5510,3
5511,3
5512,3
5513,3
5514,3
5515,3
5516,3
5517,3
5518,3
5519,3
5520,3
5521,3
5522,3
5523,3
5524,3
5525,3
5526,3
5527,3
5528,3
5529,3
5530,3
5531,3
5532,3
5533,3
5534,3
5535,3
5536,3
5537,3
5538,3
5539,3
5540,3
5541,3
5542,3
5543,3
5544,3
5545,3
5546,3
5547,3
5548,3
5549,3
5550,3
5551,3
5552,3
5553,3
5554,3
5555,3
5556,3
5557,3
5558,3
5559,3
5560,3
5561,3
5562,3
5563,3
5564,3
5565,3
5566,3
5567,3
5568,3
5569,3
5570,3
5571,3
5572,3
5573,3
5574,3
5575,3
5576,3
5577,3
5578,3
5579,3
5580,3
5581,3
5582,3
5583,3
5584,3
5585,3
5586,3
5587,3
5588,3
5589,3
5590,3
5591,3
5592,3
5593,3
5594,3
5595,3
5596,3
5597,3
5598,3
5599,3
5600,3
5601,3
5602,3
5603,3
5604,3
5605,3
5606,3
5607,3
5608,3
5609,3
5610,3
5611,3
5612,3
5613,3
5614,3
5615,3
5616,3
5617,3
5618,3
5619,3
5620,3
5621,3
5622,3
5623,3
5624,3
5625,3
5626,3
5627,3
5628,3
5629,3
5630,3
5631,3
5632,3
5633,3
5634,3
5635,3
5636,3
5637,3
5638,3
5639,3
5640,3
5641,3
5642,3
5643,3
5644,3
5645,3
5646,3
5647,3
5648,3
5649,3
5650,3
5651,3
5652,3
5653,3
5654,3
5655,3
5656,3
5657,3
5658,3
5659,3
5660,3
5661,3
5662,3
5663,3
5664,3
5665,3
5666,3
5667,3
5668,3
5669,3
5670,3
5671,3
5672,3
5673,3
5674,3
5675,3
5676,3
5677,3
5678,3
5679,3
5680,3
5681,3
5682,3
5683,3
5684,3
5685,3
5686,3
5687,3
5688,3
5689,3
5690,3
5691,3
5692,3
5693,3
5694,3
5695,3
5696,3
5697,3
5698,3
5699,3
5700,3
5701,3
5702,3
5703,3
5704,3
5705,3
5706,3
5707,3
5708,3
5709,3
5710,3
5711,3
5712,3
5713,3
5714,3
5715,3
5716,3
5717,3
5718,3
5719,3
5720,3
5721,3
5722,3
5723,3
5724,3
5725,3
5726,3
5727,3
5728,3
5729,3
5730,3
5731,3
5732,3
5733,3
5734,3
5735,3
5736,3
5737,3
5738,3
5739,3
5740,3
5741,3
5742,3
5743,3
5744,3
5745,3
5746,3
5747,3
5748,3
5749,3
5750,3
5751,3
5752,3
5753,3
5754,3
5755,3
5756,3
5757,3
5758,3
5759,3
5760,3
5761,3
5762,3
5763,3
5764,3
5765,3
5766,3
5767,3
5768,3
5769,3
5770,3
5771,3
5772,3
5773,3
5774,3
5775,3
5776,3
5777,3
5778,3
5779,3
5780,3
5781,3
5782,3
5783,3
5784,3
5785,3
5786,3
5787,3
5788,3
5789,3
5790,3
5791,3
5792,3
5793,3
5794,3
5795,3
5796,3
5797,3
5798,3
5799,3
5800,3
5801,3
5802,3
5803,3
5804,3
5805,3
5806,3
5807,3
5808,3
5809,3
5810,3
5811,3
5812,3
5813,3
5814,3
5815,3
5816,3
5817,3
5818,3
5819,3
5820,3
5821,3
5822,3
5823,3
5824,3
5825,3
5826,3
5827,3
5828,3
5829,3
5830,3
5831,3
5832,3
5833,3
5834,3
5835,3
5836,3
5837,3
5838,3
5839,3
5840,3
5841,3
5842,3
5843,3
5844,3
5845,3
5846,3
5847,3
5848,3
5849,3
5850,3
5851,3
5852,3
5853,3
5854,3
5855,3
5856,3
5857,3
5858,3
5859,3
5860,3
5861,3
5862,3
5863,3
5864,3
5865,3
5866,3
5867,3
5868,3
5869,3
5870,3
5871,3
5872,3
5873,3
5874,3
5875,3
5876,3
5877,3
5878,3
5879,3
5880,3
5881,3
5882,3
5883,3
5884,3
5885,3
5886,3
5887,3
5888,3
5889,3
5890,3
5891,3
5892,3
5893,3
5894,3
5895,3
5896,3
5897,3
5898,3
5899,3
5900,3
5901,3
5902,3
5903,3
5904,3
5905,3
5906,3
5907,3
5908,3
5909,3
5910,3
5911,3
5912,3
5913,3
5914,3
5915,3
5916,3
5917,3
5918,3
5919,3
5920,3
5921,3
5922,3
5923,3
5924,3
5925,3
5926,3
5927,3
5928,3
5929,3
5930,3
5931,3
5932,3
5933,3
5934,3
5935,3
5936,3
5937,3
5938,3
5939,3
5940,3
5941,3
5942,3
5943,3
5944,3
5945,3
5946,3
5947,3
5948,3
5949,3
5950,3
5951,3
5952,3
5953,3
5954,3
5955,3
5956,3
5957,3
5958,3
5959,3
5960,3
5961,3
5962,3
5963,3
5964,3
5965,3
5966,3
5967,3
5968,3
5969,3
5970,3
5971,3
5972,3
5973,3
5974,3
5975,3
5976,3
5977,3
5978,3
5979,3
5980,3
5981,3
5982,3
5983,3
5984,3
5985,3
5986,3
5987,3
5988,3
5989,3
5990,3
5991,3
5992,3
5993,3
5994,3
5995,3
5996,3
5997,3
5998,3
5999,3
6000,3
6001,3
6002,3
6003,3
6004,3
6005,3
6006,3
6007,3
6008,3
6009,3
6010,3
6011,3
6012,3
6013,3
6014,3
6015,3
6016,3
6017,3
6018,3
6019,3
6020,3
6021,3
6022,3
6023,3
6024,3
6025,3
6026,3
6027,3
6028,3
6029,3
6030,3
6031,3
6032,3
6033,3
6034,3
6035,3
6036,3
6037,3
6038,3
6039,3
6040,3
6041,3
6042,3
6043,3
6044,3
6045,3
6046,3
6047,3
6048,3
6049,3
6050,3
6051,3
6052,3
6053,3
6054,3
6055,3
6056,3
6057,3
6058,3
6059,3
6060,3
6061,3
6062,3
6063,3
6064,3
6065,3
6066,3
6067,3
6068,3
6069,3
6070,3
6071,3
6072,3
6073,3
6074,3
6075,3
6076,3
6077,3
6078,3
6079,3
6080,3
6081,3
6082,3
6083,3
6084,3
6085,3
6086,3
6087,3
6088,3
6089,3
6090,2
6091,3
6092,3
6093,3
6094,3
6095,3
6096,3
6097,3
6098,3
6099,3
6100,3
6101,3
6102,3
6103,3
6104,3
6105,3
6106,3
6107,3
6108,3
6109,3
6110,3
6111,3
6112,3
6113,3
6114,3
6115,3
6116,3
6117,3
6118,3
6119,3
6120,3
6121,3
6122,3
6123,3
6124,3
6125,3
6126,3
6127,3
6128,3
6129,3
6130,3
6131,3
6132,3
6133,3
6134,3
6135,3
6136,3
6137,3
6138,3
6139,3
6140,3
6141,3
6142,3
6143,3
6144,3
6145,3
6146,3
6147,3
6148,3
6149,3
6150,3
6151,3
6152,3
6153,3
6154,3
6155,3
6156,3
6157,3
6158,3
6159,3
6160,3
6161,3
6162,3
6163,3
6164,3
6165,3
6166,3
6167,3
6168,3
6169,3
6170,3
6171,3
6172,3
6173,3
6174,3
6175,3
6176,3
6177,3
6178,3
6179,3
6180,3
6181,3
6182,3
6183,3
6184,3
6185,3
6186,3
6187,3
6188,3
6189,3
6190,3
6191,3
6192,3
6193,3
6194,3
6195,3
6196,3
6197,3
6198,3
6199,3
6200,3
6201,3
6202,3
6203,3
6204,3
6205,3
6206,3
6207,3
6208,3
6209,3
6210,3
6211,3
6212,3
6213,3
6214,3
6215,3
6216,3
6217,3
6218,3
6219,3
6220,3
6221,3
6222,3
6223,3
6224,3
6225,3
6226,3
6227,3
6228,3
6229,3
6230,3
6231,3
6232,3
6233,3
6234,3
6235,3
6236,3
6237,3
6238,3
6239,3
6240,3
6241,3
6242,3
6243,3
6244,3
6245,3
6246,3
6247,3
6248,3
6249,3
6250,3
6251,3
6252,3
6253,3
6254,3
6255,3
6256,3
6257,3
6258,3
6259,3
6260,3
6261,3
6262,3
6263,3
6264,3
6265,3
6266,3
6267,3
6268,3
6269,3
6270,3
6271,3
6272,3
6273,3
6274,3
6275,3
6276,3
6277,3
6278,3
6279,3
6280,3
6281,3
6282,3
6283,3
6284,3
6285,3
6286,3
6287,3
6288,3
6289,3
6290,3
6291,3
6292,3
6293,3
6294,3
6295,3
6296,3
6297,3
6298,3
6299,3
6300,3
6301,3
6302,3
6303,3
6304,3
6305,3
6306,3
6307,3
6308,3
6309,3
6310,3
6311,3
6312,3
6313,3
6314,3
6315,2
6316,2
6317,3
6318,3
6319,2
6320,2
6321,2
6322,3
6323,3
6324,3
6325,3
6326,3
6327,2
6328,2
6329,2
6330,3
6331,3
6332,3
6333,3
6334,3
6335,3
6336,3
6337,3
6338,3
6339,3
6340,3
6341,3
6342,3
6343,3
6344,3
6345,3
6346,3
6347,3
6348,3
6349,3
6350,3
6351,3
6352,3
6353,3
6354,3
6355,3
6356,3
6357,3
6358,3
6359,3
6360,3
6361,3
6362,3
6363,3
6364,3
6365,3
6366,3
6367,3
6368,3
6369,3
6370,3
6371,3
6372,2
6373,3
6374,3
6375,3
6376,3
6377,3
6378,3
6379,3
6380,3
6381,3
6382,3
6383,3
6384,3
6385,3
6386,3
6387,3
6388,3
6389,3
6390,3
6391,3
6392,3
6393,3
6394,3
6395,3
6396,3
6397,3
6398,3
6399,3
6400,3
6401,3
6402,3
6403,2
6404,2
6405,2
6406,2
6407,3
6408,3
6409,3
6410,3
6411,3
6412,3
6413,3
6414,3
6415,3
6416,3
6417,3
6418,3
6419,3
6420,3
6421,3
6422,3
6423,3
6424,3
6425,3
6426,3
6427,3
6428,3
6429,3
6430,3
6431,3
6432,3
6433,3
6434,3
6435,3
6436,3
6437,3
6438,3
6439,3
6440,3
6441,3
6442,3
6443,3
6444,3
6445,3
6446,3
6447,3
6448,3
6449,3
6450,3
6451,3
6452,3
6453,3
6454,3
6455,3
6456,3
6457,3
6458,3
6459,3
6460,3
6461,3
6462,3
6463,3
6464,3
6465,3
6466,3
6467,3
6468,3
6469,3
6470,3
6471,3
6472,3
6473,3
6474,3
6475,2
6476,2
6477,2
6478,2
6479,3
6480,3
6481,3
6482,3
6483,2
6484,2
6485,3
6486,3
6487,3
6488,3
6489,3
6490,3
6491,3
6492,3
6493,3
6494,3
6495,3
6496,3
6497,3
6498,3
6499,3
6500,2
6501,3
6502,3
6503,3
6504,3
6505,3
6506,3
6507,3
6508,3
6509,3
6510,3
6511,2
6512,2
6513,3
6514,3
6515,3
6516,3
6517,3
6518,3
6519,3
6520,3
6521,3
6522,3
6523,3
6524,3
6525,3
6526,3
6527,3
6528,3
6529,3
6530,3
6531,3
6532,3
6533,3
6534,3
6535,3
6536,3
6537,3
6538,3
6539,3
6540,3
6541,3
6542,3
6543,3
6544,3
6545,3
6546,3
6547,3
6548,3
6549,3
6550,3
6551,3
6552,3
6553,3
6554,3
6555,3
6556,3
6557,3
6558,3
6559,3
6560,3
6561,3
6562,3
6563,3
6564,3
6565,3
6566,3
6567,3
6568,3
6569,3
6570,3
6571,3
6572,3
6573,3
6574,3
6575,3
6576,3
6577,3
6578,3
6579,3
6580,3
6581,3
6582,3
6583,3
6584,3
6585,3
6586,3
6587,3
6588,3
6589,3
6590,3
6591,3
6592,3
6593,3
6594,3
6595,3
6596,3
6597,3
6598,3
6599,3
6600,3
6601,3
6602,3
6603,3
6604,3
6605,3
6606,3
6607,3
6608,3
6609,3
6610,3
6611,3
6612,3
6613,3
6614,3
6615,3
6616,3
6617,3
6618,3
6619,3
6620,3
6621,3
6622,3
6623,3
6624,3
6625,3
6626,3
6627,3
6628,3
6629,3
6630,3
6631,3
6632,3
6633,3
6634,3
6635,3
6636,3
6637,3
6638,3
6639,3
6640,3
6641,3
6642,3
6643,3
6644,3
6645,3
6646,3
6647,3
6648,3
6649,3
6650,3
6651,3
6652,3
6653,3
6654,3
6655,3
6656,3
6657,3
6658,3
6659,3
6660,3
6661,3
6662,3
6663,3
6664,3
6665,3
6666,3
6667,3
6668,3
6669,3
6670,3
6671,3
6672,3
6673,3
6674,3
6675,3
6676,3
6677,3
6678,3
6679,3
6680,3
6681,3
6682,3
6683,3
6684,3
6685,3
6686,3
6687,3
6688,3
6689,3
6690,3
6691,3
6692,3
6693,3
6694,3
6695,3
6696,3
6697,3
6698,3
6699,3
6700,3
6701,3
6702,3
6703,3
6704,3
6705,3
6706,3
6707,3
6708,3
6709,3
6710,3
6711,3
6712,3
6713,3
6714,3
6715,3
6716,3
6717,3
6718,3
6719,3
6720,3
6721,3
6722,3
6723,3
6724,3
6725,3
6726,3
6727,3
6728,3
6729,3
6730,3
6731,3
6732,3
6733,3
6734,3
6735,3
6736,3
6737,3
6738,3
6739,3
6740,3
6741,3
6742,3
6743,3
6744,3
6745,3
6746,3
6747,3
6748,3
6749,3
6750,3
6751,3
6752,3
6753,3
6754,3
6755,3
6756,3
6757,3
6758,3
6759,3
6760,3
6761,3
6762,3
6763,3
6764,3
6765,3
6766,3
6767,3
6768,3
6769,3
6770,3
6771,3
6772,3
6773,3
6774,3
6775,3
6776,3
6777,3
6778,3
6779,3
6780,3
6781,3
6782,3
6783,3
6784,3
6785,3
6786,3
6787,3
6788,3
6789,3
6790,3
6791,3
6792,3
6793,3
6794,3
6795,3
6796,3
6797,3
6798,3
6799,3
6800,3
6801,3
6802,3
6803,3
6804,3
6805,3
6806,3
6807,3
6808,3
6809,3
6810,2
6811,2
6812,2
6813,2
6814,2
6815,3
6816,3
6817,3
6818,2
6819,2
6820,2
6821,2
6822,2
6823,2
6824,2
6825,3
6826,3
6827,3
6828,3
6829,3
6830,3
6831,3
6832,3
6833,3
6834,2
6835,2
6836,2
6837,2
6838,3
6839,3
6840,3
6841,3
6842,3
6843,3
6844,3
6845,3
6846,3
6847,3
6848,3
6849,3
6850,3
6851,3
6852,3
6853,3
6854,3
6855,3
6856,3
6857,3
6858,3
6859,3
6860,3
6861,3
6862,3
6863,3
6864,2
6865,2
6866,3
6867,2
6868,3
6869,2
6870,2
6871,3
6872,3
6873,2
6874,3
6875,3
6876,3
6877,3
6878,3
6879,3
6880,3
6881,3
6882,3
6883,3
6884,3
6885,3
6886,3
6887,3
6888,3
6889,3
6890,3
6891,3
6892,3
6893,3
6894,3
6895,3
6896,3
6897,3
6898,3
6899,3
6900,3
6901,3
6902,3
6903,3
6904,3
6905,3
6906,3
6907,3
6908,3
6909,3
6910,3
6911,3
6912,3
6913,3
6914,3
6915,3
6916,3
6917,3
6918,3
6919,3
6920,3
6921,3
6922,3
6923,3
6924,3
6925,3
6926,3
6927,3
6928,3
6929,3
6930,3
6931,3
6932,3
6933,3
6934,3
6935,3
6936,3
6937,3
6938,3
6939,3
6940,3
6941,3
6942,3
6943,3
6944,3
6945,3
6946,3
6947,3
6948,3
6949,3
6950,3
6951,3
6952,3
6953,3
6954,3
6955,3
6956,3
6957,3
6958,3
6959,3
6960,3
6961,3
6962,3
6963,3
6964,3
6965,3
6966,3
6967,3
6968,3
6969,3
6970,3
6971,3
6972,3
6973,3
6974,3
6975,3
6976,3
6977,3
6978,3
6979,3
6980,3
6981,3
6982,3
6983,3
6984,3
6985,3
6986,3
6987,3
6988,3
6989,3
6990,3
6991,3
6992,3
6993,3
6994,3
6995,3
6996,3
6997,3
6998,3
6999,3
7000,3
7001,3
7002,3
7003,3
7004,3
7005,3
7006,3
7007,3
7008,3
7009,3
7010,3
7011,3
7012,3
7013,3
7014,3
7015,3
7016,3
7017,3
7018,3
7019,3
7020,3
7021,3
7022,3
7023,3
7024,3
7025,3
7026,3
7027,3
7028,3
7029,3
7030,3
7031,3
7032,3
7033,3
7034,3
7035,3
7036,3
7037,3
7038,3
7039,3
7040,3
7041,3
7042,3
7043,3
7044,3
7045,3
7046,3
7047,3
7048,3
7049,3
7050,3
7051,3
7052,3
7053,3
7054,3
7055,3
7056,3
7057,3
7058,3
7059,3
7060,3
7061,3
7062,3
7063,3
7064,3
7065,3
7066,3
7067,3
7068,3
7069,3
7070,3
7071,3
7072,3
7073,3
7074,3
7075,3
7076,3
7077,3
7078,3
7079,3
7080,3
7081,3
7082,3
7083,3
7084,3
7085,3
7086,3
7087,3
7088,3
7089,3
7090,3
7091,3
7092,3
7093,3
7094,3
7095,3
7096,3
7097,3
7098,3
7099,3
7100,3
7101,3
7102,3
7103,3
7104,3
7105,3
7106,3
7107,3
7108,3
7109,3
7110,3
7111,3
7112,3
7113,3
7114,3
7115,3
7116,3
7117,3
7118,3
7119,3
7120,3
7121,3
7122,3
7123,3
7124,3
7125,3
7126,3
7127,3
7128,3
7129,3
7130,3
7131,2
7132,3
7133,3
7134,3
7135,3
7136,3
7137,3
7138,3
7139,3
7140,3
7141,3
7142,3
7143,3
7144,3
7145,3
7146,3
7147,3
7148,3
7149,3
7150,3
7151,3
7152,3
7153,3
7154,3
7155,3
7156,3
7157,3
7158,3
7159,3
7160,3
7161,3
7162,3
7163,3
7164,3
7165,3
7166,3
7167,3
7168,3
7169,3
7170,3
7171,3
7172,3
7173,3
7174,3
7175,3
7176,3
7177,3
7178,3
7179,3
7180,3
7181,3
7182,3
7183,3
7184,3
7185,3
7186,2
7187,3
7188,3
7189,3
7190,3
7191,3
7192,3
7193,3
7194,3
7195,3
7196,3
7197,3
7198,3
7199,3
7200,3
7201,3
7202,3
7203,3
7204,3
7205,3
7206,3
7207,3
7208,3
7209,3
7210,3
7211,3
7212,3
7213,3
7214,3
7215,3
7216,3
7217,3
7218,3
7219,3
7220,3
7221,3
7222,3
7223,3
7224,3
7225,3
7226,3
7227,3
7228,3
7229,3
7230,3
7231,3
7232,3
7233,3
7234,3
7235,3
7236,3
7237,3
7238,3
7239,3
7240,3
7241,3
7242,3
7243,3
7244,3
7245,3
7246,3
7247,3
7248,3
7249,3
7250,3
7251,3
7252,3
7253,3
7254,3
7255,3
7256,3
7257,3
7258,3
7259,3
7260,3
7261,3
7262,3
7263,3
7264,3
7265,3
7266,3
7267,3
7268,3
7269,3
7270,3
7271,3
7272,3
7273,3
7274,3
7275,3
7276,3
7277,3
7278,3
7279,3
7280,3
7281,3
7282,3
7283,3
7284,3
7285,3
7286,3
7287,3
7288,3
7289,3
7290,3
7291,3
7292,3
7293,3
7294,3
7295,3
7296,3
7297,3
7298,3
7299,3
7300,3
7301,3
7302,3
7303,3
7304,3
7305,3
7306,3
7307,3
7308,3
7309,3
7310,3
7311,3
7312,3
7313,3
7314,3
7315,3
7316,3
7317,3
7318,3
7319,3
7320,3
7321,3
7322,3
7323,3
7324,3
7325,3
7326,3
7327,3
7328,3
7329,3
7330,3
7331,3
7332,3
7333,3
7334,3
7335,3
7336,3
7337,3
7338,3
7339,3
7340,3
7341,3
7342,3
7343,3
7344,3
7345,3
7346,2
7347,3
7348,3
7349,3
7350,3
7351,3
7352,3
7353,3
7354,3
7355,3
7356,3
7357,3
7358,3
7359,3
7360,3
7361,3
7362,3
7363,3
7364,3
7365,3
7366,3
7367,3
7368,3
7369,3
7370,3
7371,3
7372,3
7373,3
7374,3
7375,3
7376,3
7377,3
7378,3
7379,3
7380,3
7381,3
7382,3
7383,3
7384,3
7385,3
7386,3
7387,3
7388,3
7389,3
7390,3
7391,3
7392,3
7393,3
7394,3
7395,3
7396,3
7397,3
7398,3
7399,3
7400,3
7401,3
7402,3
7403,3
7404,3
7405,3
7406,3
7407,3
7408,3
7409,3
7410,3
7411,3
7412,3
7413,3
7414,3
7415,3
7416,3
7417,3
7418,3
7419,3
7420,3
7421,3
7422,3
7423,3
7424,3
7425,3
7426,3
7427,3
7428,3
7429,3
7430,3
7431,3
7432,3
7433,3
7434,3
7435,3
7436,3
7437,3
7438,3
7439,3
7440,3
7441,3
7442,3
7443,3
7444,3
7445,3
7446,3
7447,3
7448,3
7449,3
7450,3
7451,3
7452,3
7453,3
7454,3
7455,3
7456,3
7457,3
7458,2
7459,2
7460,2
7461,2
7462,2
7463,2
7464,2
7465,3
7466,3
7467,3
7468,3
7469,3
7470,3
7471,3
7472,3
7473,3
7474,3
7475,3
7476,3
7477,3
7478,3
7479,3
7480,3
7481,3
7482,3
7483,3
7484,3
7485,3
7486,3
7487,3
7488,3
7489,3
7490,3
7491,3
7492,3
7493,3
7494,3
7495,3
7496,3
7497,3
7498,3
7499,3
7500,3
7501,3
7502,3
7503,3
7504,3
7505,3
7506,3
7507,3
7508,3
7509,3
7510,3
7511,3
7512,3
7513,3
7514,3
7515,3
7516,3
7517,3
7518,3
7519,3
7520,3
7521,3
7522,3
7523,3
7524,3
7525,3
7526,3
7527,3
7528,3
7529,3
7530,3
7531,3
7532,3
7533,3
7534,3
7535,3
7536,3
7537,3
7538,2
7539,2
7540,3
7541,3
7542,3
7543,3
7544,3
7545,3
7546,3
7547,3
7548,3
7549,3
7550,3
7551,3
7552,3
7553,3
7554,3
7555,3
7556,3
7557,3
7558,3
7559,3
7560,3
7561,3
7562,3
7563,3
7564,3
7565,3
7566,3
7567,3
7568,2
7569,2
7570,2
7571,2
7572,2
7573,2
7574,3
7575,3
7576,3
7577,2
7578,2
7579,2
7580,3
7581,2
7582,2
7583,2
7584,2
7585,2
7586,2
7587,3
7588,3
7589,3
7590,3
7591,3
7592,3
7593,3
7594,3
7595,3
7596,3
7597,3
7598,3
7599,3
7600,3
7601,3
7602,3
7603,3
7604,3
7605,3
7606,3
7607,3
7608,3
7609,3
7610,3
7611,3
7612,3
7613,3
7614,3
7615,3
7616,3
7617,3
7618,3
7619,3
7620,3
7621,3
7622,3
7623,3
7624,3
7625,3
7626,3
7627,3
7628,3
7629,3
7630,3
7631,3
7632,3
7633,3
7634,3
7635,3
7636,3
7637,3
7638,3
7639,3
7640,3
7641,3
7642,3
7643,3
7644,3
7645,3
7646,3
7647,3
7648,3
7649,3
7650,3
7651,3
7652,3
7653,3
7654,3
7655,3
7656,3
7657,3
7658,3
7659,3
7660,3
7661,3
7662,3
7663,3
7664,3
7665,3
7666,3
7667,3
7668,3
7669,3
7670,3
7671,3
7672,3
7673,3
7674,3
7675,3
7676,3
7677,3
7678,3
7679,3
7680,3
7681,3
7682,3
7683,3
7684,3
7685,3
7686,3
7687,3
7688,3
7689,2
7690,2
7691,2
7692,3
7693,3
7694,3
7695,3
7696,3
7697,3
7698,3
7699,3
7700,3
7701,3
7702,3
7703,3
7704,3
7705,3
7706,3
7707,3
7708,3
7709,3
7710,3
7711,3
7712,3
7713,2
7714,2
7715,2
7716,2
7717,2
7718,3
7719,2
7720,3
7721,3
7722,3
7723,3
7724,3
7725,3
7726,3
7727,3
7728,3
7729,3
7730,3
7731,3
7732,3
7733,3
7734,3
7735,3
7736,3
7737,3
7738,3
7739,3
7740,3
7741,3
7742,3
7743,3
7744,3
7745,3
7746,3
7747,3
7748,3
7749,3
7750,3
7751,3
7752,3
7753,3
7754,3
7755,3
7756,3
7757,3
7758,3
7759,3
7760,3
7761,3
7762,3
7763,3
7764,3
7765,3
7766,3
7767,3
7768,3
7769,3
7770,3
7771,3
7772,3
7773,3
7774,3
7775,3
7776,3
7777,3
7778,3
7779,3
7780,3
7781,3
7782,3
7783,3
7784,3
7785,3
7786,3
7787,3
7788,3
7789,3
7790,3
7791,3
7792,3
7793,3
7794,3
7795,3
7796,3
7797,3
7798,3
7799,3
7800,3
7801,3
7802,3
7803,3
7804,3
7805,3
7806,3
7807,3
7808,3
7809,3
7810,3
7811,3
7812,3
7813,3
7814,3
7815,3
7816,3
7817,3
7818,3
7819,3
7820,3
7821,3
7822,3
7823,3
7824,3
7825,3
7826,3
7827,3
7828,3
7829,3
7830,3
7831,3
7832,3
7833,3
7834,3
7835,3
7836,3
7837,3
7838,3
7839,3
7840,3
7841,3
7842,3
7843,3
7844,3
7845,3
7846,3
7847,3
7848,3
7849,3
7850,3
7851,3
7852,3
7853,3
7854,3
7855,3
7856,3
7857,3
7858,3
7859,3
7860,3
7861,3
7862,3
7863,3
7864,3
7865,3
7866,3
7867,3
7868,3
7869,3
7870,3
7871,3
7872,3
7873,3
7874,3
7875,3
7876,3
7877,3
7878,3
7879,3
7880,3
7881,3
7882,3
7883,3
7884,3
7885,3
7886,3
7887,3
7888,3
7889,3
7890,3
7891,3
7892,3
7893,3
7894,3
7895,3
7896,3
7897,3
7898,3
7899,3
7900,3
7901,3
7902,3
7903,3
7904,3
7905,3
7906,3
7907,3
7908,3
7909,3
7910,3
7911,3
7912,3
7913,3
7914,3
7915,3
7916,3
7917,3
7918,3
7919,3
7920,3
7921,3
7922,3
7923,3
7924,3
7925,3
7926,3
7927,3
7928,3
7929,3
7930,3
7931,3
7932,3
7933,3
7934,3
7935,3
7936,3
7937,3
7938,3
7939,3
7940,3
7941,3
7942,3
7943,3
7944,3
7945,3
7946,3
7947,3
7948,3
7949,3
7950,3
7951,3
7952,3
7953,3
7954,3
7955,3
7956,3
7957,3
7958,3
7959,3
7960,3
7961,3
7962,3
7963,3
7964,3
7965,3
7966,3
7967,3
7968,3
7969,3
7970,3
7971,3
7972,3
7973,3
7974,3
7975,3
7976,3
7977,3
7978,3
7979,3
7980,3
7981,3
7982,3
7983,3
7984,3
7985,3
7986,3
7987,3
7988,3
7989,3
7990,3
7991,3
7992,3
7993,3
7994,3
7995,3
7996,3
7997,3
7998,3
7999,3
8000,3
8001,3
8002,3
8003,3
8004,3
8005,3
8006,3
8007,3
8008,3
8009,3
8010,3
8011,3
8012,3
8013,3
8014,3
8015,3
8016,3
8017,3
8018,3
8019,3
8020,3
8021,3
8022,3
8023,3
8024,3
8025,3
8026,3
8027,3
8028,3
8029,3
8030,3
8031,3
8032,3
8033,3
8034,3
8035,3
8036,3
8037,3
8038,3
8039,3
8040,3
8041,3
8042,3
8043,3
8044,3
8045,3
8046,3
8047,3
8048,3
8049,3
8050,3
8051,3
8052,3
8053,3
8054,3
8055,3
8056,3
8057,3
8058,3
8059,3
8060,3
8061,3
8062,3
8063,3
8064,3
8065,3
8066,3
8067,3
8068,3
8069,3
8070,3
8071,3
8072,3
8073,3
8074,3
8075,3
8076,3
8077,3
8078,3
8079,3
8080,3
8081,3
8082,3
8083,3
8084,3
8085,3
8086,3
8087,3
8088,3
8089,3
8090,3
8091,3
8092,3
8093,3
8094,3
8095,3
8096,3
8097,3
8098,3
8099,3
8100,3
8101,3
8102,3
8103,3
8104,3
8105,3
8106,3
8107,3
8108,3
8109,3
8110,3
8111,3
8112,3
8113,3
8114,3
8115,3
8116,3
8117,3
8118,3
8119,3
8120,3
8121,3
8122,3
8123,3
8124,3
8125,3
8126,3
8127,3
8128,3
8129,3
8130,3
8131,3
8132,3
8133,3
8134,3
8135,3
8136,3
8137,3
8138,3
8139,3
8140,3
8141,3
8142,3
8143,3
8144,3
8145,3
8146,3
8147,3
8148,3
8149,3
8150,3
8151,3
8152,3
8153,3
8154,3
8155,3
8156,3
8157,3
8158,3
8159,3
8160,3
8161,3
8162,3
8163,3
8164,3
8165,3
8166,3
8167,3
8168,2
8169,2
8170,3
8171,3
8172,3
8173,3
8174,3
8175,3
8176,3
8177,3
8178,3
8179,3
8180,3
8181,3
8182,3
8183,3
8184,3
8185,3
8186,3
8187,3
8188,3
8189,3
8190,3
8191,3
8192,3
8193,3
8194,3
8195,3
8196,3
8197,3
8198,3
8199,3
8200,3
8201,3
8202,3
8203,3
8204,3
8205,3
8206,3
8207,3
8208,3
8209,3
8210,3
8211,3
8212,3
8213,3
8214,3
8215,3
8216,3
8217,3
8218,3
8219,3
8220,3
8221,3
8222,3
8223,3
8224,3
8225,3
8226,3
8227,3
8228,3
8229,3
8230,3
8231,3
8232,3
8233,3
8234,3
8235,3
8236,3
8237,3
8238,3
8239,3
8240,3
8241,3
8242,3
8243,3
8244,3
8245,3
8246,3
8247,3
8248,3
8249,3
8250,3
8251,3
8252,3
8253,3
8254,3
8255,3
8256,3
8257,3
8258,3
8259,3
8260,3
8261,3
8262,3
8263,3
8264,3
8265,3
8266,3
8267,3
8268,3
8269,3
8270,3
8271,3
8272,3
8273,3
8274,3
8275,3
8276,3
8277,3
8278,3
8279,3
8280,3
8281,3
8282,3
8283,3
8284,3
8285,3
8286,3
8287,3
8288,3
8289,3
8290,3
8291,3
8292,3
8293,3
8294,3
8295,3
8296,3
8297,3
8298,3
8299,3
8300,3
8301,3
8302,3
8303,3
8304,3
8305,3
8306,3
8307,3
8308,3
8309,3
8310,3
8311,3
8312,3
8313,3
8314,3
8315,3
8316,3
8317,3
8318,3
8319,3
8320,3
8321,3
8322,3
8323,3
8324,3
8325,3
8326,3
8327,3
8328,3
8329,3
8330,3
8331,3
8332,3
8333,3
8334,3
8335,3
8336,3
8337,3
8338,3
8339,3
8340,3
8341,3
8342,3
8343,3
8344,3
8345,3
8346,3
8347,3
8348,3
8349,3
8350,3
8351,3
8352,3
8353,3
8354,3
8355,3
8356,3
8357,3
8358,3
8359,3
8360,3
8361,3
8362,3
8363,3
8364,3
8365,3
8366,3
8367,3
8368,3
8369,3
8370,3
8371,3
8372,3
8373,3
8374,3
8375,3
8376,3
8377,3
8378,3
8379,3
8380,3
8381,3
8382,3
8383,3
8384,3
8385,3
8386,3
8387,3
8388,3
8389,3
8390,3
8391,3
8392,3
8393,3
8394,3
8395,3
8396,3
8397,3
8398,3
8399,3
8400,3
8401,3
8402,3
8403,3
8404,3
8405,3
8406,3
8407,3
8408,3
8409,3
8410,3
8411,3
8412,3
8413,3
8414,3
8415,3
8416,3
8417,3
8418,3
8419,3
8420,3
8421,3
8422,3
8423,3
8424,3
8425,3
8426,3
8427,3
8428,3
8429,3
8430,3
8431,3
8432,3
8433,3
8434,3
8435,3
8436,3
8437,3
8438,3
8439,3
8440,3
8441,3
8442,3
8443,3
8444,3
8445,3
8446,3
8447,3
8448,3
8449,3
8450,3
8451,3
8452,3
8453,3
8454,3
8455,3
8456,3
8457,3
8458,3
8459,3
8460,3
8461,3
8462,3
8463,3
8464,3
8465,3
8466,3
8467,3
8468,3
8469,3
8470,3
8471,3
8472,3
8473,3
8474,3
8475,3
8476,3
8477,3
8478,3
8479,3
8480,3
8481,3
8482,3
8483,3
8484,3
8485,3
8486,3
8487,3
8488,3
8489,3
8490,3
8491,3
8492,3
8493,3
8494,3
8495,3
8496,3
8497,3
8498,3
8499,3
8500,3
8501,3
8502,3
8503,3
8504,3
8505,3
8506,3
8507,3
8508,3
8509,3
8510,3
8511,3
8512,3
8513,3
8514,3
8515,3
8516,3
8517,3
8518,3
8519,3
8520,3
8521,3
8522,3
8523,3
8524,3
8525,3
8526,3
8527,3
8528,3
8529,3
8530,3
8531,3
8532,3
8533,3
8534,3
8535,3
8536,3
8537,3
8538,3
8539,3
8540,3
8541,3
8542,3
8543,3
8544,3
8545,3
8546,3
8547,3
8548,3
8549,3
8550,3
8551,3
8552,3
8553,3
8554,3
8555,3
8556,3
8557,3
8558,3
8559,3
8560,3
8561,3
8562,3
8563,3
8564,3
8565,3
8566,3
8567,3
8568,3
8569,3
8570,3
8571,3
8572,3
8573,3
8574,3
8575,3
8576,3
8577,3
8578,3
8579,3
8580,3
8581,3
8582,3
8583,3
8584,3
8585,3
8586,3
8587,3
8588,3
8589,3
8590,3
8591,3
8592,3
8593,3
8594,3
8595,3
8596,3
8597,3
8598,3
8599,3
8600,3
8601,3
8602,3
8603,3
8604,3
8605,3
8606,3
8607,3
8608,3
8609,3
8610,3
8611,3
8612,3
8613,3
8614,3
8615,3
8616,3
8617,3
8618,3
8619,3
8620,3
8621,3
8622,3
8623,3
8624,3
8625,3
8626,3
8627,3
8628,3
8629,3
8630,3
8631,3
8632,3
8633,3
8634,3
8635,3
8636,3
8637,3
8638,3
8639,3
8640,3
8641,3
8642,3
8643,3
8644,3
8645,3
8646,3
8647,3
8648,3
8649,3
8650,3
8651,3
8652,3
8653,3
8654,3
8655,3
8656,3
8657,3
8658,3
8659,3
8660,3
8661,3
8662,3
8663,3
8664,3
8665,3
8666,3
8667,3
8668,3
8669,3
8670,3
8671,3
8672,3
8673,3
8674,3
8675,3
8676,3
8677,3
8678,3
8679,3
8680,3
8681,3
8682,3
8683,3
8684,3
8685,3
8686,3
8687,3
8688,3
8689,3
8690,3
8691,3
8692,3
8693,3
8694,3
8695,3
8696,3
8697,3
8698,3
8699,3
8700,3
8701,3
8702,3
8703,3
8704,3
8705,3
8706,3
8707,3
8708,3
8709,3
8710,3
8711,3
8712,3
8713,3
8714,3
8715,3
8716,3
8717,3
8718,3
8719,3
8720,3
8721,3
8722,3
8723,3
8724,3
8725,3
8726,3
8727,3
8728,3
8729,3
8730,3
8731,3
8732,3
8733,3
8734,3
8735,3
8736,3
8737,3
8738,3
8739,3
8740,3
8741,3
8742,3
8743,3
8744,3
8745,3
8746,3
8747,3
8748,3
8749,3
8750,3
8751,3
8752,3
8753,3
8754,3
8755,3
8756,3
8757,3
8758,3
8759,3
8760,3
8761,3
8762,3
8763,3
8764,3
8765,3
8766,3
8767,3
8768,3
8769,3
8770,3
8771,3
8772,3
8773,3
8774,3
8775,3
8776,3
8777,3
8778,3
8779,3
8780,3
8781,3
8782,3
8783,3
8784,3
8785,3
8786,3
8787,3
8788,3
8789,3
8790,3
8791,3
8792,3
8793,3
8794,3
8795,3
8796,3
8797,3
8798,3
8799,3
8800,3
8801,3
8802,3
8803,3
8804,3
8805,3
8806,3
8807,3
8808,3
8809,3
8810,3
8811,3
8812,3
8813,3
8814,3
8815,3
8816,3
8817,3
8818,3
8819,3
8820,3
8821,3
8822,3
8823,3
8824,3
8825,3
8826,3
8827,3
8828,3
8829,3
8830,3
8831,3
8832,3
8833,3
8834,3
8835,3
8836,3
8837,3
8838,3
8839,3
8840,3
8841,3
8842,3
8843,3
8844,3
8845,3
8846,3
8847,3
8848,3
8849,3
8850,3
8851,3
8852,3
8853,3
8854,3
8855,3
8856,3
8857,3
8858,3
8859,3
8860,3
8861,3
8862,3
8863,3
8864,3
8865,3
8866,3
8867,3
8868,3
8869,3
8870,3
8871,3
8872,3
8873,3
8874,3
8875,3
8876,3
8877,3
8878,3
8879,3
8880,3
8881,3
8882,3
8883,3
8884,3
8885,3
8886,3
8887,3
8888,3
8889,3
8890,3
8891,3
8892,3
8893,3
8894,3
8895,3
8896,3
8897,3
8898,3
8899,3
8900,3
8901,3
8902,3
8903,3
8904,3
8905,3
8906,3
8907,3
8908,3
8909,3
8910,3
8911,3
8912,3
8913,3
8914,3
8915,3
8916,3
8917,3
8918,3
8919,3
8920,3
8921,3
8922,3
8923,3
8924,3
8925,3
8926,3
8927,3
8928,3
8929,3
8930,3
8931,3
8932,3
8933,3
8934,3
8935,3
8936,3
8937,3
8938,3
8939,3
8940,3
8941,3
8942,3
8943,3
8944,3
8945,3
8946,3
8947,3
8948,3
8949,3
8950,3
8951,3
8952,3
8953,3
8954,3
8955,3
8956,3
8957,3
8958,3
8959,3
8960,3
8961,3
8962,3
8963,3
8964,3
8965,3
8966,3
8967,3
8968,3
8969,3
8970,3
8971,3
8972,3
8973,3
8974,3
8975,3
8976,3
8977,3
8978,3
8979,3
8980,3
8981,3
8982,3
8983,3
8984,3
8985,3
8986,3
8987,3
8988,3
8989,3
8990,3
8991,3
8992,3
8993,3
8994,3
8995,3
8996,3
8997,3
8998,3
8999,3
9000,3
9001,3
9002,3
9003,3
9004,3
9005,3
9006,3
9007,3
9008,3
9009,3
9010,3
9011,3
9012,3
9013,3
9014,3
9015,3
9016,3
9017,3
9018,3
9019,3
9020,3
9021,3
9022,3
9023,3
9024,3
9025,3
9026,3
9027,3
9028,3
9029,3
9030,3
9031,3
9032,3
9033,3
9034,3
9035,3
9036,3
9037,3
9038,3
9039,3
9040,3
9041,3
9042,2
9043,3
9044,3
9045,3
9046,2
9047,3
9048,3
9049,3
9050,3
9051,3
9052,3
9053,3
9054,3
9055,3
9056,3
9057,3
9058,3
9059,3
9060,3
9061,3
9062,3
9063,3
9064,3
9065,3
9066,3
9067,3
9068,3
9069,3
9070,3
9071,3
9072,3
9073,3
9074,3
9075,3
9076,3
9077,3
9078,3
9079,3
9080,3
9081,3
9082,3
9083,3
9084,3
9085,3
9086,3
9087,3
9088,3
9089,3
9090,3
9091,3
9092,3
9093,3
9094,3
9095,3
9096,3
9097,3
9098,3
9099,3
9100,3
9101,3
9102,3
9103,3
9104,3
9105,3
9106,3
9107,3
9108,3
9109,3
9110,3
9111,3
9112,3
9113,3
9114,3
9115,3
9116,3
9117,3
9118,3
9119,3
9120,3
9121,3
9122,3
9123,3
9124,3
9125,3
9126,3
9127,3
9128,3
9129,3
9130,3
9131,3
9132,3
9133,3
9134,3
9135,3
9136,3
9137,3
9138,3
9139,3
9140,3
9141,3
9142,3
9143,3
9144,3
9145,3
9146,3
9147,3
9148,3
9149,3
9150,3
9151,3
9152,3
9153,3
9154,3
9155,3
9156,3
9157,3
9158,3
9159,3
9160,3
9161,3
9162,3
9163,3
9164,3
9165,3
9166,3
9167,3
9168,3
9169,3
9170,3
9171,3
9172,3
9173,3
9174,3
9175,3
9176,3
9177,3
9178,3
9179,3
9180,3
9181,3
9182,3
9183,3
9184,3
9185,3
9186,3
9187,3
9188,3
9189,3
9190,3
9191,3
9192,3
9193,3
9194,3
9195,3
9196,3
9197,3
9198,3
9199,3
9200,3
9201,3
9202,3
9203,3
9204,3
9205,3
9206,3
9207,3
9208,3
9209,3
9210,3
9211,3
9212,3
9213,3
9214,3
9215,3
9216,3
9217,3
9218,3
9219,3
9220,3
9221,3
9222,3
9223,3
9224,3
9225,3
9226,3
9227,3
9228,3
9229,3
9230,3
9231,3
9232,3
9233,3
9234,3
9235,3
9236,3
9237,3
9238,3
9239,3
9240,3
9241,3
9242,3
9243,3
9244,3
9245,3
9246,3
9247,3
9248,3
9249,3
9250,3
9251,3
9252,3
9253,3
9254,3
9255,3
9256,3
9257,3
9258,3
9259,3
9260,3
9261,3
9262,3
9263,3
9264,3
9265,3
9266,3
9267,3
9268,3
9269,3
9270,3
9271,3
9272,3
9273,3
9274,3
9275,3
9276,3
9277,3
9278,3
9279,3
9280,3
9281,3
9282,3
9283,3
9284,3
9285,3
9286,3
9287,3
9288,3
9289,3
9290,3
9291,3
9292,3
9293,3
9294,3
9295,3
9296,3
9297,3
9298,3
9299,3
9300,3
9301,3
9302,3
9303,2
9304,3
9305,3
9306,3
9307,3
9308,2
9309,3
9310,2
9311,3
9312,3
9313,2
9314,3
9315,3
9316,3
9317,3
9318,3
9319,3
9320,3
9321,3
9322,2
9323,3
9324,3
9325,2
9326,3
9327,3
9328,3
9329,3
9330,3
9331,3
9332,3
9333,3
9334,3
9335,3
9336,3
9337,3
9338,3
9339,3
9340,3
9341,3
9342,3
9343,3
9344,3
9345,2
9346,3
9347,2
9348,2
9349,3
9350,3
9351,3
9352,3
9353,2
9354,3
9355,3
9356,3
9357,3
9358,3
9359,3
9360,3
9361,3
9362,3
9363,3
9364,3
9365,3
9366,2
9367,3
9368,3
9369,3
9370,3
9371,3
9372,3
9373,3
9374,3
9375,3
9376,3
9377,3
9378,3
9379,3
9380,3
9381,3
9382,3
9383,3
9384,3
9385,2
9386,3
9387,3
9388,3
9389,3
9390,3
9391,3
9392,3
9393,2
9394,3
9395,3
9396,3
9397,3
9398,3
9399,3
9400,3
9401,3
9402,2
9403,3
9404,3
9405,3
9406,3
9407,3
9408,2
9409,3
9410,3
9411,2
9412,3
9413,3
9414,3
9415,3
9416,3
9417,3
9418,3
9419,3
9420,3
9421,3
9422,3
9423,3
9424,3
9425,3
9426,3
9427,3
9428,3
9429,3
9430,3
9431,3
9432,3
9433,3
9434,3
9435,3
9436,3
9437,3
9438,3
9439,3
9440,3
9441,3
9442,3
9443,3
9444,3
9445,3
9446,3
9447,3
9448,3
9449,3
9450,3
9451,3
9452,3
9453,3
9454,3
9455,3
9456,3
9457,3
9458,3
9459,3
9460,3
9461,3
9462,3
9463,3
9464,3
9465,3
9466,3
9467,3
9468,3
9469,3
9470,3
9471,3
9472,3
9473,3
9474,3
9475,3
9476,3
9477,3
9478,3
9479,3
9480,3
9481,3
9482,3
9483,3
9484,3
9485,3
9486,3
9487,3
9488,3
9489,3
9490,3
9491,3
9492,3
9493,3
9494,3
9495,3
9496,3
9497,3
9498,3
9499,3
9500,3
9501,3
9502,3
9503,3
9504,3
9505,3
9506,3
9507,3
9508,3
9509,3
9510,3
9511,3
9512,3
9513,3
9514,3
9515,3
9516,3
9517,3
9518,3
9519,3
9520,3
9521,3
9522,3
9523,3
9524,3
9525,3
9526,3
9527,3
9528,3
9529,3
9530,3
9531,3
9532,3
9533,3
9534,3
9535,3
9536,3
9537,3
9538,3
9539,3
9540,3
9541,3
9542,3
9543,3
9544,3
9545,3
9546,3
9547,3
9548,3
9549,3
9550,3
9551,3
9552,3
9553,3
9554,3
9555,3
9556,3
9557,3
9558,3
9559,3
9560,3
9561,3
9562,3
9563,3
9564,3
9565,3
9566,3
9567,3
9568,3
9569,3
9570,3
9571,3
9572,3
9573,3
9574,3
9575,3
9576,3
9577,3
9578,3
9579,3
9580,3
9581,3
9582,3
9583,3
9584,3
9585,3
9586,3
9587,3
9588,3
9589,3
9590,3
9591,3
9592,3
9593,3
9594,3
9595,3
9596,3
9597,3
9598,3
9599,3
9600,3
9601,3
9602,3
9603,3
9604,3
9605,3
9606,3
9607,3
9608,3
9609,3
9610,3
9611,3
9612,3
9613,3
9614,3
9615,3
9616,3
9617,3
9618,3
9619,3
9620,3
9621,3
9622,3
9623,3
9624,3
9625,3
9626,3
9627,3
9628,3
9629,3
9630,3
9631,3
9632,3
9633,3
9634,3
9635,3
9636,3
9637,3
9638,3
9639,3
9640,3
9641,3
9642,3
9643,3
9644,3
9645,3
9646,3
9647,3
9648,3
9649,3
9650,3
9651,3
9652,3
9653,3
9654,3
9655,3
9656,3
9657,3
9658,3
9659,3
9660,3
9661,3
9662,3
9663,3
9664,3
9665,3
9666,3
9667,3
9668,3
9669,3
9670,3
9671,3
9672,3
9673,3
9674,3
9675,3
9676,3
9677,3
9678,3
9679,3
9680,3
9681,3
9682,3
9683,3
9684,3
9685,3
9686,3
9687,3
9688,3
9689,3
9690,3
9691,3
9692,3
9693,3
9694,3
9695,3
9696,3
9697,3
9698,3
9699,3
9700,3
9701,3
9702,3
9703,3
9704,3
9705,3
9706,3
9707,3
9708,3
9709,3
9710,3
9711,3
9712,3
9713,3
9714,3
9715,3
9716,3
9717,3
9718,3
9719,3
9720,3
9721,3
9722,3
9723,3
9724,3
9725,3
9726,3
9727,3
9728,3
9729,3
9730,3
9731,3
9732,3
9733,3
9734,3
9735,3
9736,3
9737,3
9738,3
9739,3
9740,3
9741,3
9742,3
9743,3
9744,3
9745,3
9746,3
9747,3
9748,3
9749,3
9750,3
9751,3
9752,3
9753,3
9754,3
9755,3
9756,3
9757,3
9758,3
9759,3
9760,3
9761,3
9762,3
9763,3
9764,3
9765,3
9766,3
9767,3
9768,3
9769,3
9770,3
9771,3
9772,3
9773,3
9774,3
9775,3
9776,3
9777,3
9778,3
9779,3
9780,3
9781,3
9782,3
9783,3
9784,3
9785,3
9786,3
9787,3
9788,3
9789,3
9790,3
9791,3
9792,3
9793,3
9794,3
9795,3
9796,3
9797,3
9798,3
9799,3
9800,3
9801,3
9802,3
9803,3
9804,3
9805,3
9806,3
9807,3
9808,3
9809,3
9810,3
9811,3
9812,3
9813,3
9814,3
9815,3
9816,3
9817,3
9818,3
9819,3
9820,3
9821,3
9822,3
9823,3
9824,3
9825,3
9826,3
9827,3
9828,3
9829,3
9830,3
9831,3
9832,3
9833,3
9834,3
9835,3
9836,3
9837,3
9838,3
9839,3
9840,3
9841,3
9842,3
9843,3
9844,3
9845,3
9846,3
9847,3
9848,3
9849,3
9850,3
9851,3
9852,3
9853,3
9854,3
9855,3
9856,3
9857,3
9858,3
9859,3
9860,3
9861,3
9862,3
9863,3
9864,3
9865,3
9866,3
9867,3
9868,3
9869,3
9870,3
9871,3
9872,3
9873,3
9874,3
9875,3
9876,3
9877,3
9878,3
9879,3
9880,3
9881,3
9882,3
9883,3
9884,3
9885,3
9886,3
9887,3
9888,3
9889,3
9890,3
9891,3
9892,3
9893,3
9894,3
9895,3
9896,2
9897,2
9898,3
9899,3
9900,3
9901,3
9902,3
9903,3
9904,3
9905,3
9906,3
9907,3
9908,3
9909,3
9910,3
9911,3
9912,3
9913,3
9914,3
9915,3
9916,3
9917,3
9918,3
9919,3
9920,3
9921,3
9922,3
9923,3
9924,3
9925,3
9926,3
9927,3
9928,3
9929,3
9930,3
9931,3
9932,2
9933,3
9934,3
9935,3
9936,3
9937,3
9938,3
9939,3
9940,3
9941,3
9942,3
9943,3
9944,3
9945,3
9946,3
9947,3
9948,3
9949,3
9950,3
9951,3
9952,3
9953,3
9954,3
9955,3
9956,3
9957,3
9958,3
9959,3
9960,3
9961,2
9962,3
9963,3
9964,3
9965,3
9966,3
9967,3
9968,3
9969,3
9970,3
9971,3
9972,3
9973,3
9974,3
9975,3
9976,3
9977,3
9978,3
9979,3
9980,3
9981,3
9982,3
9983,3
9984,3
9985,3
9986,3
9987,3
9988,3
9989,3
9990,3
9991,3
9992,3
9993,3
9994,3
9995,3
9996,3
9997,3
9998,3
9999,3
10000,3
10001,3
10002,3
10003,3
10004,3
10005,3
10006,3
10007,3
10008,3
10009,3
10010,3
10011,3
10012,3
10013,3
10014,3
10015,3
10016,3
10017,3
10018,3
10019,3
10020,3
10021,3
10022,3
10023,3
10024,3
10025,3
10026,3
10027,3
10028,3
10029,3
10030,3
10031,3
10032,3
10033,3
10034,3
10035,3
10036,3
10037,3
10038,3
10039,3
10040,3
10041,3
10042,3
10043,3
10044,3
10045,3
10046,3
10047,3
10048,3
10049,3
10050,3
10051,3
10052,3
10053,3
10054,3
10055,3
10056,3
10057,3
10058,3
10059,3
10060,3
10061,3
10062,3
10063,3
10064,3
10065,3
10066,3
10067,3
10068,3
10069,3
10070,3
10071,3
10072,3
10073,3
10074,3
10075,3
10076,3
10077,3
10078,3
10079,3
10080,3
10081,3
10082,3
10083,3
10084,3
10085,3
10086,3
10087,3
10088,3
10089,3
10090,3
10091,3
10092,3
10093,3
10094,3
10095,3
10096,3
10097,3
10098,3
10099,3
10100,3
10101,3
10102,3
10103,3
10104,3
10105,3
10106,3
10107,3
10108,3
10109,3
10110,3
10111,3
10112,3
10113,3
10114,3
10115,3
10116,3
10117,3
10118,3
10119,3
10120,3
10121,3
10122,3
10123,3
10124,3
10125,3
10126,3
10127,3
10128,3
10129,3
10130,3
10131,3
10132,3
10133,3
10134,3
10135,3
10136,3
10137,3
10138,3
10139,3
10140,3
10141,3
10142,3
10143,3
10144,3
10145,3
10146,3
10147,3
10148,3
10149,3
10150,3
10151,3
10152,3
10153,3
10154,3
10155,3
10156,3
10157,3
10158,3
10159,3
10160,3
10161,3
10162,3
10163,3
10164,3
10165,3
10166,3
10167,3
10168,3
10169,3
10170,3
10171,3
10172,3
10173,3
10174,3
10175,3
10176,3
10177,3
10178,3
10179,3
10180,3
10181,3
10182,3
10183,3
10184,3
10185,3
10186,3
10187,3
10188,3
10189,3
10190,3
10191,3
10192,3
10193,3
10194,3
10195,3
10196,3
10197,3
10198,3
10199,3
10200,3
10201,3
10202,3
10203,3
10204,3
10205,3
10206,3
10207,3
10208,3
10209,3
10210,3
10211,3
10212,3
10213,3
10214,3
10215,3
10216,3
10217,3
10218,3
10219,3
10220,3
10221,3
10222,3
10223,3
10224,3
10225,3
10226,3
10227,3
10228,3
10229,3
10230,3
10231,3
10232,3
10233,3
10234,3
10235,3
10236,3
10237,3
10238,3
10239,3
10240,3
10241,3
10242,3
10243,3
10244,3
10245,3
10246,3
10247,3
10248,3
10249,3
10250,3
10251,3
10252,3
10253,3
10254,3
10255,3
10256,3
10257,3
10258,3
10259,3
10260,3
10261,3
10262,3
10263,3
10264,3
10265,3
10266,3
10267,3
10268,3
10269,3
10270,3
10271,3
10272,3
10273,3
10274,3
10275,3
10276,3
10277,3
10278,3
10279,3
10280,3
10281,3
10282,3
10283,3
10284,3
10285,3
10286,3
10287,3
10288,3
10289,3
10290,3
10291,3
10292,3
10293,3
10294,3
10295,3
10296,3
10297,3
10298,3
10299,3
10300,3
10301,3
10302,3
10303,3
10304,3
10305,3
10306,3
10307,3
10308,3
10309,3
10310,3
10311,3
10312,3
10313,3
10314,3
10315,3
10316,2
10317,2
10318,3
10319,3
10320,3
10321,3
10322,2
10323,3
10324,2
10325,2
10326,3
10327,3
10328,2
10329,3
10330,3
10331,3
10332,3
10333,3
10334,3
10335,3
10336,3
10337,3
10338,3
10339,3
10340,3
10341,3
10342,3
10343,3
10344,3
10345,3
10346,3
10347,3
10348,3
10349,3
10350,3
10351,3
10352,3
10353,3
10354,3
10355,3
10356,3
10357,3
10358,3
10359,3
10360,3
10361,3
10362,3
10363,3
10364,3
10365,3
10366,3
10367,3
10368,3
10369,3
10370,3
10371,3
10372,3
10373,3
10374,3
10375,3
10376,3
10377,3
10378,3
10379,3
10380,3
10381,3
10382,3
10383,3
10384,3
10385,3
10386,3
10387,3
10388,3
10389,3
10390,3
10391,3
10392,3
10393,3
10394,3
10395,3
10396,3
10397,3
10398,3
10399,3
10400,3
10401,3
10402,2
10403,3
10404,2
10405,3
10406,3
10407,3
10408,3
10409,3
10410,3
10411,2
10412,2
10413,3
10414,2
10415,3
10416,3
10417,2
10418,3
10419,2
10420,2
10421,2
10422,2
10423,2
10424,3
10425,2
10426,3
10427,3
10428,2
10429,2
10430,3
10431,3
10432,3
10433,3
10434,3
10435,2
10436,3
10437,2
10438,2
10439,3
10440,2
10441,2
10442,3
10443,2
10444,3
10445,2
10446,3
10447,3
10448,3
10449,3
10450,3
10451,3
10452,3
10453,3
10454,2
10455,2
10456,3
10457,2
10458,2
10459,2
10460,2
10461,2
10462,2
10463,3
10464,3
10465,3
10466,3
10467,3
10468,3
10469,3
10470,3
10471,3
10472,3
10473,3
10474,3
10475,3
10476,3
10477,3
10478,3
10479,3
10480,3
10481,3
10482,3
10483,3
10484,3
10485,3
10486,3
10487,3
10488,3
10489,3
10490,3
10491,3
10492,3
10493,3
10494,3
10495,3
10496,3
10497,3
10498,3
10499,3
10500,3
10501,3
10502,3
10503,3
10504,3
10505,3
10506,3
10507,3
10508,2
10509,2
10510,2
10511,3
10512,3
10513,3
10514,3
10515,3
10516,3
10517,3
10518,3
10519,3
10520,3
10521,3
10522,3
10523,3
10524,3
10525,3
10526,3
10527,3
10528,3
10529,3
10530,3
10531,3
10532,3
10533,3
10534,3
10535,3
10536,3
10537,3
10538,3
10539,3
10540,3
10541,3
10542,3
10543,3
10544,3
10545,3
10546,3
10547,3
10548,3
10549,3
10550,3
10551,3
10552,3
10553,3
10554,3
10555,3
10556,3
10557,3
10558,3
10559,3
10560,3
10561,3
10562,3
10563,3
10564,3
10565,3
10566,3
10567,3
10568,3
10569,3
10570,3
10571,3
10572,3
10573,3
10574,3
10575,3
10576,3
10577,3
10578,3
10579,3
10580,3
10581,3
10582,3
10583,3
10584,3
10585,3
10586,3
10587,3
10588,3
10589,3
10590,3
10591,3
10592,3
10593,3
10594,3
10595,3
10596,3
10597,3
10598,3
10599,3
10600,3
10601,3
10602,3
10603,3
10604,3
10605,3
10606,3
10607,3
10608,3
10609,3
10610,3
10611,3
10612,3
10613,3
10614,3
10615,3
10616,3
10617,3
10618,3
10619,3
10620,3
10621,3
10622,3
10623,3
10624,3
10625,3
10626,3
10627,3
10628,3
10629,3
10630,3
10631,3
10632,3
10633,3
10634,3
10635,3
10636,3
10637,3
10638,3
10639,3
10640,3
10641,3
10642,3
10643,3
10644,3
10645,3
10646,3
10647,3
10648,3
10649,3
10650,3
10651,3
10652,3
10653,3
10654,3
10655,3
10656,3
10657,3
10658,3
10659,3
10660,3
10661,3
10662,3
10663,3
10664,3
10665,3
10666,3
10667,3
10668,3
10669,3
10670,3
10671,3
10672,3
10673,3
10674,3
10675,3
10676,3
10677,3
10678,3
10679,3
10680,3
10681,3
10682,3
10683,3
10684,3
10685,3
10686,3
10687,3
10688,3
10689,3
10690,3
10691,3
10692,3
10693,3
10694,3
10695,3
10696,3
10697,3
10698,3
10699,3
10700,3
10701,3
10702,3
10703,3
10704,3
10705,3
10706,3
10707,3
10708,3
10709,3
10710,3
10711,3
10712,3
10713,3
10714,3
10715,3
10716,3
10717,3
10718,3
10719,3
10720,3
10721,3
10722,3
10723,3
10724,3
10725,3
10726,3
10727,3
10728,3
10729,3
10730,3
10731,3
10732,3
10733,3
10734,3
10735,3
10736,3
10737,3
10738,3
10739,3
10740,3
10741,3
10742,3
10743,3
10744,3
10745,3
10746,3
10747,3
10748,3
10749,3
10750,3
10751,3
10752,3
10753,3
10754,3
10755,3
10756,3
10757,3
10758,3
10759,3
10760,3
10761,3
10762,3
10763,3
10764,3
10765,3
10766,3
10767,3
10768,3
10769,3
10770,3
10771,3
10772,3
10773,3
10774,3
10775,3
10776,3
10777,3
10778,3
10779,3
10780,3
10781,3
10782,3
10783,3
10784,3
10785,3
10786,3
10787,3
10788,3
10789,3
10790,3
10791,3
10792,3
10793,3
10794,3
10795,3
10796,3
10797,2
10798,3
10799,3
10800,3
10801,3
10802,3
10803,3
10804,3
10805,3
10806,3
10807,3
10808,3
10809,3
10810,3
10811,3
10812,3
10813,3
10814,3
10815,3
10816,3
10817,3
10818,3
10819,3
10820,3
10821,3
10822,3
10823,3
10824,3
10825,3
10826,3
10827,3
10828,3
10829,3
10830,3
10831,3
10832,3
10833,3
10834,3
10835,3
10836,3
10837,3
10838,3
10839,3
10840,3
10841,3
10842,3
10843,3
10844,3
10845,3
10846,3
10847,3
10848,3
10849,3
10850,3
10851,3
10852,3
10853,3
10854,3
10855,3
10856,3
10857,3
10858,3
10859,3
10860,3
10861,3
10862,3
10863,3
10864,3
10865,3
10866,3
10867,3
10868,3
10869,3
10870,3
10871,3
10872,3
10873,3
10874,3
10875,3
10876,3
10877,3
10878,3
10879,3
10880,3
10881,3
10882,3
10883,3
10884,3
10885,3
10886,3
10887,3
10888,3
10889,3
10890,3
10891,3
10892,3
10893,3
10894,3
10895,3
10896,3
10897,3
10898,3
10899,3
10900,3
10901,3
10902,3
10903,3
10904,3
10905,3
10906,3
10907,3
10908,3
10909,3
10910,3
10911,3
10912,3
10913,3
10914,3
10915,3
10916,3
10917,3
10918,3
10919,3
10920,3
10921,3
10922,3
10923,3
10924,3
10925,3
10926,3
10927,3
10928,3
10929,3
10930,3
10931,3
10932,3
10933,3
10934,3
10935,3
10936,3
10937,3
10938,3
10939,3
10940,3
10941,3
10942,3
10943,3
10944,3
10945,3
10946,3
10947,3
10948,3
10949,3
10950,3
10951,3
10952,3
10953,3
10954,3
10955,3
10956,3
10957,3
10958,3
10959,2
10960,3
10961,3
10962,3
10963,3
10964,2
10965,2
10966,3
10967,3
10968,3
10969,3
10970,3
10971,3
10972,3
10973,3
10974,3
10975,3
10976,3
10977,2
10978,3
10979,2
10980,2
10981,2
10982,2
10983,2
10984,2
10985,3
10986,3
10987,3
10988,2
10989,2
10990,3
10991,3
10992,3
10993,3
10994,3
10995,3
10996,3
10997,3
10998,3
10999,3
11000,3
11001,3
11002,3
11003,3
11004,3
11005,3
11006,3
11007,3
11008,3
11009,2
11010,2
11011,2
11012,2
11013,3
11014,3
11015,3
11016,3
11017,3
11018,3
11019,3
11020,3
11021,3
11022,3
11023,3
11024,3
11025,3
11026,3
11027,3
11028,3
11029,3
11030,3
11031,3
11032,3
11033,3
11034,3
11035,3
11036,3
11037,3
11038,3
11039,3
11040,3
11041,3
11042,2
11043,2
11044,2
11045,3
11046,2
11047,2
11048,2
11049,2
11050,2
11051,2
11052,3
11053,2
11054,2
11055,3
11056,2
11057,3
11058,2
11059,2
11060,2
11061,2
11062,2
11063,2
11064,3
11065,3
11066,2
11067,2
11068,2
11069,2
11070,2
11071,2
11072,3
11073,2
11074,2
11075,2
11076,2
11077,3
11078,3
11079,2
11080,2
11081,2
11082,2
11083,2
11084,3
11085,2
11086,2
11087,2
11088,2
11089,2
11090,2
11091,2
11092,2
11093,2
11094,2
11095,2
11096,2
11097,3
11098,3
11099,2
11100,3
11101,2
11102,2
11103,2
11104,3
11105,2
11106,2
11107,3
11108,2
11109,2
11110,2
11111,2
11112,2
11113,2
11114,2
11115,2
11116,2
11117,3
11118,3
11119,3
11120,2
11121,2
11122,2
11123,2
11124,2
11125,3
11126,3
11127,2
11128,2
11129,2
11130,2
11131,3
11132,2
11133,2
11134,2
11135,2
11136,3
11137,2
11138,2
11139,2
11140,2
11141,2
11142,2
11143,2
11144,2
11145,2
11146,3
11147,2
11148,2
11149,2
11150,3
11151,2
11152,3
11153,3
11154,3
11155,3
11156,3
11157,3
11158,3
11159,3
11160,3
11161,3
11162,3
11163,2
11164,2
11165,2
11166,2
11167,3
11168,3
11169,3
11170,2
11171,3
11172,3
11173,2
11174,2
11175,2
11176,2
11177,3
11178,3
11179,3
11180,3
11181,3
11182,3
11183,2
11184,2
11185,3
11186,3
11187,3
11188,3
11189,2
11190,3
11191,3
11192,3
11193,3
11194,3
11195,3
11196,3
11197,3
11198,3
11199,3
11200,3
11201,2
11202,3
11203,3
11204,2
11205,3
11206,3
11207,3
11208,3
11209,3
11210,2
11211,3
11212,3
11213,3
11214,3
11215,2
11216,3
11217,3
11218,3
11219,2
11220,2
11221,3
11222,3
11223,3
11224,3
11225,3
11226,2
11227,3
11228,3
11229,3
11230,3
11231,3
11232,3
11233,3
11234,3
11235,3
11236,3
11237,3
11238,3
11239,3
11240,3
11241,3
11242,3
11243,3
11244,3
11245,3
11246,3
11247,3
11248,3
11249,3
11250,3
11251,3
11252,3
11253,3
11254,3
11255,3
11256,3
11257,3
11258,3
11259,3
11260,3
11261,3
11262,3
11263,3
11264,3
11265,3
11266,3
11267,3
11268,3
11269,3
11270,3
11271,3
11272,3
11273,3
11274,3
11275,3
11276,3
11277,3
11278,3
11279,3
11280,3
11281,3
11282,3
11283,3
11284,3
11285,3
11286,3
11287,3
11288,3
11289,3
11290,3
11291,3
11292,3
11293,3
11294,3
11295,3
11296,3
11297,3
11298,3
11299,3
11300,3
11301,3
11302,3
11303,3
11304,3
11305,3
11306,3
11307,2
11308,3
11309,2
11310,3
11311,3
11312,3
11313,3
11314,3
11315,3
11316,3
11317,3
11318,3
11319,3
11320,3
11321,3
11322,3
11323,3
11324,3
11325,3
11326,3
11327,3
11328,3
11329,3
11330,3
11331,3
11332,3
11333,3
11334,3
11335,3
11336,3
11337,3
11338,3
11339,3
11340,3
11341,3
11342,3
11343,3
11344,3
11345,3
11346,3
11347,3
11348,3
11349,3
11350,3
11351,3
11352,3
11353,3
11354,3
11355,3
11356,3
11357,2
11358,3
11359,3
11360,2
11361,2
11362,2
11363,3
11364,3
11365,3
11366,2
11367,3
11368,3
11369,3
11370,3
11371,3
11372,3
11373,3
11374,3
11375,3
11376,3
11377,3
11378,3
11379,3
11380,3
11381,3
11382,3
11383,3
11384,3
11385,3
11386,3
11387,3
11388,3
11389,3
11390,3
11391,3
11392,3
11393,3
11394,3
11395,3
11396,3
11397,3
11398,3
11399,3
11400,3
11401,3
11402,3
11403,3
11404,3
11405,3
11406,3
11407,3
11408,3
11409,3
11410,3
11411,3
11412,3
11413,3
11414,3
11415,3
11416,3
11417,3
11418,3
11419,3
11420,3
11421,3
11422,3
11423,3
11424,3
11425,3
11426,3
11427,3
11428,3
11429,3
11430,3
11431,3
11432,3
11433,3
11434,3
11435,3
11436,3
11437,3
11438,3
11439,3
11440,3
11441,3
11442,3
11443,3
11444,3
11445,3
11446,3
11447,3
11448,3
11449,3
11450,3
11451,3
11452,3
11453,3
11454,3
11455,3
11456,3
11457,3
11458,3
11459,3
11460,3
11461,3
11462,3
11463,3
11464,3
11465,3
11466,3
11467,3
11468,3
11469,3
11470,3
11471,3
11472,3
11473,3
11474,3
11475,3
11476,3
11477,3
11478,3
11479,3
11480,3
11481,3
11482,3
11483,3
11484,3
11485,3
11486,3
11487,3
11488,3
11489,3
11490,3
11491,3
11492,3
11493,3
11494,3
11495,3
11496,3
11497,3
11498,3
11499,3
11500,3
11501,3
11502,3
11503,3
11504,3
11505,3
11506,3
11507,3
11508,3
11509,3
11510,3
11511,3
11512,3
11513,3
11514,3
11515,3
11516,3
11517,3
11518,3
11519,3
11520,3
11521,3
11522,3
11523,3
11524,3
11525,3
11526,3
11527,3
11528,3
11529,3
11530,3
11531,3
11532,3
11533,2
11534,3
11535,2
11536,2
11537,3
11538,2
11539,3
11540,3
11541,3
11542,3
11543,2
11544,3
11545,3
11546,3
11547,3
11548,3
11549,3
11550,3
11551,3
11552,3
11553,3
11554,2
11555,3
11556,3
11557,2
11558,3
11559,2
11560,2
11561,3
11562,3
11563,3
11564,3
11565,3
11566,3
11567,3
11568,3
11569,3
11570,3
11571,3
11572,3
11573,3
11574,3
11575,3
11576,3
11577,3
11578,3
11579,3
11580,3
11581,3
11582,3
11583,3
11584,3
11585,3
11586,3
11587,3
11588,3
11589,3
11590,3
11591,3
11592,3
11593,3
11594,3
11595,3
11596,3
11597,3
11598,3
11599,3
11600,3
11601,3
11602,3
11603,3
11604,3
11605,3
11606,3
11607,3
11608,3
11609,3
11610,3
11611,3
11612,3
11613,3
11614,3
11615,3
11616,3
11617,3
11618,3
11619,3
11620,3
11621,3
11622,3
11623,3
11624,3
11625,3
11626,3
11627,3
11628,3
11629,3
11630,3
11631,3
11632,3
11633,3
11634,3
11635,3
11636,3
11637,3
11638,3
11639,3
11640,3
11641,3
11642,3
11643,3
11644,3
11645,3
11646,3
11647,3
11648,3
11649,3
11650,3
11651,3
11652,3
11653,3
11654,3
11655,3
11656,3
11657,3
11658,3
11659,3
11660,3
11661,3
11662,3
11663,3
11664,3
11665,3
11666,3
11667,3
11668,3
11669,3
11670,3
11671,3
11672,3
11673,3
11674,3
11675,3
11676,3
11677,3
11678,3
11679,3
11680,3
11681,3
11682,3
11683,3
11684,3
11685,3
11686,3
11687,3
11688,3
11689,3
11690,3
11691,3
11692,3
11693,3
11694,3
11695,3
11696,3
11697,3
11698,3
11699,3
11700,3
11701,3
11702,3
11703,3
11704,3
11705,3
11706,3
11707,3
11708,3
11709,3
11710,3
11711,3
11712,3
11713,3
11714,3
11715,3
11716,3
11717,3
11718,3
11719,3
11720,3
11721,3
11722,3
11723,3
11724,3
11725,3
11726,3
11727,3
11728,3
11729,3
11730,3
11731,3
11732,3
11733,3
11734,3
11735,3
11736,3
11737,3
11738,3
11739,3
11740,3
11741,3
11742,3
11743,3
11744,3
11745,3
11746,3
11747,3
11748,3
11749,3
11750,3
11751,3
11752,3
11753,3
11754,3
11755,3
11756,3
11757,3
11758,3
11759,3
11760,3
11761,3
11762,3
11763,3
11764,3
11765,3
11766,3
11767,3
11768,3
11769,3
11770,3
11771,3
11772,3
11773,3
11774,3
11775,3
11776,3
11777,3
11778,3
11779,3
11780,3
11781,3
11782,3
11783,3
11784,3
11785,3
11786,3
11787,3
11788,3
11789,3
11790,3
11791,3
11792,3
11793,3
11794,3
11795,3
11796,3
11797,3
11798,3
11799,3
11800,3
11801,3
11802,3
11803,3
11804,3
11805,3
11806,3
11807,3
11808,3
11809,3
11810,3
11811,3
11812,3
11813,3
11814,3
11815,3
11816,3
11817,3
11818,3
11819,3
11820,3
11821,3
11822,3
11823,3
11824,3
11825,3
11826,3
11827,3
11828,3
11829,3
11830,3
11831,3
11832,3
11833,3
11834,3
11835,3
11836,3
11837,3
11838,3
11839,3
11840,3
11841,3
11842,3
11843,3
11844,3
11845,3
11846,3
11847,3
11848,3
11849,3
11850,3
11851,3
11852,3
11853,3
11854,3
11855,3
11856,2
11857,3
11858,3
11859,3
11860,3
11861,3
11862,3
11863,2
11864,2
11865,3
11866,2
11867,2
11868,2
11869,3
11870,3
11871,3
11872,3
11873,3
11874,3
11875,3
11876,3
11877,3
11878,3
11879,3
11880,3
11881,3
11882,3
11883,3
11884,3
11885,3
11886,3
11887,3
11888,3
11889,3
11890,3
11891,3
11892,3
11893,3
11894,3
11895,3
11896,3
11897,3
11898,3
11899,3
11900,3
11901,3
11902,3
11903,3
11904,3
11905,3
11906,3
11907,3
11908,3
11909,3
11910,3
11911,3
11912,3
11913,3
11914,3
11915,3
11916,3
11917,3
11918,3
11919,3
11920,3
11921,3
11922,3
11923,3
11924,3
11925,3
11926,3
11927,3
11928,3
11929,3
11930,3
11931,3
11932,3
11933,3
11934,3
11935,3
11936,3
11937,3
11938,3
11939,3
11940,3
11941,3
11942,3
11943,3
11944,3
11945,3
11946,3
11947,3
11948,3
11949,3
11950,3
11951,3
11952,3
11953,3
11954,3
11955,3
11956,3
11957,3
11958,3
11959,3
11960,3
11961,3
11962,3
11963,3
11964,3
11965,3
11966,3
11967,3
11968,3
11969,3
11970,3
11971,3
11972,3
11973,3
11974,3
11975,3
11976,3
11977,3
11978,3
11979,3
11980,3
11981,3
11982,3
11983,3
11984,3
11985,3
11986,3
11987,3
11988,3
11989,3
11990,3
11991,3
11992,3
11993,3
11994,3
11995,3
11996,3
11997,3
11998,3
11999,3
12000,3
12001,3
12002,3
12003,3
12004,3
12005,3
12006,3
12007,3
12008,3
12009,3
12010,3
12011,3
12012,3
12013,3
12014,3
12015,3
12016,3
12017,3
12018,3
12019,3
12020,3
12021,3
12022,3
12023,3
12024,3
12025,3
12026,3
12027,3
12028,3
12029,3
12030,3
12031,3
12032,3
12033,3
12034,3
12035,3
12036,3
12037,3
12038,2
12039,3
12040,2
12041,3
12042,3
12043,2
12044,2
12045,2
12046,3
12047,2
12048,3
12049,3
12050,2
12051,3
12052,3
12053,3
12054,3
12055,3
12056,3
12057,2
12058,2
12059,3
12060,3
12061,3
12062,3
12063,3
12064,3
12065,3
12066,3
12067,3
12068,3
12069,3
12070,3
12071,3
12072,3
12073,3
12074,3
12075,3
12076,3
12077,3
12078,3
12079,3
12080,3
12081,3
12082,3
12083,3
12084,3
12085,2
12086,3
12087,2
12088,3
12089,3
12090,3
12091,3
12092,3
12093,3
12094,3
12095,3
12096,3
12097,3
12098,3
12099,3
12100,3
12101,3
12102,3
12103,3
12104,3
12105,3
12106,3
12107,3
12108,3
12109,3
12110,3
12111,3
12112,3
12113,3
12114,3
12115,2
12116,2
12117,2
12118,2
12119,2
12120,3
12121,3
12122,2
12123,2
12124,2
12125,3
12126,3
12127,3
12128,3
12129,3
12130,3
12131,3
12132,3
12133,3
12134,3
12135,3
12136,3
12137,3
12138,3
12139,3
12140,3
12141,3
12142,3
12143,3
12144,3
12145,3
12146,3
12147,3
12148,3
12149,3
12150,3
12151,3
12152,3
12153,3
12154,3
12155,3
12156,3
12157,3
12158,3
12159,3
12160,3
12161,3
12162,3
12163,3
12164,3
12165,3
12166,3
12167,3
12168,3
12169,3
12170,3
12171,3
12172,3
12173,3
12174,3
12175,3
12176,3
12177,3
12178,3
12179,3
12180,3
12181,3
12182,3
12183,3
12184,3
12185,3
12186,3
12187,3
12188,3
12189,3
12190,3
12191,3
12192,3
12193,3
12194,3
12195,3
12196,3
12197,3
12198,3
12199,3
12200,3
12201,3
12202,3
12203,3
12204,3
12205,3
12206,3
12207,3
12208,3
12209,3
12210,3
12211,3
12212,3
12213,3
12214,3
12215,3
12216,3
12217,3
12218,3
12219,3
12220,3
12221,3
12222,3
12223,3
12224,3
12225,3
12226,3
12227,3
12228,3
12229,3
12230,3
12231,3
12232,3
12233,3
12234,3
12235,3
12236,3
12237,3
12238,3
12239,3
12240,3
12241,3
12242,3
12243,3
12244,3
12245,3
12246,3
12247,3
12248,3
12249,3
12250,3
12251,3
12252,3
12253,3
12254,3
12255,3
12256,3
12257,3
12258,3
12259,3
12260,3
12261,3
12262,3
12263,3
12264,3
12265,3
12266,3
12267,3
12268,3
12269,3
12270,3
12271,3
12272,3
12273,3
12274,3
12275,3
12276,3
12277,3
12278,3
12279,3
12280,3
12281,3
12282,3
12283,3
12284,3
12285,3
12286,3
12287,3
12288,3
12289,3
12290,3
12291,3
12292,3
12293,3
12294,3
12295,3
12296,3
12297,3
12298,3
12299,3
12300,3
12301,3
12302,3
12303,3
12304,3
12305,3
12306,3
12307,3
12308,3
12309,3
12310,3
12311,3
12312,3
12313,3
12314,3
12315,3
12316,3
12317,3
12318,3
12319,3
12320,3
12321,3
12322,3
12323,3
12324,3
12325,3
12326,3
12327,3
12328,3
12329,3
12330,3
12331,3
12332,3
12333,3
12334,3
12335,3
12336,3
12337,3
12338,3
12339,3
12340,3
12341,3
12342,3
12343,3
12344,3
12345,3
12346,3
12347,3
12348,3
12349,3
12350,3
12351,3
12352,3
12353,3
12354,3
12355,3
12356,3
12357,3
12358,3
12359,3
12360,3
12361,3
12362,3
12363,3
12364,3
12365,2
12366,2
12367,3
12368,3
12369,3
12370,3
12371,3
12372,3
12373,3
12374,3
12375,3
12376,3
12377,3
12378,3
12379,3
12380,3
12381,3
12382,3
12383,3
12384,3
12385,3
12386,3
12387,3
12388,3
12389,3
12390,3
12391,3
12392,3
12393,3
12394,3
12395,3
12396,3
12397,3
12398,3
12399,3
12400,3
12401,3
12402,3
12403,3
12404,3
12405,3
12406,2
12407,3
12408,3
12409,3
12410,3
12411,3
12412,3
12413,3
12414,3
12415,3
12416,3
12417,3
12418,3
12419,3
12420,3
12421,3
12422,3
12423,3
12424,3
12425,3
12426,3
12427,3
12428,3
12429,3
12430,3
12431,3
12432,3
12433,3
12434,3
12435,3
12436,3
12437,3
12438,3
12439,3
12440,3
12441,3
12442,3
12443,3
12444,3
12445,3
12446,3
12447,3
12448,3
12449,3
12450,3
12451,3
12452,3
12453,3
12454,3
12455,3
12456,3
12457,3
12458,3
12459,3
12460,3
12461,3
12462,3
12463,3
12464,3
12465,3
12466,3
12467,3
12468,3
12469,3
12470,3
12471,3
12472,3
12473,3
12474,3
12475,3
12476,3
12477,3
12478,3
12479,3
12480,3
12481,3
12482,3
12483,3
12484,3
12485,3
12486,3
12487,3
12488,3
12489,3
12490,3
12491,3
12492,3
12493,3
12494,3
12495,3
12496,3
12497,3
12498,3
12499,3
12500,3
12501,3
12502,3
12503,3
12504,3
12505,3
12506,3
12507,3
12508,3
12509,3
12510,3
12511,3
12512,3
12513,3
12514,3
12515,3
12516,3
12517,3
12518,3
12519,3
12520,3
12521,3
12522,3
12523,3
12524,3
12525,3
12526,3
12527,3
12528,3
12529,3
12530,3
12531,3
12532,3
12533,3
12534,3
12535,3
12536,3
12537,3
12538,3
12539,3
12540,3
12541,3
12542,3
12543,3
12544,3
12545,3
12546,3
12547,3
12548,3
12549,3
12550,3
12551,3
12552,3
12553,3
12554,3
12555,3
12556,3
12557,3
12558,3
12559,3
12560,3
12561,3
12562,3
12563,3
12564,3
12565,3
12566,3
12567,3
12568,3
12569,3
12570,3
12571,3
12572,3
12573,3
12574,3
12575,3
12576,3
12577,3
12578,3
12579,3
12580,3
12581,3
12582,3
12583,3
12584,2
12585,3
12586,2
12587,3
12588,3
12589,3
12590,3
12591,3
12592,3
12593,3
12594,3
12595,3
12596,3
12597,2
12598,2
12599,3
12600,3
12601,3
12602,3
12603,3
12604,3
12605,3
12606,3
12607,3
12608,3
12609,3
12610,3
12611,3
12612,3
12613,3
12614,3
12615,3
12616,3
12617,3
12618,3
12619,3
12620,3
12621,3
12622,3
12623,3
12624,3
12625,3
12626,3
12627,3
12628,3
12629,3
12630,3
12631,3
12632,3
12633,3
12634,3
12635,3
12636,3
12637,3
12638,3
12639,3
12640,3
12641,3
12642,3
12643,3
12644,3
12645,3
12646,3
12647,3
12648,3
12649,3
12650,3
12651,3
12652,3
12653,3
12654,3
12655,3
12656,3
12657,3
12658,3
12659,3
12660,3
12661,3
12662,3
12663,3
12664,3
12665,3
12666,3
12667,3
12668,3
12669,2
12670,2
12671,2
12672,3
12673,3
12674,3
12675,3
12676,3
12677,3
12678,3
12679,3
12680,3
12681,3
12682,3
12683,3
12684,3
12685,3
12686,3
12687,3
12688,3
12689,3
12690,3
12691,3
12692,3
12693,3
12694,3
12695,3
12696,3
12697,3
12698,3
12699,3
12700,3
12701,3
12702,3
12703,3
12704,3
12705,3
12706,3
12707,3
12708,3
12709,3
12710,3
12711,3
12712,3
12713,3
12714,3
12715,3
12716,3
12717,3
12718,3
12719,3
12720,3
12721,3
12722,3
12723,3
12724,3
12725,3
12726,3
12727,3
12728,3
12729,3
12730,3
12731,3
12732,3
12733,3
12734,3
12735,3
12736,3
12737,3
12738,3
12739,3
12740,3
12741,3
12742,3
12743,3
12744,3
12745,3
12746,3
12747,3
12748,3
12749,3
12750,3
12751,3
12752,3
12753,3
12754,3
12755,3
12756,3
12757,3
12758,3
12759,3
12760,3
12761,3
12762,3
12763,3
12764,3
12765,3
12766,3
12767,3
12768,3
12769,3
12770,3
12771,3
12772,3
12773,3
12774,3
12775,3
12776,3
12777,3
12778,3
12779,3
12780,3
12781,3
12782,3
12783,3
12784,2
12785,2
12786,2
12787,3
12788,2
12789,2
12790,2
12791,2
12792,3
12793,3
12794,3
12795,3
12796,3
12797,3
12798,3
12799,3
12800,3
12801,3
12802,3
12803,3
12804,3
12805,3
12806,3
12807,3
12808,3
12809,3
12810,3
12811,3
12812,3
12813,3
12814,3
12815,3
12816,3
12817,3
12818,3
12819,3
12820,3
12821,3
12822,3
12823,3
12824,3
12825,3
12826,3
12827,3
12828,3
12829,3
12830,3
12831,3
12832,3
12833,3
12834,3
12835,3
12836,3
12837,3
12838,3
12839,3
12840,3
12841,3
12842,3
12843,3
12844,3
12845,3
12846,3
12847,3
12848,3
12849,3
12850,3
12851,3
12852,3
12853,3
12854,3
12855,3
12856,3
12857,3
12858,3
12859,3
12860,3
12861,3
12862,3
12863,3
12864,3
12865,3
12866,3
12867,3
12868,3
12869,3
12870,3
12871,3
12872,3
12873,3
12874,3
12875,3
12876,3
12877,3
12878,3
12879,3
12880,3
12881,3
12882,3
12883,3
12884,3
12885,3
12886,3
12887,3
12888,3
12889,3
12890,3
12891,3
12892,3
12893,3
12894,3
12895,3
12896,3
12897,3
12898,3
12899,3
12900,3
12901,3
12902,3
12903,3
12904,3
12905,3
12906,3
12907,3
12908,3
12909,3
12910,3
12911,3
12912,3
12913,3
12914,3
12915,3
12916,3
12917,3
12918,3
12919,3
12920,3
12921,3
12922,3
12923,3
12924,3
12925,3
12926,3
12927,3
12928,3
12929,3
12930,3
12931,3
12932,3
12933,3
12934,3
12935,3
12936,3
12937,3
12938,3
12939,3
12940,3
12941,3
12942,3
12943,3
12944,3
12945,3
12946,3
12947,3
12948,3
12949,3
12950,3
12951,3
12952,3
12953,3
12954,3
12955,3
12956,3
12957,3
12958,3
12959,3
12960,3
12961,3
12962,3
12963,3
12964,3
12965,3
12966,3
12967,3
12968,3
12969,3
12970,3
12971,3
12972,3
12973,3
12974,3
12975,3
12976,3
12977,3
12978,3
12979,3
12980,3
12981,3
12982,3
12983,3
12984,3
12985,3
12986,3
12987,3
12988,3
12989,3
12990,3
12991,3
12992,3
12993,3
12994,3
12995,3
12996,3
12997,3
12998,3
12999,3
13000,3
13001,3
13002,3
13003,3
13004,3
13005,3
13006,3
13007,3
13008,3
13009,3
13010,3
13011,3
13012,3
13013,3
13014,3
13015,3
13016,3
13017,3
13018,3
13019,3
13020,3
13021,3
13022,3
13023,3
13024,3
13025,3
13026,3
13027,3
13028,3
13029,3
13030,3
13031,3
13032,3
13033,3
13034,3
13035,3
13036,3
13037,3
13038,3
13039,3
13040,3
13041,3
13042,3
13043,3
13044,3
13045,3
13046,3
13047,3
13048,3
13049,3
13050,3
13051,3
13052,3
13053,3
13054,3
13055,3
13056,3
13057,3
13058,3
13059,3
13060,3
13061,3
13062,3
13063,3
13064,3
13065,3
13066,3
13067,3
13068,3
13069,3
13070,3
13071,3
13072,3
13073,3
13074,3
13075,3
13076,3
13077,3
13078,3
13079,3
13080,3
13081,3
13082,3
13083,3
13084,3
13085,3
13086,3
13087,3
13088,3
13089,3
13090,3
13091,3
13092,3
13093,3
13094,3
13095,3
13096,3
13097,3
13098,3
13099,3
13100,3
13101,3
13102,3
13103,3
13104,3
13105,3
13106,3
13107,3
13108,3
13109,3
13110,3
13111,3
13112,3
13113,3
13114,3
13115,3
13116,3
13117,3
13118,3
13119,3
13120,3
13121,3
13122,3
13123,3
13124,3
13125,3
13126,3
13127,3
13128,3
13129,3
13130,3
13131,3
13132,3
13133,3
13134,3
13135,3
13136,3
13137,3
13138,3
13139,3
13140,3
13141,3
13142,3
13143,2
13144,3
13145,3
13146,3
13147,3
13148,3
13149,3
13150,3
13151,3
13152,3
13153,3
13154,3
13155,3
13156,3
13157,3
13158,3
13159,3
13160,3
13161,3
13162,3
13163,3
13164,3
13165,3
13166,3
13167,3
13168,3
13169,3
13170,3
13171,3
13172,3
13173,3
13174,3
13175,3
13176,3
13177,3
13178,3
13179,3
13180,3
13181,3
13182,3
13183,3
13184,3
13185,3
13186,3
13187,3
13188,3
13189,3
13190,3
13191,3
13192,3
13193,3
13194,3
13195,3
13196,3
13197,3
13198,3
13199,3
13200,3
13201,3
13202,3
13203,3
13204,3
13205,3
13206,3
13207,3
13208,3
13209,3
13210,3
13211,3
13212,3
13213,3
13214,3
13215,3
13216,3
13217,3
13218,3
13219,3
13220,3
13221,3
13222,3
13223,3
13224,3
13225,3
13226,3
13227,3
13228,3
13229,3
13230,3
13231,3
13232,3
13233,3
13234,3
13235,3
13236,3
13237,3
13238,3
13239,3
13240,3
13241,3
13242,3
13243,3
13244,3
13245,3
13246,3
13247,3
13248,3
13249,3
13250,3
13251,3
13252,3
13253,3
13254,3
13255,3
13256,3
13257,3
13258,3
13259,3
13260,3
13261,3
13262,3
13263,3
13264,3
13265,2
13266,3
13267,3
13268,3
13269,3
13270,3
13271,3
13272,3
13273,3
13274,3
13275,3
13276,3
13277,3
13278,3
13279,3
13280,3
13281,3
13282,3
13283,3
13284,3
13285,3
13286,3
13287,3
13288,3
13289,3
13290,3
13291,3
13292,3
13293,3
13294,3
13295,3
13296,3
13297,3
13298,3
13299,3
13300,3
13301,3
13302,3
13303,3
13304,3
13305,3
13306,3
13307,3
13308,3
13309,3
13310,3
13311,3
13312,3
13313,3
13314,3
13315,3
13316,3
13317,3
13318,3
13319,3
13320,3
13321,3
13322,3
13323,3
13324,3
13325,3
13326,3
13327,3
13328,3
13329,3
13330,3
13331,3
13332,3
13333,3
13334,3
13335,3
13336,3
13337,3
13338,3
13339,3
13340,3
13341,3
13342,3
13343,3
13344,3
13345,3
13346,3
13347,3
13348,3
13349,3
13350,3
13351,3
13352,3
13353,3
13354,3
13355,3
13356,3
13357,3
13358,3
13359,3
13360,3
13361,3
13362,3
13363,3
13364,3
13365,3
13366,3
13367,3
13368,3
13369,3
13370,3
13371,3
13372,3
13373,3
13374,3
13375,3
13376,3
13377,3
13378,3
13379,3
13380,3
13381,3
13382,3
13383,3
13384,3
13385,3
13386,3
13387,3
13388,3
13389,3
13390,3
13391,3
13392,3
13393,3
13394,3
13395,3
13396,3
13397,3
13398,3
13399,3
13400,3
13401,3
13402,3
13403,3
13404,3
13405,3
13406,3
13407,3
13408,3
13409,3
13410,3
13411,3
13412,3
13413,3
13414,3
13415,3
13416,3
13417,3
13418,3
13419,3
13420,3
13421,3
13422,3
13423,3
13424,3
13425,3
13426,3
13427,3
13428,3
13429,3
13430,3
13431,3
13432,3
13433,3
13434,3
13435,3
13436,3
13437,3
13438,3
13439,3
13440,3
13441,3
13442,3
13443,3
13444,3
13445,3
13446,3
13447,3
13448,3
13449,3
13450,3
13451,3
13452,3
13453,3
13454,3
13455,3
13456,3
13457,3
13458,3
13459,3
13460,3
13461,3
13462,3
13463,3
13464,3
13465,3
13466,3
13467,3
13468,3
13469,3
13470,3
13471,3
13472,3
13473,3
13474,3
13475,3
13476,3
13477,3
13478,3
13479,3
13480,3
13481,3
13482,3
13483,3
13484,3
13485,3
13486,3
13487,3
13488,3
13489,3
13490,3
13491,3
13492,3
13493,3
13494,3
13495,3
13496,3
13497,2
13498,3
13499,3
13500,3
13501,3
13502,3
13503,3
13504,3
13505,3
13506,3
13507,3
13508,3
13509,3
13510,3
13511,3
13512,3
13513,3
13514,3
13515,3
13516,3
13517,3
13518,3
13519,3
13520,3
13521,3
13522,3
13523,3
13524,3
13525,3
13526,3
13527,3
13528,3
13529,3
13530,3
13531,3
13532,3
13533,3
13534,3
13535,3
13536,3
13537,3
13538,3
13539,3
13540,3
13541,3
13542,3
13543,3
13544,3
13545,3
13546,3
13547,3
13548,3
13549,3
13550,3
13551,3
13552,3
13553,3
13554,3
13555,3
13556,3
13557,3
13558,3
13559,3
13560,3
13561,3
13562,3
13563,3
13564,3
13565,3
13566,3
13567,3
13568,3
13569,3
13570,3
13571,3
13572,3
13573,3
13574,3
13575,3
13576,3
13577,3
13578,3
13579,3
13580,3
13581,3
13582,3
13583,3
13584,3
13585,3
13586,3
13587,3
13588,3
13589,3
13590,3
13591,3
13592,3
13593,3
13594,3
13595,3
13596,3
13597,3
13598,3
13599,3
13600,3
13601,3
13602,3
13603,3
13604,3
13605,3
13606,3
13607,3
13608,3
13609,3
13610,3
13611,3
13612,3
13613,3
13614,3
13615,3
13616,3
13617,2
13618,3
13619,2
13620,3
13621,3
13622,3
13623,3
13624,3
13625,3
13626,3
13627,3
13628,3
13629,3
13630,3
13631,3
13632,3
13633,3
13634,3
13635,3
13636,3
13637,3
13638,3
13639,3
13640,3
13641,3
13642,3
13643,3
13644,3
13645,3
13646,3
13647,3
13648,3
13649,3
13650,3
13651,3
13652,3
13653,3
13654,3
13655,3
13656,3
13657,3
13658,3
13659,3
13660,3
13661,3
13662,3
13663,3
13664,3
13665,3
13666,3
13667,3
13668,3
13669,3
13670,3
13671,3
13672,3
13673,3
13674,3
13675,3
13676,3
13677,3
13678,3
13679,3
13680,3
13681,3
13682,3
13683,3
13684,3
13685,3
13686,3
13687,3
13688,3
13689,3
13690,3
13691,3
13692,3
13693,3
13694,3
13695,3
13696,3
13697,3
13698,3
13699,3
13700,3
13701,3
13702,3
13703,3
13704,3
13705,3
13706,3
13707,3
13708,3
13709,3
13710,3
13711,3
13712,3
13713,3
13714,3
13715,3
13716,3
13717,3
13718,3
13719,3
13720,3
13721,3
13722,3
13723,3
13724,3
13725,3
13726,3
13727,3
13728,3
13729,3
13730,3
13731,3
13732,3
13733,3
13734,3
13735,3
13736,3
13737,3
13738,3
13739,3
13740,3
13741,3
13742,3
13743,3
13744,3
13745,3
13746,3
13747,3
13748,3
13749,3
13750,3
13751,3
13752,3
13753,3
13754,3
13755,3
13756,3
13757,3
13758,3
13759,3
13760,3
13761,3
13762,3
13763,3
13764,3
13765,3
13766,3
13767,3
13768,3
13769,3
13770,3
13771,3
13772,3
13773,3
13774,3
13775,3
13776,3
13777,3
13778,3
13779,3
13780,3
13781,3
13782,3
13783,3
13784,3
13785,3
13786,3
13787,3
13788,3
13789,3
13790,3
13791,3
13792,3
13793,3
13794,3
13795,3
13796,3
13797,3
13798,3
13799,3
13800,3
13801,3
13802,3
13803,3
13804,3
13805,3
13806,3
13807,3
13808,3
13809,3
13810,3
13811,3
13812,3
13813,3
13814,3
13815,3
13816,3
13817,3
13818,3
13819,3
13820,3
13821,3
13822,3
13823,3
13824,3
13825,3
13826,3
13827,3
13828,3
13829,3
13830,3
13831,3
13832,3
13833,3
13834,3
13835,3
13836,3
13837,3
13838,3
13839,3
13840,3
13841,3
13842,3
13843,3
13844,3
13845,3
13846,3
13847,3
13848,3
13849,3
13850,3
13851,3
13852,3
13853,3
13854,3
13855,3
13856,3
13857,3
13858,3
13859,3
13860,3
13861,3
13862,3
13863,3
13864,3
13865,3
13866,3
13867,3
13868,3
13869,3
13870,3
13871,3
13872,3
13873,3
13874,3
13875,3
13876,3
13877,3
13878,3
13879,3
13880,3
13881,3
13882,3
13883,3
13884,3
13885,3
13886,3
13887,3
13888,3
13889,3
13890,3
13891,3
13892,3
13893,3
13894,3
13895,3
13896,3
13897,3
13898,3
13899,3
13900,3
13901,3
13902,3
13903,3
13904,3
13905,3
13906,3
13907,3
13908,3
13909,3
13910,3
13911,3
13912,3
13913,3
13914,3
13915,3
13916,3
13917,3
13918,3
13919,3
13920,3
13921,3
13922,3
13923,3
13924,3
13925,3
13926,3
13927,3
13928,3
13929,3
13930,3
13931,3
13932,3
13933,3
13934,3
13935,3
13936,3
13937,3
13938,2
13939,3
13940,3
13941,2
13942,2
13943,2
13944,2
13945,2
13946,2
13947,2
13948,3
13949,3
13950,3
13951,3
13952,3
13953,3
13954,3
13955,3
13956,3
13957,3
13958,3
13959,3
13960,3
13961,3
13962,3
13963,3
13964,3
13965,3
13966,3
13967,3
13968,3
13969,3
13970,3
13971,3
13972,3
13973,3
13974,3
13975,3
13976,3
13977,3
13978,3
13979,3
13980,3
13981,3
13982,3
13983,3
13984,3
13985,3
13986,3
13987,3
13988,3
13989,3
13990,3
13991,3
13992,3
13993,3
13994,3
13995,3
13996,3
13997,3
13998,3
13999,3
14000,3
14001,3
14002,3
14003,3
14004,3
14005,3
14006,3
14007,3
14008,3
14009,3
14010,3
14011,3
14012,3
14013,3
14014,3
14015,3
14016,3
14017,3
14018,3
14019,3
14020,3
14021,3
14022,3
14023,3
14024,2
14025,2
14026,2
14027,2
14028,3
14029,3
14030,3
14031,3
14032,3
14033,3
14034,3
14035,3
14036,3
14037,3
14038,3
14039,3
14040,3
14041,3
14042,3
14043,3
14044,3
14045,3
14046,3
14047,3
14048,3
14049,3
14050,3
14051,3
14052,3
14053,3
14054,3
14055,3
14056,3
14057,3
14058,3
14059,3
14060,3
14061,3
14062,3
14063,3
14064,3
14065,3
14066,3
14067,3
14068,3
14069,3
14070,3
14071,3
14072,3
14073,3
14074,3
14075,3
14076,3
14077,3
14078,3
14079,3
14080,3
14081,3
14082,3
14083,3
14084,3
14085,3
14086,3
14087,3
14088,3
14089,3
14090,3
14091,3
14092,3
14093,3
14094,3
14095,3
14096,3
14097,3
14098,3
14099,3
14100,3
14101,3
14102,3
14103,3
14104,3
14105,3
14106,3
14107,3
14108,3
14109,3
14110,3
14111,3
14112,3
14113,3
14114,3
14115,3
14116,3
14117,3
14118,3
14119,3
14120,3
14121,3
14122,3
14123,3
14124,3
14125,3
14126,3
14127,3
14128,3
14129,3
14130,3
14131,3
14132,3
14133,3
14134,3
14135,3
14136,3
14137,3
14138,3
14139,3
14140,3
14141,3
14142,3
14143,3
14144,3
14145,3
14146,3
14147,3
14148,3
14149,3
14150,3
14151,3
14152,3
14153,3
14154,3
14155,3
14156,3
14157,3
14158,3
14159,3
14160,3
14161,3
14162,3
14163,3
14164,3
14165,3
14166,3
14167,3
14168,3
14169,3
14170,3
14171,3
14172,3
14173,3
14174,3
14175,3
14176,3
14177,3
14178,3
14179,3
14180,3
14181,3
14182,3
14183,3
14184,3
14185,3
14186,3
14187,3
14188,3
14189,3
14190,3
14191,3
14192,3
14193,3
14194,3
14195,3
14196,3
14197,3
14198,3
14199,3
14200,3
14201,3
14202,3
14203,3
14204,3
14205,3
14206,3
14207,3
14208,3
14209,3
14210,3
14211,3
14212,2
14213,2
14214,3
14215,2
14216,3
14217,3
14218,3
14219,3
14220,3
14221,3
14222,3
14223,3
14224,3
14225,3
14226,3
14227,3
14228,3
14229,3
14230,3
14231,3
14232,3
14233,2
14234,3
14235,3
14236,3
14237,3
14238,3
14239,3
14240,3
14241,3
14242,3
14243,3
14244,3
14245,3
14246,3
14247,3
14248,3
14249,3
14250,3
14251,3
14252,3
14253,3
14254,3
14255,3
14256,3
14257,3
14258,3
14259,3
14260,3
14261,3
14262,3
14263,3
14264,3
14265,3
14266,3
14267,3
14268,3
14269,3
14270,3
14271,3
14272,3
14273,3
14274,3
14275,3
14276,3
14277,3
14278,3
14279,3
14280,3
14281,3
14282,3
14283,3
14284,3
14285,3
14286,3
14287,3
14288,3
14289,3
14290,3
14291,3
14292,3
14293,3
14294,3
14295,3
14296,3
14297,3
14298,3
14299,3
14300,3
14301,3
14302,3
14303,3
14304,3
14305,3
14306,3
14307,3
14308,3
14309,3
14310,3
14311,3
14312,3
14313,3
14314,3
14315,3
14316,3
14317,3
14318,3
14319,3
14320,3
14321,3
14322,3
14323,3
14324,3
14325,3
14326,3
14327,3
14328,3
14329,3
14330,3
14331,3
14332,3
14333,3
14334,3
14335,3
14336,3
14337,3
14338,3
14339,3
14340,3
14341,3
14342,3
14343,3
14344,3
14345,3
14346,3
14347,3
14348,3
14349,3
14350,3
14351,3
14352,3
14353,3
14354,3
14355,3
14356,3
14357,3
14358,3
14359,3
14360,3
14361,3
14362,3
14363,3
14364,3
14365,3
14366,3
14367,3
14368,3
14369,3
14370,3
14371,3
14372,3
14373,3
14374,3
14375,3
14376,3
14377,3
14378,3
14379,3
14380,3
14381,3
14382,3
14383,3
14384,3
14385,3
14386,3
14387,3
14388,3
14389,3
14390,3
14391,3
14392,3
14393,3
14394,3
14395,3
14396,3
14397,3
14398,3
14399,3
14400,3
14401,3
14402,3
14403,3
14404,3
14405,3
14406,3
14407,3
14408,3
14409,3
14410,3
14411,3
14412,3
14413,3
14414,3
14415,3
14416,3
14417,3
14418,3
14419,3
14420,3
14421,3
14422,3
14423,3
14424,3
14425,3
14426,3
14427,3
14428,3
14429,3
14430,3
14431,3
14432,3
14433,3
14434,3
14435,3
14436,3
14437,3
14438,3
14439,3
14440,3
14441,3
14442,3
14443,3
14444,3
14445,3
14446,3
14447,3
14448,3
14449,3
14450,3
14451,3
14452,3
14453,3
14454,3
14455,3
14456,3
14457,3
14458,3
14459,3
14460,3
14461,3
14462,3
14463,3
14464,3
14465,3
14466,3
14467,3
14468,3
14469,3
14470,3
14471,3
14472,3
14473,3
14474,3
14475,3
14476,3
14477,3
14478,3
14479,3
14480,3
14481,3
14482,3
14483,3
14484,3
14485,3
14486,3
14487,3
14488,3
14489,3
14490,3
14491,3
14492,3
14493,3
14494,3
14495,3
14496,3
14497,3
14498,3
14499,3
14500,3
14501,3
14502,3
14503,3
14504,3
14505,3
14506,3
14507,3
14508,3
14509,3
14510,3
14511,3
14512,3
14513,3
14514,3
14515,3
14516,3
14517,3
14518,3
14519,3
14520,3
14521,3
14522,3
14523,3
14524,3
14525,3
14526,3
14527,3
14528,3
14529,3
14530,3
14531,3
14532,3
14533,3
14534,3
14535,3
14536,3
14537,3
14538,3
14539,3
14540,3
14541,3
14542,3
14543,3
14544,3
14545,3
14546,3
14547,3
14548,3
14549,3
14550,3
14551,3
14552,3
14553,3
14554,3
14555,3
14556,3
14557,3
14558,3
14559,3
14560,3
14561,3
14562,3
14563,3
14564,3
14565,3
14566,3
14567,3
14568,3
14569,3
14570,3
14571,3
14572,3
14573,3
14574,3
14575,3
14576,3
14577,3
14578,3
14579,3
14580,3
14581,3
14582,3
14583,3
14584,3
14585,3
14586,3
14587,3
14588,3
14589,3
14590,3
14591,3
14592,3
14593,3
14594,2
14595,3
14596,3
14597,3
14598,3
14599,3
14600,3
14601,3
14602,3
14603,3
14604,3
14605,3
14606,3
14607,3
14608,3
14609,3
14610,3
14611,3
14612,3
14613,3
14614,3
14615,3
14616,3
14617,3
14618,3
14619,3
14620,3
14621,3
14622,3
14623,3
14624,3
14625,3
14626,3
14627,3
14628,3
14629,3
14630,3
14631,3
14632,3
14633,3
14634,3
14635,3
14636,3
14637,3
14638,3
14639,3
14640,3
14641,3
14642,3
14643,3
14644,3
14645,3
14646,3
14647,3
14648,3
14649,3
14650,3
14651,3
14652,3
14653,3
14654,3
14655,3
14656,3
14657,3
14658,3
14659,3
14660,3
14661,3
14662,3
14663,3
14664,3
14665,3
14666,3
14667,3
14668,3
14669,3
14670,3
14671,3
14672,3
14673,3
14674,3
14675,3
14676,3
14677,3
14678,3
14679,3
14680,3
14681,3
14682,3
14683,3
14684,3
14685,3
14686,3
14687,3
14688,3
14689,3
14690,3
14691,3
14692,3
14693,3
14694,3
14695,3
14696,3
14697,3
14698,3
14699,3
14700,3
14701,3
14702,3
14703,3
14704,3
14705,3
14706,3
14707,3
14708,3
14709,3
14710,3
14711,3
14712,3
14713,3
14714,3
14715,3
14716,3
14717,3
14718,3
14719,3
14720,3
14721,3
14722,3
14723,3
14724,3
14725,3
14726,3
14727,3
14728,3
14729,3
14730,3
14731,3
14732,3
14733,3
14734,3
14735,3
14736,3
14737,3
14738,3
14739,3
14740,3
14741,3
14742,3
14743,3
14744,3
14745,3
14746,3
14747,3
14748,3
14749,3
14750,3
14751,3
14752,3
14753,3
14754,3
14755,3
14756,3
14757,3
14758,3
14759,3
14760,3
14761,3
14762,3
14763,3
14764,3
14765,3
14766,3
14767,3
14768,3
14769,3
14770,3
14771,3
14772,3
14773,3
14774,3
14775,3
14776,3
14777,3
14778,3
14779,3
14780,3
14781,3
14782,3
14783,3
14784,3
14785,3
14786,3
14787,3
14788,3
14789,3
14790,3
14791,3
14792,3
14793,3
14794,3
14795,3
14796,3
14797,3
14798,3
14799,3
14800,3
14801,3
14802,3
14803,3
14804,3
14805,3
14806,3
14807,3
14808,3
14809,3
14810,3
14811,3
14812,3
14813,3
14814,3
14815,3
14816,3
14817,3
14818,3
14819,3
14820,3
14821,3
14822,3
14823,3
14824,3
14825,3
14826,3
14827,3
14828,3
14829,3
14830,3
14831,3
14832,3
14833,3
14834,3
14835,3
14836,3
14837,3
14838,3
14839,3
14840,3
14841,3
14842,3
14843,3
14844,3
14845,3
14846,3
14847,3
14848,3
14849,3
14850,3
14851,3
14852,3
14853,3
14854,3
14855,3
14856,3
14857,3
14858,3
14859,3
14860,3
14861,3
14862,3
14863,3
14864,3
14865,3
14866,3
14867,3
14868,3
14869,3
14870,3
14871,3
14872,3
14873,3
14874,3
14875,3
14876,3
14877,3
14878,3
14879,3
14880,3
14881,3
14882,3
14883,3
14884,3
14885,3
14886,3
14887,3
14888,3
14889,3
14890,3
14891,3
14892,3
14893,3
14894,3
14895,3
14896,3
14897,3
14898,3
14899,3
14900,3
14901,3
14902,3
14903,3
14904,3
14905,3
14906,3
14907,3
14908,3
14909,3
14910,3
14911,3
14912,3
14913,3
14914,3
14915,3
14916,3
14917,3
14918,3
14919,3
14920,3
14921,3
14922,3
14923,3
14924,3
14925,3
14926,3
14927,3
14928,3
14929,3
14930,3
14931,3
14932,3
14933,3
14934,3
14935,3
14936,3
14937,3
14938,3
14939,3
14940,3
14941,3
14942,3
14943,3
14944,3
14945,3
14946,3
14947,3
14948,3
14949,3
14950,3
14951,3
14952,3
14953,3
14954,3
14955,3
14956,3
14957,3
14958,3
14959,3
14960,3
14961,3
14962,3
14963,3
14964,3
14965,3
14966,3
14967,3
14968,3
14969,3
14970,3
14971,3
14972,3
14973,3
14974,3
14975,3
14976,3
14977,3
14978,3
14979,3
14980,3
14981,3
14982,3
14983,3
14984,3
14985,3
14986,3
14987,3
14988,3
14989,3
14990,3
14991,3
14992,3
14993,3
14994,3
14995,3
14996,3
14997,3
14998,3
14999,3
15000,3
15001,3
15002,3
15003,3
15004,3
15005,3
15006,3
15007,3
15008,3
15009,3
15010,3
15011,3
15012,3
15013,3
15014,3
15015,3
15016,3
15017,3
15018,3
15019,3
15020,3
15021,3
15022,3
15023,3
15024,3
15025,3
15026,3
15027,3
15028,3
15029,3
15030,3
15031,3
15032,3
15033,3
15034,3
15035,3
15036,3
15037,3
15038,3
15039,3
15040,3
15041,3
15042,3
15043,3
15044,3
15045,3
15046,3
15047,3
15048,3
15049,3
15050,3
15051,3
15052,3
15053,3
15054,3
15055,3
15056,3
15057,3
15058,3
15059,3
15060,3
15061,3
15062,3
15063,3
15064,3
15065,3
15066,3
15067,3
15068,3
15069,3
15070,3
15071,3
15072,3
15073,3
15074,3
15075,3
15076,3
15077,3
15078,3
15079,3
15080,3
15081,3
15082,3
15083,3
15084,3
15085,3
15086,3
15087,3
15088,3
15089,3
15090,3
15091,3
15092,3
15093,3
15094,3
15095,3
15096,3
15097,3
15098,3
15099,3
15100,3
15101,3
15102,3
15103,3
15104,3
15105,3
15106,3
15107,3
15108,3
15109,3
15110,3
15111,3
15112,3
15113,3
15114,3
15115,3
15116,3
15117,3
15118,3
15119,3
15120,3
15121,3
15122,3
15123,3
15124,3
15125,3
15126,3
15127,3
15128,3
15129,3
15130,3
15131,3
15132,3
15133,3
15134,3
15135,3
15136,3
15137,3
15138,3
15139,3
15140,3
15141,3
15142,3
15143,3
15144,3
15145,3
15146,3
15147,3
15148,3
15149,3
15150,3
15151,3
15152,3
15153,3
15154,3
15155,3
15156,3
15157,3
15158,3
15159,3
15160,3
15161,3
15162,3
15163,3
15164,3
15165,3
15166,3
15167,3
15168,3
15169,3
15170,3
15171,3
15172,3
15173,3
15174,3
15175,3
15176,3
15177,3
15178,3
15179,3
15180,3
15181,3
15182,3
15183,3
15184,3
15185,3
15186,3
15187,3
15188,3
15189,3
15190,3
15191,3
15192,3
15193,3
15194,3
15195,3
15196,3
15197,3
15198,3
15199,3
15200,3
15201,3
15202,3
15203,3
15204,3
15205,3
15206,3
15207,3
15208,3
15209,3
15210,3
15211,3
15212,3
15213,3
15214,3
15215,3
15216,3
15217,3
15218,3
15219,3
15220,3
15221,3
15222,3
15223,3
15224,3
15225,3
15226,3
15227,3
15228,3
15229,3
15230,3
15231,3
15232,3
15233,3
15234,3
15235,3
15236,3
15237,3
15238,3
15239,3
15240,3
15241,3
15242,3
15243,3
15244,3
15245,3
15246,3
15247,3
15248,3
15249,3
15250,3
15251,3
15252,3
15253,3
15254,3
15255,3
15256,3
15257,3
15258,3
15259,3
15260,3
15261,3
15262,3
15263,3
15264,3
15265,3
15266,3
15267,3
15268,3
15269,3
15270,3
15271,3
15272,3
15273,3
15274,3
15275,3
15276,3
15277,3
15278,3
15279,3
15280,3
15281,3
15282,3
15283,3
15284,3
15285,3
15286,3
15287,3
15288,3
15289,3
15290,3
15291,3
15292,3
15293,3
15294,3
15295,3
15296,3
15297,3
15298,3
15299,3
15300,3
15301,3
15302,2
15303,3
15304,3
15305,3
15306,3
15307,3
15308,3
15309,3
15310,3
15311,3
15312,3
15313,3
15314,3
15315,3
15316,3
15317,3
15318,3
15319,3
15320,3
15321,3
15322,3
15323,3
15324,3
15325,3
15326,3
15327,3
15328,3
15329,3
15330,3
15331,3
15332,3
15333,3
15334,3
15335,3
15336,3
15337,3
15338,3
15339,3
15340,3
15341,3
15342,3
15343,3
15344,3
15345,3
15346,3
15347,3
15348,3
15349,3
15350,3
15351,3
15352,3
15353,3
15354,3
15355,3
15356,3
15357,3
15358,3
15359,3
15360,3
15361,3
15362,3
15363,3
15364,3
15365,3
15366,3
15367,3
15368,3
15369,3
15370,3
15371,3
15372,3
15373,3
15374,3
15375,3
15376,3
15377,3
15378,3
15379,3
15380,3
15381,3
15382,3
15383,3
15384,3
15385,3
15386,3
15387,3
15388,3
15389,3
15390,3
15391,3
15392,3
15393,3
15394,3
15395,3
15396,3
15397,3
15398,3
15399,3
15400,3
15401,3
15402,3
15403,3
15404,3
15405,3
15406,3
15407,3
15408,3
15409,3
15410,3
15411,3
15412,3
15413,3
15414,3
15415,3
15416,3
15417,3
15418,3
15419,3
15420,3
15421,3
15422,3
15423,3
15424,3
15425,3
15426,3
15427,3
15428,3
15429,3
15430,3
15431,3
15432,3
15433,3
15434,3
15435,3
15436,3
15437,3
15438,3
15439,3
15440,3
15441,3
15442,3
15443,3
15444,3
15445,3
15446,3
15447,3
15448,3
15449,3
15450,3
15451,3
15452,3
15453,3
15454,3
15455,3
15456,3
15457,3
15458,3
15459,3
15460,3
15461,3
15462,3
15463,3
15464,3
15465,3
15466,3
15467,3
15468,3
15469,3
15470,3
15471,3
15472,3
15473,3
15474,3
15475,3
15476,3
15477,3
15478,3
15479,3
15480,3
15481,3
15482,3
15483,3
15484,3
15485,3
15486,3
15487,3
15488,3
15489,3
15490,3
15491,3
15492,3
15493,3
15494,3
15495,3
15496,3
15497,3
15498,3
15499,3
15500,3
15501,3
15502,3
15503,3
15504,3
15505,3
15506,3
15507,3
15508,3
15509,3
15510,3
15511,2
15512,3
15513,3
15514,3
15515,3
15516,3
15517,3
15518,3
15519,3
15520,3
15521,3
15522,3
15523,3
15524,3
15525,3
15526,3
15527,3
15528,3
15529,3
15530,3
15531,3
15532,3
15533,3
15534,3
15535,3
15536,3
15537,3
15538,3
15539,3
15540,3
15541,3
15542,3
15543,3
15544,3
15545,3
15546,3
15547,3
15548,3
15549,3
15550,3
15551,3
15552,3
15553,3
15554,3
15555,3
15556,3
15557,3
15558,3
15559,3
15560,3
15561,3
15562,3
15563,3
15564,3
15565,3
15566,3
15567,3
15568,3
15569,3
15570,3
15571,3
15572,3
15573,3
15574,3
15575,3
15576,3
15577,3
15578,3
15579,3
15580,3
15581,3
15582,3
15583,3
15584,3
15585,3
15586,3
15587,3
15588,3
15589,3
15590,3
15591,3
15592,3
15593,3
15594,3
15595,3
15596,3
15597,3
15598,3
15599,3
15600,3
15601,3
15602,3
15603,3
15604,3
15605,3
15606,3
15607,3
15608,3
15609,3
15610,3
15611,3
15612,3
15613,3
15614,3
15615,3
15616,3
15617,3
15618,3
15619,3
15620,3
15621,3
15622,3
15623,3
15624,3
15625,3
15626,3
15627,3
15628,3
15629,3
15630,3
15631,3
15632,3
15633,3
15634,3
15635,3
15636,3
15637,3
15638,3
15639,3
15640,3
15641,3
15642,3
15643,3
15644,3
15645,3
15646,3
15647,3
15648,3
15649,3
15650,3
15651,3
15652,3
15653,3
15654,3
15655,3
15656,3
15657,3
15658,3
15659,3
15660,3
15661,3
15662,3
15663,3
15664,3
15665,3
15666,3
15667,3
15668,3
15669,3
15670,3
15671,3
15672,3
15673,3
15674,3
15675,3
15676,3
15677,3
15678,3
15679,3
15680,3
15681,3
15682,3
15683,3
15684,3
15685,3
15686,3
15687,3
15688,3
15689,3
15690,3
15691,3
15692,3
15693,3
15694,3
15695,3
15696,3
15697,2
15698,3
15699,3
15700,3
15701,2
15702,3
15703,3
15704,3
15705,3
15706,3
15707,3
15708,2
15709,3
15710,3
15711,3
15712,3
15713,3
15714,3
15715,3
15716,3
15717,3
15718,3
15719,3
15720,3
15721,3
15722,3
15723,3
15724,3
15725,3
15726,3
15727,3
15728,3
15729,3
15730,3
15731,3
15732,3
15733,3
15734,3
15735,3
15736,3
15737,3
15738,2
15739,2
15740,3
15741,3
15742,3
15743,3
15744,3
15745,2
15746,3
15747,3
15748,3
15749,3
15750,2
15751,2
15752,3
15753,3
15754,3
15755,3
15756,3
15757,3
15758,3
15759,3
15760,3
15761,3
15762,3
15763,3
15764,3
15765,3
15766,3
15767,3
15768,3
15769,3
15770,3
15771,3
15772,3
15773,3
15774,3
15775,3
15776,3
15777,3
15778,3
15779,3
15780,3
15781,3
15782,3
15783,3
15784,3
15785,3
15786,3
15787,3
15788,3
15789,3
15790,3
15791,3
15792,3
15793,3
15794,3
15795,3
15796,3
15797,3
15798,3
15799,3
15800,3
15801,3
15802,3
15803,3
15804,3
15805,3
15806,3
15807,3
15808,3
15809,3
15810,3
15811,3
15812,3
15813,3
15814,2
15815,3
15816,3
15817,3
15818,3
15819,3
15820,3
15821,3
15822,3
15823,3
15824,3
15825,3
15826,3
15827,3
15828,3
15829,3
15830,3
15831,3
15832,3
15833,3
15834,3
15835,3
15836,3
15837,3
15838,3
15839,3
15840,3
15841,3
15842,3
15843,3
15844,3
15845,3
15846,3
15847,3
15848,3
15849,3
15850,3
15851,3
15852,3
15853,3
15854,3
15855,3
15856,3
15857,3
15858,3
15859,3
15860,3
15861,3
15862,3
15863,3
15864,3
15865,3
15866,3
15867,3
15868,3
15869,3
15870,3
15871,3
15872,3
15873,3
15874,3
15875,3
15876,3
15877,3
15878,3
15879,3
15880,3
15881,3
15882,3
15883,3
15884,3
15885,3
15886,3
15887,3
15888,3
15889,3
15890,3
15891,3
15892,3
15893,3
15894,3
15895,3
15896,3
15897,3
15898,3
15899,3
15900,3
15901,3
15902,3
15903,3
15904,3
15905,3
15906,3
15907,3
15908,3
15909,3
15910,3
15911,3
15912,3
15913,3
15914,3
15915,3
15916,3
15917,3
15918,3
15919,3
15920,3
15921,3
15922,3
15923,3
15924,3
15925,3
15926,3
15927,3
15928,3
15929,3
15930,3
15931,3
15932,3
15933,3
15934,3
15935,3
15936,3
15937,3
15938,3
15939,3
15940,3
15941,3
15942,3
15943,3
15944,3
15945,3
15946,3
15947,3
15948,3
15949,3
15950,3
15951,3
15952,3
15953,3
15954,3
15955,3
15956,3
15957,3
15958,3
15959,3
15960,3
15961,3
15962,3
15963,3
15964,3
15965,3
15966,3
15967,3
15968,3
15969,3
15970,3
15971,3
15972,3
15973,3
15974,3
15975,3
15976,3
15977,3
15978,3
15979,3
15980,3
15981,3
15982,3
15983,3
15984,3
15985,3
15986,3
15987,3
15988,3
15989,3
15990,3
15991,3
15992,3
15993,3
15994,3
15995,3
15996,3
15997,3
15998,3
15999,3
16000,3
16001,3
16002,3
16003,3
16004,3
16005,3
16006,3
16007,3
16008,3
16009,3
16010,3
16011,3
16012,3
16013,3
16014,3
16015,3
16016,3
16017,3
16018,3
16019,3
16020,3
16021,3
16022,3
16023,3
16024,3
16025,3
16026,3
16027,3
16028,3
16029,3
16030,3
16031,3
16032,3
16033,3
16034,3
16035,3
16036,3
16037,3
16038,3
16039,3
16040,3
16041,3
16042,3
16043,3
16044,3
16045,3
16046,3
16047,3
16048,3
16049,3
16050,3
16051,3
16052,3
16053,3
16054,3
16055,3
16056,3
16057,3
16058,3
16059,3
16060,3
16061,3
16062,3
16063,3
16064,3
16065,3
16066,3
16067,3
16068,3
16069,3
16070,3
16071,3
16072,3
16073,3
16074,3
16075,3
16076,3
16077,3
16078,3
16079,3
16080,3
16081,3
16082,3
16083,3
16084,3
16085,3
16086,3
16087,3
16088,3
16089,3
16090,3
16091,3
16092,3
16093,3
16094,3
16095,3
16096,3
16097,3
16098,3
16099,3
16100,3
16101,3
16102,3
16103,3
16104,3
16105,3
16106,3
16107,3
16108,3
16109,3
16110,3
16111,3
16112,3
16113,3
16114,3
16115,3
16116,3
16117,3
16118,3
16119,3
16120,3
16121,3
16122,3
16123,3
16124,3
16125,3
16126,3
16127,3
16128,3
16129,3
16130,3
16131,3
16132,3
16133,3
16134,3
16135,3
16136,3
16137,3
16138,3
16139,3
16140,3
16141,3
16142,3
16143,3
16144,3
16145,3
16146,3
16147,3
16148,3
16149,3
16150,3
16151,3
16152,3
16153,2
16154,2
16155,2
16156,3
16157,3
16158,3
16159,3
16160,3
16161,3
16162,3
16163,3
16164,3
16165,3
16166,3
16167,3
16168,3
16169,3
16170,3
16171,3
16172,3
16173,3
16174,3
16175,3
16176,3
16177,3
16178,3
16179,3
16180,3
16181,3
16182,3
16183,3
16184,3
16185,3
16186,3
16187,3
16188,3
16189,3
16190,3
16191,3
16192,3
16193,3
16194,3
16195,3
16196,3
16197,3
16198,3
16199,3
16200,3
16201,3
16202,3
16203,3
16204,3
16205,3
16206,3
16207,3
16208,3
16209,3
16210,3
16211,3
16212,3
16213,3
16214,3
16215,3
16216,3
16217,3
16218,3
16219,3
16220,3
16221,3
16222,3
16223,3
16224,3
16225,3
16226,3
16227,3
16228,3
16229,3
16230,3
16231,3
16232,3
16233,3
16234,3
16235,3
16236,3
16237,3
16238,3
16239,3
16240,3
16241,3
16242,3
16243,3
16244,3
16245,3
16246,3
16247,3
16248,3
16249,3
16250,3
16251,3
16252,3
16253,3
16254,3
16255,3
16256,3
16257,3
16258,3
16259,3
16260,3
16261,3
16262,3
16263,3
16264,3
16265,3
16266,3
16267,3
16268,3
16269,3
16270,3
16271,3
16272,3
16273,3
16274,3
16275,3
16276,3
16277,3
16278,3
16279,3
16280,3
16281,3
16282,3
16283,3
16284,3
16285,3
16286,3
16287,3
16288,3
16289,3
16290,3
16291,3
16292,3
16293,3
16294,3
16295,3
16296,3
16297,3
16298,3
16299,3
16300,3
16301,3
16302,3
16303,3
16304,3
16305,3
16306,3
16307,3
16308,3
16309,3
16310,3
16311,3
16312,3
16313,3
16314,3
16315,3
16316,3
16317,3
16318,3
16319,3
16320,3
16321,3
16322,3
16323,3
16324,3
16325,3
16326,3
16327,3
16328,3
16329,3
16330,3
16331,3
16332,3
16333,3
16334,3
16335,3
16336,3
16337,3
16338,3
16339,3
16340,3
16341,3
16342,3
16343,3
16344,3
16345,3
16346,3
16347,3
16348,3
16349,3
16350,3
16351,3
16352,3
16353,3
16354,3
16355,3
16356,3
16357,3
16358,3
16359,3
16360,3
16361,3
16362,3
16363,3
16364,3
16365,3
16366,3
16367,3
16368,3
16369,3
16370,3
16371,3
16372,2
16373,3
16374,3
16375,3
16376,3
16377,3
16378,2
16379,3
16380,3
16381,3
16382,3
16383,3
16384,3
16385,3
16386,3
16387,3
16388,3
16389,3
16390,3
16391,3
16392,3
16393,3
16394,3
16395,3
16396,3
16397,3
16398,3
16399,3
16400,3
16401,3
16402,3
16403,3
16404,3
16405,3
16406,3
16407,3
16408,3
16409,3
16410,3
16411,3
16412,3
16413,3
16414,3
16415,3
16416,3
16417,3
16418,3
16419,3
16420,3
16421,3
16422,3
16423,3
16424,2
16425,3
16426,2
16427,3
16428,3
16429,3
16430,3
16431,2
16432,2
16433,3
16434,3
16435,3
16436,3
16437,3
16438,3
16439,3
16440,3
16441,3
16442,3
16443,3
16444,3
16445,3
16446,3
16447,3
16448,3
16449,3
16450,3
16451,3
16452,3
16453,3
16454,3
16455,3
16456,3
16457,3
16458,3
16459,3
16460,3
16461,3
16462,3
16463,3
16464,3
16465,3
16466,3
16467,3
16468,3
16469,3
16470,3
16471,3
16472,1
16473,1
16474,3
16475,3
16476,1
16477,8
16478,1
16479,4
16480,3
16481,3
16482,4
16483,7
16484,6
16485,6
16486,6
16487,3
16488,3
16489,6
16490,3
16491,3
16492,3
16493,3
16494,3
16495,3
16496,6
16497,3
16498,6
16499,6
16500,3
16501,3
16502,3
16503,3
16504,3
16505,3
16506,3
16507,3
16508,6
16509,3
16510,6
16511,3
16512,3
16513,3
16514,3
16515,6
16516,3
16517,6
16518,5
16519,1
16520,1
16521,1
16522,1
16523,1
16524,5
16525,5
16526,1
16527,1
16528,1
16529,1
16530,1
16531,1
16532,3
16533,5
16534,5
16535,5
16536,5
16537,5
16538,5
16539,5
16540,5
16541,5
16542,5
16543,5
16544,5
16545,5
16546,5
16547,5
16548,1
16549,5
16550,1
16551,5
16552,1
16553,5
16554,1
16555,5
16556,3
16557,3
16558,3
16559,1
16560,1
16561,1
16562,3
16563,1
16564,1
16565,3
16566,5
16567,5
16568,5
16569,3
16570,3
16571,3
16572,3
16573,6
16574,6
16575,3
16576,6
16577,3
16578,3
16579,3
16580,3
16581,6
16582,6
16583,3
16584,6
16585,3
16586,3
16587,3
16588,3
16589,3
16590,3
16591,3
16592,3
16593,6
16594,6
16595,3
16596,3
16597,3
16598,3
16599,3
16600,3
16601,3
16602,3
16603,3
16604,3
16605,3
16606,3
16607,3
16608,3
16609,6
16610,6
16611,3
16612,6
16613,6
16614,6
16615,3
16616,3
16617,6
16618,3
16619,6
16620,3
16621,5
16622,3
16623,5
16624,3
16625,5
16626,3
16627,5
16628,3
16629,3
16630,5
16631,3
16632,3
16633,3
16634,5
16635,5
16636,3
16637,3
16638,3
16639,3
16640,5
16641,5
16642,3
16643,3
16644,5
16645,5
16646,5
16647,5
16648,3
16649,5
16650,5
16651,3
16652,3
16653,5
16654,3
16655,1
16656,6
16657,6
16658,3
16659,3
16660,3
16661,3
16662,3
16663,3
16664,3
16665,6
16666,3
16667,3
16668,3
16669,3
16670,3
16671,8
16672,3
16673,6
16674,6
16675,6
16676,6
16677,3
16678,3
16679,3
16680,3
16681,3
16682,3
16683,3
16684,3
16685,3
16686,8
16687,3
16688,3
16689,3
16690,3
16691,6
16692,3
16693,3
16694,3
16695,6
16696,3
16697,3
16698,3
16699,6
16700,6
16701,6
16702,6
16703,6
16704,6
16705,6
16706,6
16707,6
16708,3
16709,3
16710,3
16711,3
16712,6
16713,6
16714,3
16715,3
16716,3
16717,3
16718,3
16719,3
16720,3
16721,3
16722,3
16723,3
16724,3
16725,3
16726,3
16727,3
16728,3
16729,3
16730,3
16731,3
16732,1
16733,1
16734,1
16735,1
16736,1
16737,1
16738,1
16739,1
16740,1
16741,1
16742,1
16743,1
16744,3
16745,3
16746,1
16747,3
16748,1
16749,3
16750,1
16751,1
16752,3
16753,3
16754,1
16755,1
16756,1
16757,1
16758,3
16759,3
16760,3
16761,3
16762,3
16763,1
16764,1
16765,1
16766,5
16767,1
16768,1
16769,1
16770,1
16771,1
16772,1
16773,1
16774,1
16775,1
16776,1
16777,3
16778,3
16779,3
16780,3
16781,6
16782,6
16783,6
16784,6
16785,6
16786,6
16787,3
16788,3
16789,3
16790,3
16791,3
16792,3
16793,3
16794,3
16795,3
16796,6
16797,3
16798,3
16799,3
16800,3
16801,3
16802,3
16803,3
16804,3
16805,3
16806,3
16807,3
16808,3
16809,3
16810,3
16811,3
16812,3
16813,3
16814,3
16815,3
16816,3
16817,3
16818,3
16819,3
16820,3
16821,3
16822,3
16823,3
16824,3
16825,3
16826,3
16827,3
16828,6
16829,6
16830,6
16831,6
16832,6
16833,6
16834,6
16835,6
16836,3
16837,4
16838,4
16839,8
16840,8
16841,8
16842,8
16843,7
16844,3
16845,3
16846,7
16847,7
16848,7
16849,6
16850,6
16851,6
16852,6
16853,6
16854,6
16855,6
16856,7
16857,6
16858,6
16859,6
16860,6
16861,3
16862,6
16863,3
16864,3
16865,6
16866,6
16867,6
16868,5
16869,5
16870,5
16871,5
16872,5
16873,5
16874,5
16875,5
16876,5
16877,5
16878,5
16879,6
16880,5
16881,5
16882,5
16883,5
16884,5
16885,5
16886,5
16887,5
16888,5
16889,5
16890,5
16891,5
16892,5
16893,5
16894,5
16895,5
16896,5
16897,3
16898,3
16899,3
16900,3
16901,3
16902,3
16903,3
16904,3
16905,3
16906,3
16907,3
16908,3
16909,3
16910,3
16911,3
16912,3
16913,6
16914,6
16915,6
16916,6
16917,3
16918,3
16919,3
16920,3
16921,4
16922,4
16923,4
16924,4
16925,4
16926,4
16927,4
16928,4
16929,4
16930,4
16931,4
16932,4
16933,4
16934,4
16935,4
16936,4
16937,4
16938,4
16939,4
16940,4
16941,4
16942,4
16943,3
16944,3
16945,8
16946,3
16947,8
16948,3
16949,8
16950,3
16951,8
16952,8
16953,7
16954,7
16955,7
16956,7
16957,7
16958,7
16959,7
16960,7
16961,7
16962,7
16963,7
16964,7
16965,1
16966,7
16967,7
16968,7
16969,7
16970,7
16971,7
16972,7
16973,7
16974,7
16975,7
16976,7
16977,7
16978,4
16979,4
16980,4
16981,4
16982,4
16983,3
16984,3
16985,4
16986,4
16987,3
16988,4
16989,4
16990,4
16991,4
16992,4
16993,4
16994,4
16995,4
16996,4
16997,3
16998,4
16999,1
17000,4
17001,3
17002,3
17003,4
17004,4
17005,4
17006,4
17007,4
17008,4
17009,4
17010,4
17011,3
17012,1
17013,4
17014,4
17015,1
17016,3
17017,3
17018,3
17019,3
17020,5
17021,1
17022,5
17023,5
17024,5
17025,5
17026,3
17027,3
17028,3
17029,5
17030,3
17031,5
17032,5
17033,1
17034,4
17035,4
17036,4
17037,4
17038,4
17039,4
17040,4
17041,4
17042,3
17043,3
17044,3
17045,3
17046,3
17047,3
17048,3
17049,3
17050,3
17051,3
17052,3
17053,3
17054,3
17055,3
17056,3
17057,3
17058,3
17059,3
17060,3
17061,3
17062,3
17063,3
17064,3
17065,3
17066,3
17067,3
17068,3
17069,3
17070,3
17071,3
17072,3
17073,3
17074,3
17075,3
17076,3
17077,3
17078,3
17079,3
17080,3
17081,3
17082,3
17083,3
17084,3
17085,3
17086,3
17087,3
17088,3
17089,3
17090,3
17091,3
17092,3
17093,3
17094,3
17095,3
17096,5
17097,5
17098,5
17099,6
17100,6
17101,3
17102,6
17103,3
17104,3
17105,6
17106,3
17107,6
17108,6
17109,3
17110,3
17111,3
17112,6
17113,3
17114,3
17115,3
17116,3
17117,3
17118,3
17119,3
17120,3
17121,3
17122,3
17123,3
17124,3
17125,3
17126,3
17127,3
17128,3
17129,3
17130,6
17131,3
17132,6
17133,6
17134,3
17135,6
17136,3
17137,3
17138,6
17139,3
17140,6
17141,6
17142,6
17143,3
17144,6
17145,6
17146,6
17147,6
17148,6
17149,6
17150,6
17151,6
17152,6
17153,3
17154,6
17155,3
17156,6
17157,6
17158,3
17159,6
17160,6
17161,6
17162,3
17163,6
17164,3
17165,6
17166,6
17167,3
17168,3
17169,6
17170,6
17171,3
17172,3
17173,1
17174,6
17175,6
17176,3
17177,1
17178,6
17179,3
17180,3
17181,3
17182,6
17183,3
17184,3
17185,3
17186,8
17187,3
17188,6
17189,3
17190,3
17191,6
17192,6
17193,6
17194,6
17195,6
17196,3
17197,6
17198,6
17199,6
17200,6
17201,6
17202,3
17203,3
17204,3
17205,3
17206,3
17207,3
17208,3
17209,3
17210,3
17211,3
17212,3
17213,3
17214,3
17215,4
17216,4
17217,3
17218,4
17219,4
17220,4
17221,4
17222,4
17223,4
17224,3
17225,3
17226,3
17227,3
17228,3
17229,8
17230,3
17231,3
17232,3
17233,3
17234,3
17235,3
17236,3
17237,3
17238,3
17239,8
17240,8
17241,3
17242,6
17243,3
17244,6
17245,3
17246,6
17247,3
17248,3
17249,6
17250,6
17251,3
17252,4
17253,4
17254,4
17255,6
17256,6
17257,6
17258,6
17259,7
17260,7
17261,7
17262,3
17263,3
17264,7
17265,7
17266,3
17267,3
17268,3
17269,3
17270,3
17271,3
17272,3
17273,3
17274,3
17275,3
17276,3
17277,3
17278,3
17279,3
17280,3
17281,3
17282,3
17283,8
17284,3
17285,3
17286,3
17287,3
17288,3
17289,3
17290,3
17291,3
17292,3
17293,3
17294,3
17295,3
17296,3
17297,3
17298,3
17299,3
17300,3
17301,3
17302,3
17303,3
17304,3
17305,3
17306,3
17307,3
17308,3
17309,3
17310,3
17311,3
17312,3
17313,3
17314,3
17315,3
17316,3
17317,3
17318,3
17319,8
17320,3
17321,3
17322,8
17323,8
17324,3
17325,3
17326,3
17327,3
17328,3
17329,3
17330,3
17331,1
17332,5
17333,3
17334,6
17335,3
17336,3
17337,3
17338,6
17339,6
17340,1
17341,1
17342,1
17343,1
17344,1
17345,3
17346,6
17347,1
17348,6
17349,3
17350,1
17351,6
17352,6
17353,6
17354,1
17355,6
17356,6
17357,3
17358,3
17359,6
17360,6
17361,6
17362,3
17363,3
17364,3
17365,3
17366,1
17367,1
17368,6
17369,1
17370,1
17371,1
17372,3
17373,6
17374,6
17375,3
17376,3
17377,1
17378,3
17379,3
17380,3
17381,6
17382,1
17383,5
17384,3
17385,3
17386,3
17387,1
17388,3
17389,5
17390,3
17391,5
17392,5
17393,3
17394,5
17395,5
17396,3
17397,5
17398,5
17399,5
17400,5
17401,5
17402,3
17403,3
17404,3
17405,5
17406,5
17407,5
17408,1
17409,1
17410,5
17411,3
17412,3
17413,5
17414,3
17415,1
17416,3
17417,1
17418,1
17419,5
17420,1
17421,5
17422,3
17423,1
17424,3
17425,5
17426,1
17427,1
17428,3
17429,5
17430,1
17431,3
17432,3
17433,3
17434,1
17435,1
17436,3
17437,3
17438,5
17439,3
17440,3
17441,5
17442,3
17443,3
17444,1
17445,3
17446,1
17447,5
17448,3
17449,1
17450,3
17451,3
17452,1
17453,1
17454,3
17455,1
17456,3
17457,1
17458,3
17459,1
17460,5
17461,1
17462,1
17463,5
17464,5
17465,1
17466,3
17467,3
17468,3
17469,3
17470,5
17471,5
17472,5
17473,1
17474,1
17475,1
17476,1
17477,3
17478,1
17479,1
17480,5
17481,1
17482,1
17483,3
17484,3
17485,1
17486,3
17487,1
17488,3
17489,3
17490,6
17491,3
17492,8
17493,6
17494,1
17495,1
17496,3
17497,1
17498,3
17499,3
17500,3
17501,1
17502,1
17503,3
17504,1
17505,3
17506,3
17507,3
17508,3
17509,3
17510,3
17511,3
17512,3
17513,3
17514,3
17515,3
17516,3
17517,3
17518,3
17519,3
17520,3
17521,3
17522,3
17523,3
17524,3
17525,5
17526,5
17527,5
17528,5
17529,5
17530,5
17531,5
17532,5
17533,5
17534,5
17535,5
17536,5
17537,5
17538,3
17539,3
17540,3
17541,3
17542,3
17543,5
17544,5
17545,5
17546,5
17547,5
17548,5
17549,3
17550,3
17551,3
17552,3
17553,3
17554,5
17555,5
17556,1
17557,5
17558,1
17559,1
17560,1
17561,1
17562,1
17563,1
17564,1
17565,5
17566,1
17567,1
17568,5
17569,1
17570,5
17571,1
17572,3
17573,1
17574,3
17575,1
17576,1
17577,3
17578,3
17579,3
17580,1
17581,3
17582,3
17583,3
17584,1
17585,3
17586,3
17587,3
17588,1
17589,3
17590,3
17591,3
17592,3
17593,3
17594,3
17595,3
17596,3
17597,3
17598,3
17599,3
17600,3
17601,3
17602,3
17603,3
17604,3
17605,1
17606,3
17607,3
17608,3
17609,3
17610,3
17611,3
17612,3
17613,3
17614,3
17615,3
17616,3
17617,5
17618,3
17619,1
17620,3
17621,3
17622,3
17623,1
17624,3
17625,5
17626,5
17627,5
17628,1
17629,3
17630,3
17631,3
17632,3
17633,1
17634,1
17635,5
17636,1
17637,5
17638,1
17639,1
17640,1
17641,3
17642,1
17643,5
17644,1
17645,3
17646,3
17647,3
17648,1
17649,1
17650,1
17651,1
17652,1
17653,3
17654,1
17655,3
17656,3
17657,1
17658,1
17659,1
17660,1
17661,1
17662,1
17663,1
17664,1
17665,3
17666,3
17667,3
17668,3
17669,1
17670,3
17671,3
17672,3
17673,1
17674,3
17675,3
17676,3
17677,1
17678,3
17679,3
17680,1
17681,1
17682,1
17683,1
17684,1
17685,1
17686,3
17687,1
17688,1
17689,1
17690,1
17691,1
17692,1
17693,1
17694,1
17695,1
17696,1
17697,1
17698,1
17699,1
17700,1
17701,1
17702,1
17703,1
17704,1
17705,1
17706,1
17707,1
17708,1
17709,1
17710,1
17711,4
17712,3
17713,3
17714,3
17715,3
17716,3
17717,3
17718,3
17719,3
17720,4
17721,4
17722,4
17723,6
17724,4
17725,8
17726,3
17727,3
17728,7
17729,4
17730,4
17731,4
17732,7
17733,7
17734,3
17735,8
17736,8
17737,8
17738,8
17739,8
17740,8
17741,8
17742,8
17743,4
17744,4
17745,4
17746,4
17747,4
17748,4
17749,3
17750,3
17751,3
17752,3
17753,3
17754,3
17755,3
17756,3
17757,3
17758,3
17759,3
17760,3
17761,3
17762,3
17763,3
17764,5
17765,5
17766,3
17767,3
17768,5
17769,5
17770,5
17771,5
17772,5
17773,5
17774,5
17775,3
17776,3
17777,7
17778,6
17779,6
17780,7
17781,6
17782,6
17783,7
17784,6
17785,6
17786,7
17787,7
17788,7
17789,7
17790,7
17791,7
17792,7
17793,7
17794,7
17795,7
17796,7
17797,7
17798,7
17799,6
17800,6
17801,7
17802,7
17803,7
17804,6
17805,6
17806,6
17807,6
17808,7
17809,7
17810,7
17811,7
17812,7
17813,7
17814,7
17815,7
17816,8
17817,3
17818,3
17819,3
17820,3
17821,8
17822,8
17823,3
17824,3
17825,3
17826,3
17827,3
17828,3
17829,8
17830,3
17831,3
17832,8
17833,3
17834,3
17835,3
17836,3
17837,3
17838,3
17839,3
17840,3
17841,3
17842,8
17843,3
17844,3
17845,3
17846,3
17847,3
17848,3
17849,3
17850,8
17851,8
17852,3
17853,8
17854,3
17855,3
17856,3
17857,3
17858,3
17859,3
17860,7
17861,7
17862,7
17863,7
17864,7
17865,7
17866,7
17867,7
17868,7
17869,7
17870,7
17871,7
17872,7
17873,3
17874,3
17875,7
17876,7
17877,7
17878,8
17879,8
17880,8
17881,3
17882,3
17883,8
17884,8
17885,4
17886,4
17887,4
17888,4
17889,3
17890,3
17891,3
17892,3
17893,3
17894,3
17895,3
17896,3
17897,3
17898,3
17899,3
17900,3
17901,3
17902,3
17903,3
17904,3
17905,8
17906,8
17907,3
17908,3
17909,3
17910,6
17911,6
17912,6
17913,6
17914,6
17915,3
17916,6
17917,6
17918,6
17919,3
17920,6
17921,6
17922,3
17923,6
17924,6
17925,6
17926,6
17927,7
17928,7
17929,7
17930,7
17931,7
17932,7
17933,7
17934,7
17935,7
17936,6
17937,6
17938,6
17939,7
17940,7
17941,7
17942,7
17943,7
17944,6
17945,6
17946,6
17947,6
17948,6
17949,6
17950,6
17951,6
17952,1
17953,6
17954,6
17955,6
17956,6
17957,6
17958,6
17959,6
17960,6
17961,6
17962,6
17963,6
17964,6
17965,6
17966,6
17967,6
17968,1
17969,4
17970,4
17971,4
17972,3
17973,3
17974,4
17975,4
17976,4
17977,3
17978,6
17979,6
17980,6
17981,6
17982,3
17983,3
17984,6
17985,3
17986,6
17987,6
17988,6
17989,6
17990,6
17991,6
17992,6
17993,6
17994,6
17995,6
17996,6
17997,6
17998,6
17999,3
18000,3
18001,3
18002,3
18003,6
18004,3
18005,3
18006,3
18007,3
18008,3
18009,6
18010,6
18011,6
18012,6
18013,6
18014,6
18015,8
18016,3
18017,3
18018,3
18019,8
18020,8
18021,3
18022,3
18023,3
18024,3
18025,8
18026,3
18027,3
18028,6
18029,3
18030,3
18031,3
18032,3
18033,6
18034,8
18035,3
18036,3
18037,3
18038,8
18039,3
18040,3
18041,8
18042,3
18043,3
18044,3
18045,8
18046,3
18047,3
18048,3
18049,6
18050,6
18051,3
18052,6
18053,6
18054,6
18055,6
18056,6
18057,6
18058,6
18059,3
18060,6
18061,3
18062,3
18063,6
18064,3
18065,6
18066,3
18067,3
18068,3
18069,3
18070,3
18071,3
18072,6
18073,6
18074,6
18075,6
18076,6
18077,6
18078,6
18079,3
18080,3
18081,7
18082,7
18083,7
18084,8
18085,8
18086,8
18087,4
18088,8
18089,4
18090,4
18091,4
18092,8
18093,4
18094,8
18095,3
18096,3
18097,3
18098,1
18099,3
18100,3
18101,5
18102,3
18103,3
18104,5
18105,3
18106,5
18107,6
18108,3
18109,6
18110,7
18111,7
18112,7
18113,7
18114,4
18115,6
18116,3
18117,1
18118,4
18119,4
18120,1
18121,3
18122,1
18123,4
18124,1
18125,3
18126,3
18127,3
18128,3
18129,6
18130,6
18131,6
18132,6
18133,6
18134,3
18135,6
18136,3
18137,3
18138,3
18139,3
18140,3
18141,3
18142,3
18143,6
18144,6
18145,6
18146,6
18147,7
18148,7
18149,7
18150,7
18151,7
18152,7
18153,7
18154,6
18155,6
18156,6
18157,6
18158,6
18159,6
18160,6
18161,3
18162,4
18163,4
18164,4
18165,3
18166,3
18167,3
18168,3
18169,3
18170,3
18171,3
18172,4
18173,4
18174,4
18175,3
18176,8
18177,8
18178,8
18179,7
18180,1
18181,3
18182,5
18183,5
18184,5
18185,5
18186,5
18187,3
18188,3
18189,6
18190,3
18191,3
18192,3
18193,6
18194,6
18195,6
18196,3
18197,6
18198,3
18199,3
18200,3
18201,3
18202,3
18203,3
18204,3
18205,3
18206,3
18207,8
18208,4
18209,4
18210,4
18211,4
18212,4
18213,3
18214,3
18215,3
18216,3
18217,3
18218,3
18219,3
18220,7
18221,7
18222,7
18223,3
18224,3
18225,3
18226,3
18227,4
18228,8
18229,4
18230,4
18231,8
18232,8
18233,8
18234,3
18235,3
18236,6
18237,6
18238,3
18239,3
18240,3
18241,6
18242,6
18243,6
18244,6
18245,3
18246,3
18247,3
18248,3
18249,3
18250,3
18251,3
18252,3
18253,3
18254,3
18255,3
18256,3
18257,3
18258,3
18259,6
18260,6
18261,6
18262,6
18263,6
18264,6
18265,6
18266,6
18267,6
18268,6
18269,6
18270,6
18271,6
18272,6
18273,6
18274,6
18275,3
18276,3
18277,3
18278,3
18279,3
18280,3
18281,3
18282,3
18283,3
18284,3
18285,4
18286,4
18287,4
18288,4
18289,4
18290,4
18291,4
18292,4
18293,4
18294,4
18295,8
18296,4
18297,3
18298,3
18299,3
18300,8
18301,8
18302,3
18303,3
18304,3
18305,3
18306,3
18307,8
18308,8
18309,8
18310,3
18311,3
18312,8
18313,3
18314,3
18315,3
18316,3
18317,3
18318,3
18319,3
18320,1
18321,1
18322,1
18323,1
18324,1
18325,1
18326,1
18327,1
18328,3
18329,1
18330,3
18331,3
18332,3
18333,3
18334,3
18335,3
18336,3
18337,8
18338,3
18339,1
18340,3
18341,3
18342,1
18343,3
18344,3
18345,3
18346,6
18347,3
18348,3
18349,3
18350,6
18351,3
18352,3
18353,3
18354,8
18355,3
18356,3
18357,8
18358,3
18359,8
18360,8
18361,3
18362,3
18363,1
18364,3
18365,6
18366,3
18367,6
18368,3
18369,6
18370,3
18371,7
18372,7
18373,1
18374,1
18375,7
18376,7
18377,7
18378,7
18379,1
18380,1
18381,1
18382,1
18383,1
18384,7
18385,1
18386,7
18387,1
18388,1
18389,1
18390,7
18391,1
18392,3
18393,3
18394,7
18395,7
18396,7
18397,1
18398,3
18399,1
18400,1
18401,7
18402,7
18403,1
18404,1
18405,1
18406,7
18407,7
18408,1
18409,1
18410,1
18411,7
18412,1
18413,7
18414,7
18415,7
18416,7
18417,7
18418,7
18419,7
18420,1
18421,7
18422,7
18423,7
18424,1
18425,1
18426,7
18427,1
18428,1
18429,1
18430,1
18431,7
18432,7
18433,1
18434,7
18435,7
18436,1
18437,7
18438,1
18439,1
18440,7
18441,1
18442,7
18443,1
18444,1
18445,1
18446,7
18447,1
18448,7
18449,7
18450,7
18451,1
18452,7
18453,7
18454,7
18455,1
18456,1
18457,1
18458,1
18459,1
18460,1
18461,1
18462,1
18463,1
18464,1
18465,1
18466,1
18467,1
18468,1
18469,3
18470,1
18471,1
18472,1
18473,1
18474,1
18475,1
18476,1
18477,1
18478,1
18479,1
18480,1
18481,1
18482,1
18483,8
18484,3
18485,3
18486,3
18487,8
18488,3
18489,6
18490,3
18491,6
18492,3
18493,3
18494,6
18495,6
18496,3
18497,3
18498,8
18499,3
18500,3
18501,3
18502,3
18503,6
18504,6
18505,6
18506,6
18507,6
18508,6
18509,6
18510,6
18511,6
18512,6
18513,6
18514,6
18515,3
18516,6
18517,6
18518,6
18519,6
18520,6
18521,6
18522,6
18523,3
18524,6
18525,6
18526,6
18527,1
18528,1
18529,6
18530,6
18531,3
18532,8
18533,3
18534,3
18535,7
18536,7
18537,7
18538,7
18539,7
18540,7
18541,7
18542,7
18543,3
18544,3
18545,3
18546,8
18547,7
18548,3
18549,3
18550,6
18551,6
18552,6
18553,6
18554,6
18555,6
18556,6
18557,6
18558,6
18559,6
18560,6
18561,6
18562,6
18563,3
18564,3
18565,3
18566,3
18567,3
18568,3
18569,3
18570,3
18571,3
18572,3
18573,3
18574,6
18575,6
18576,8
18577,3
18578,3
18579,8
18580,3
18581,3
18582,3
18583,3
18584,3
18585,3
18586,3
18587,8
18588,4
18589,3
18590,3
18591,3
18592,3
18593,3
18594,4
18595,3
18596,3
18597,3
18598,3
18599,3
18600,3
18601,3
18602,4
18603,4
18604,4
18605,4
18606,4
18607,4
18608,4
18609,3
18610,3
18611,3
18612,3
18613,3
18614,3
18615,3
18616,3
18617,3
18618,3
18619,7
18620,7
18621,6
18622,6
18623,6
18624,6
18625,6
18626,7
18627,7
18628,7
18629,6
18630,7
18631,7
18632,6
18633,6
18634,6
18635,6
18636,6
18637,6
18638,6
18639,6
18640,6
18641,6
18642,6
18643,6
18644,7
18645,7
18646,7
18647,7
18648,7
18649,6
18650,6
18651,6
18652,6
18653,6
18654,6
18655,6
18656,6
18657,6
18658,6
18659,6
18660,6
18661,6
18662,6
18663,6
18664,6
18665,6
18666,6
18667,6
18668,6
18669,6
18670,6
18671,6
18672,6
18673,6
18674,6
18675,6
18676,6
18677,4
18678,4
18679,6
18680,6
18681,6
18682,6
18683,3
18684,3
18685,3
18686,3
18687,3
18688,3
18689,3
18690,3
18691,3
18692,6
18693,3
18694,6
18695,6
18696,6
18697,3
18698,3
18699,3
18700,3
18701,3
18702,3
18703,3
18704,3
18705,3
18706,3
18707,3
18708,3
18709,3
18710,3
18711,3
18712,3
18713,3
18714,3
18715,3
18716,3
18717,3
18718,3
18719,3
18720,3
18721,3
18722,3
18723,3
18724,3
18725,3
18726,3
18727,3
18728,3
18729,3
18730,3
18731,3
18732,3
18733,3
18734,3
18735,3
18736,3
18737,3
18738,3
18739,3
18740,3
18741,3
18742,3
18743,3
18744,3
18745,3
18746,3
18747,3
18748,3
18749,3
18750,3
18751,3
18752,3
18753,3
18754,3
18755,3
18756,3
18757,3
18758,3
18759,3
18760,3
18761,3
18762,3
18763,3
18764,3
18765,3
18766,3
18767,3
18768,3
18769,3
18770,3
18771,3
18772,6
18773,6
18774,6
18775,6
18776,3
18777,3
18778,3
18779,3
18780,3
18781,3
18782,6
18783,6
18784,6
18785,6
18786,6
18787,6
18788,6
18789,6
18790,6
18791,6
18792,6
18793,6
18794,3
18795,3
18796,3
18797,6
18798,6
18799,6
18800,3
18801,3
18802,3
18803,3
18804,3
18805,3
18806,3
18807,3
18808,3
18809,3
18810,3
18811,3
18812,3
18813,3
18814,3
18815,3
18816,3
18817,3
18818,3
18819,3
18820,3
18821,3
18822,3
18823,3
18824,3
18825,3
18826,3
18827,3
18828,3
18829,3
18830,3
18831,3
18832,3
18833,3
18834,3
18835,3
18836,3
18837,3
18838,3
18839,3
18840,3
18841,3
18842,3
18843,3
18844,3
18845,3
18846,3
18847,3
18848,3
18849,4
18850,4
18851,8
18852,4
18853,8
18854,8
18855,8
18856,8
18857,8
18858,8
18859,8
18860,4
18861,4
18862,4
18863,4
18864,4
18865,4
18866,4
18867,4
18868,4
18869,4
18870,4
18871,4
18872,4
18873,6
18874,7
18875,4
18876,8
18877,4
18878,8
18879,4
18880,4
18881,8
18882,3
18883,4
18884,4
18885,4
18886,7
18887,7
18888,7
18889,7
18890,6
18891,6
18892,6
18893,6
18894,6
18895,3
18896,3
18897,3
18898,3
18899,3
18900,6
18901,6
18902,6
18903,4
18904,4
18905,7
18906,4
18907,8
18908,8
18909,8
18910,8
18911,8
18912,3
18913,3
18914,3
18915,3
18916,3
18917,4
18918,4
18919,3
18920,3
18921,3
18922,4
18923,3
18924,8
18925,4
18926,8
18927,4
18928,4
18929,8
18930,4
18931,8
18932,4
18933,8
18934,4
18935,4
18936,4
18937,8
18938,8
18939,8
18940,8
18941,8
18942,8
18943,4
18944,6
18945,6
18946,3
18947,3
18948,3
18949,3
18950,3
18951,3
18952,3
18953,3
18954,3
18955,5
18956,5
18957,5
18958,5
18959,5
18960,5
18961,3
18962,3
18963,3
18964,3
18965,3
18966,3
18967,3
18968,3
18969,3
18970,3
18971,3
18972,3
18973,3
18974,3
18975,3
18976,3
18977,3
18978,6
18979,6
18980,3
18981,3
18982,3
18983,3
18984,6
18985,6
18986,6
18987,6
18988,3
18989,3
18990,3
18991,5
18992,5
18993,5
18994,5
18995,3
18996,5
18997,3
18998,5
18999,5
19000,5
19001,5
19002,5
19003,5
19004,5
19005,5
19006,3
19007,3
19008,3
19009,5
19010,3
19011,5
19012,5
19013,5
19014,3
19015,3
19016,3
19017,5
19018,5
19019,3
19020,5
19021,5
19022,5
19023,3
19024,3
19025,3
19026,5
19027,3
19028,3
19029,3
19030,3
19031,5
19032,5
19033,3
19034,5
19035,3
19036,5
19037,5
19038,5
19039,5
19040,3
19041,5
19042,3
19043,5
19044,5
19045,3
19046,5
19047,3
19048,5
19049,5
19050,5
19051,5
19052,5
19053,3
19054,5
19055,5
19056,5
19057,3
19058,3
19059,3
19060,3
19061,3
19062,3
19063,3
19064,3
19065,3
19066,3
19067,3
19068,3
19069,3
19070,3
19071,5
19072,3
19073,5
19074,3
19075,3
19076,6
19077,3
19078,3
19079,3
19080,3
19081,3
19082,3
19083,3
19084,3
19085,3
19086,3
19087,3
19088,6
19089,6
19090,7
19091,7
19092,3
19093,3
19094,6
19095,7
19096,4
19097,4
19098,3
19099,3
19100,3
19101,3
19102,3
19103,3
19104,8
19105,5
19106,3
19107,3
19108,3
19109,3
19110,6
19111,3
19112,3
19113,3
19114,7
19115,7
19116,7
19117,7
19118,3
19119,6
19120,3
19121,3
19122,3
19123,3
19124,6
19125,6
19126,8
19127,3
19128,5
19129,3
19130,5
19131,5
19132,3
19133,3
19134,3
19135,3
19136,3
19137,3
19138,3
19139,3
19140,3
19141,3
19142,3
19143,5
19144,5
19145,5
19146,3
19147,3
19148,3
19149,5
19150,5
19151,5
19152,5
19153,3
19154,5
19155,3
19156,3
19157,5
19158,3
19159,3
19160,3
19161,3
19162,1
19163,5
19164,5
19165,5
19166,5
19167,5
19168,5
19169,1
19170,3
19171,5
19172,5
19173,3
19174,5
19175,5
19176,5
19177,5
19178,5
19179,5
19180,5
19181,5
19182,5
19183,5
19184,5
19185,5
19186,5
19187,5
19188,5
19189,5
19190,5
19191,5
19192,5
19193,5
19194,5
19195,5
19196,5
19197,5
19198,5
19199,5
19200,5
19201,6
19202,1
19203,6
19204,1
19205,8
19206,1
19207,6
19208,3
19209,3
19210,3
19211,6
19212,6
19213,6
19214,6
19215,6
19216,6
19217,1
19218,3
19219,6
19220,6
19221,6
19222,6
19223,6
19224,6
19225,6
19226,6
19227,6
19228,6
19229,1
19230,3
19231,3
19232,3
19233,3
19234,3
19235,3
19236,3
19237,3
19238,3
19239,3
19240,5
19241,5
19242,3
19243,1
19244,3
19245,1
19246,5
19247,5
19248,3
19249,3
19250,5
19251,3
19252,1
19253,3
19254,3
19255,1
19256,6
19257,6
19258,6
19259,6
19260,6
19261,3
19262,3
19263,3
19264,3
19265,3
19266,3
19267,4
19268,4
19269,6
19270,6
19271,6
19272,4
19273,8
19274,8
19275,4
19276,4
19277,6
19278,6
19279,6
19280,6
19281,7
19282,7
19283,6
19284,3
19285,3
19286,3
19287,3
19288,3
19289,7
19290,7
19291,7
19292,7
19293,7
19294,4
19295,3
19296,4
19297,4
19298,4
19299,4
19300,4
19301,4
19302,4
19303,1
19304,3
19305,3
19306,3
19307,8
19308,8
19309,8
19310,3
19311,4
19312,4
19313,4
19314,8
19315,8
19316,4
19317,4
19318,4
19319,4
19320,8
19321,8
19322,8
19323,4
19324,4
19325,4
19326,8
19327,4
19328,8
19329,8
19330,4
19331,4
19332,4
19333,8
19334,8
19335,8
19336,8
19337,8
19338,8
19339,7
19340,7
19341,7
19342,7
19343,7
19344,7
19345,7
19346,7
19347,7
19348,7
19349,7
19350,7
19351,7
19352,7
19353,7
19354,7
19355,1
19356,7
19357,3
19358,3
19359,3
19360,6
19361,6
19362,3
19363,3
19364,3
19365,6
19366,3
19367,3
19368,3
19369,3
19370,1
19371,1
19372,1
19373,6
19374,3
19375,3
19376,3
19377,3
19378,3
19379,6
19380,1
19381,6
19382,3
19383,1
19384,1
19385,6
19386,3
19387,6
19388,1
19389,1
19390,6
19391,3
19392,1
19393,8
19394,1
19395,7
19396,7
19397,7
19398,7
19399,7
19400,8
19401,3
19402,8
19403,8
19404,3
19405,8
19406,8
19407,3
19408,3
19409,3
19410,3
19411,3
19412,3
19413,3
19414,3
19415,8
19416,3
19417,3
19418,3
19419,3
19420,6
19421,1
19422,1
19423,1
19424,1
19425,1
19426,1
19427,1
19428,1
19429,7
19430,7
19431,7
19432,7
19433,3
19434,3
19435,3
19436,3
19437,6
19438,3
19439,3
19440,6
19441,3
19442,8
19443,8
19444,4
19445,4
19446,4
19447,8
19448,4
19449,4
19450,8
19451,8
19452,4
19453,8
19454,8
19455,4
19456,8
19457,8
19458,8
19459,4
19460,4
19461,4
19462,3
19463,3
19464,3
19465,3
19466,3
19467,3
19468,3
19469,3
19470,3
19471,4
19472,3
19473,3
19474,4
19475,3
19476,3
19477,4
19478,3
19479,3
19480,3
19481,3
19482,3
19483,3
19484,6
19485,6
19486,6
19487,3
19488,6
19489,6
19490,3
19491,3
19492,3
19493,3
19494,3
19495,8
19496,8
19497,8
19498,8
19499,8
19500,8
19501,4
19502,3
19503,3
19504,4
19505,4
19506,3
19507,8
19508,4
19509,4
19510,8
19511,8
19512,3
19513,3
19514,7
19515,3
19516,3
19517,3
19518,3
19519,3
19520,4
19521,4
19522,3
19523,3
19524,3
19525,3
19526,8
19527,3
19528,4
19529,8
19530,8
19531,4
19532,4
19533,4
19534,7
19535,7
19536,4
19537,8
19538,7
19539,7
19540,7
19541,3
19542,4
19543,4
19544,4
19545,4
19546,6
19547,6
19548,3
19549,6
19550,3
19551,8
19552,8
19553,8
19554,8
19555,8
19556,3
19557,8
19558,8
19559,8
19560,8
19561,8
19562,8
19563,8
19564,8
19565,8
19566,8
19567,8
19568,8
19569,8
19570,8
19571,8
19572,8
19573,8
19574,7
19575,7
19576,7
19577,7
19578,7
19579,7
19580,7
19581,3
19582,6
19583,6
19584,3
19585,6
19586,3
19587,3
19588,6
19589,6
19590,7
19591,6
19592,6
19593,7
19594,7
19595,7
19596,7
19597,8
19598,8
19599,8
19600,3
19601,6
19602,6
19603,6
19604,6
19605,6
19606,6
19607,6
19608,6
19609,6
19610,6
19611,6
19612,6
19613,6
19614,6
19615,6
19616,6
19617,6
19618,6
19619,6
19620,6
19621,6
19622,6
19623,6
19624,6
19625,6
19626,6
19627,6
19628,6
19629,3
19630,3
19631,3
19632,3
19633,3
19634,6
19635,6
19636,3
19637,3
19638,3
19639,8
19640,8
19641,8
19642,8
19643,8
19644,8
19645,8
19646,8
19647,3
19648,8
19649,3
19650,3
19651,3
19652,3
19653,3
19654,3
19655,3
19656,3
19657,3
19658,3
19659,3
19660,3
19661,3
19662,3
19663,3
19664,3
19665,3
19666,3
19667,3
19668,3
19669,3
19670,3
19671,3
19672,3
19673,8
19674,8
19675,3
19676,3
19677,8
19678,8
19679,8
19680,3
19681,3
19682,8
19683,3
19684,3
19685,4
19686,4
19687,4
19688,4
19689,3
19690,3
19691,4
19692,4
19693,4
19694,4
19695,3
19696,4
19697,4
19698,4
19699,4
19700,4
19701,4
19702,4
19703,4
19704,4
19705,4
19706,4
19707,4
19708,4
19709,4
19710,4
19711,3
19712,4
19713,4
19714,4
19715,4
19716,4
19717,4
19718,4
19719,3
19720,3
19721,4
19722,4
19723,4
19724,3
19725,3
19726,3
19727,3
19728,3
19729,3
19730,3
19731,4
19732,4
19733,4
19734,4
19735,4
19736,3
19737,3
19738,3
19739,3
19740,3
19741,3
19742,3
19743,3
19744,3
19745,3
19746,4
19747,4
19748,4
19749,4
19750,4
19751,4
19752,4
19753,4
19754,4
19755,3
19756,3
19757,3
19758,3
19759,4
19760,4
19761,4
19762,4
19763,3
19764,3
19765,3
19766,3
19767,3
19768,3
19769,3
19770,3
19771,3
19772,3
19773,3
19774,8
19775,8
19776,8
19777,8
19778,8
19779,8
19780,3
19781,6
19782,6
19783,3
19784,3
19785,3
19786,6
19787,6
19788,3
19789,3
19790,3
19791,3
19792,3
19793,3
19794,3
19795,3
19796,3
19797,3
19798,3
19799,3
19800,3
19801,3
19802,3
19803,3
19804,3
19805,3
19806,3
19807,3
19808,3
19809,3
19810,3
19811,3
19812,7
19813,7
19814,7
19815,6
19816,8
19817,3
19818,3
19819,3
19820,3
19821,3
19822,3
19823,3
19824,3
19825,3
19826,3
19827,3
19828,3
19829,3
19830,3
19831,3
19832,3
19833,3
19834,3
19835,3
19836,3
19837,3
19838,3
19839,3
19840,3
19841,3
19842,3
19843,3
19844,3
19845,3
19846,3
19847,3
19848,3
19849,3
19850,3
19851,3
19852,3
19853,3
19854,3
19855,3
19856,3
19857,3
19858,8
19859,3
19860,3
19861,3
19862,3
19863,3
19864,3
19865,3
19866,3
19867,3
19868,3
19869,3
19870,6
19871,6
19872,6
19873,6
19874,6
19875,6
19876,6
19877,6
19878,6
19879,6
19880,6
19881,6
19882,6
19883,6
19884,3
19885,6
19886,6
19887,6
19888,6
19889,6
19890,6
19891,6
19892,7
19893,1
19894,7
19895,1
19896,1
19897,7
19898,1
19899,7
19900,7
19901,7
19902,1
19903,1
19904,7
19905,7
19906,7
19907,7
19908,7
19909,7
19910,1
19911,1
19912,1
19913,7
19914,1
19915,1
19916,1
19917,1
19918,1
19919,1
19920,1
19921,1
19922,1
19923,7
19924,7
19925,1
19926,1
19927,1
19928,1
19929,1
19930,1
19931,1
19932,1
19933,1
19934,1
19935,1
19936,1
19937,1
19938,1
19939,1
19940,1
19941,1
19942,1
19943,1
19944,1
19945,1
19946,1
19947,1
19948,1
19949,1
19950,1
19951,7
19952,3
19953,3
19954,3
19955,1
19956,6
19957,6
19958,6
19959,3
19960,6
19961,3
19962,6
19963,6
19964,6
19965,6
19966,6
19967,6
19968,6
19969,7
19970,3
19971,7
19972,7
19973,7
19974,7
19975,7
19976,7
19977,7
19978,3
19979,7
19980,7
19981,7
19982,7
19983,7
19984,7
19985,7
19986,7
19987,7
19988,7
19989,7
19990,7
19991,7
19992,7
19993,7
19994,7
19995,7
19996,7
19997,7
19998,7
19999,4
20000,4
20001,4
20002,4
20003,4
20004,4
20005,4
20006,4
20007,4
20008,7
20009,6
20010,1
20011,6
20012,1
20013,1
20014,6
20015,6
20016,6
20017,1
20018,1
20019,1
20020,1
20021,1
20022,6
20023,3
20024,3
20025,6
20026,1
20027,1
20028,3
20029,6
20030,1
20031,6
20032,1
20033,6
20034,6
20035,1
20036,6
20037,1
20038,3
20039,3
20040,3
20041,3
20042,3
20043,3
20044,3
20045,3
20046,3
20047,3
20048,3
20049,3
20050,3
20051,3
20052,3
20053,3
20054,3
20055,3
20056,3
20057,3
20058,3
20059,3
20060,3
20061,3
20062,3
20063,3
20064,3
20065,3
20066,1
20067,3
20068,4
20069,1
20070,4
20071,3
20072,4
20073,3
20074,4
20075,3
20076,1
20077,3
20078,7
20079,7
20080,3
20081,3
20082,3
20083,3
20084,3
20085,3
20086,3
20087,3
20088,3
20089,3
20090,3
20091,3
20092,3
20093,3
20094,3
20095,3
20096,3
20097,3
20098,3
20099,3
20100,3
20101,1
20102,1
20103,1
20104,1
20105,7
20106,7
20107,7
20108,7
20109,7
20110,1
20111,1
20112,1
20113,1
20114,7
20115,7
20116,7
20117,7
20118,3
20119,7
20120,7
20121,7
20122,3
20123,3
20124,3
20125,3
20126,7
20127,7
20128,7
20129,7
20130,7
20131,7
20132,7
20133,1
20134,1
20135,1
20136,1
20137,1
20138,1
20139,1
20140,1
20141,1
20142,1
20143,1
20144,1
20145,1
20146,1
20147,3
20148,3
20149,3
20150,3
20151,3
20152,3
20153,3
20154,3
20155,3
20156,7
20157,7
20158,7
20159,7
20160,7
20161,3
20162,3
20163,3
20164,1
20165,3
20166,3
20167,3
20168,3
20169,3
20170,3
20171,3
20172,3
20173,3
20174,3
20175,3
20176,3
20177,3
20178,3
20179,3
20180,3
20181,3
20182,3
20183,3
20184,3
20185,3
20186,3
20187,3
20188,3
20189,3
20190,3
20191,4
20192,4
20193,1
20194,1
20195,3
20196,3
20197,1
20198,4
20199,4
20200,7
20201,6
20202,6
20203,6
20204,6
20205,6
20206,7
20207,6
20208,6
20209,6
20210,6
20211,6
20212,6
20213,6
20214,1
20215,1
20216,6
20217,6
20218,6
20219,6
20220,6
20221,6
20222,6
20223,6
20224,6
20225,1
20226,1
20227,6
20228,6
20229,6
20230,6
20231,6
20232,6
20233,1
20234,6
20235,6
20236,1
20237,1
20238,1
20239,6
20240,1
20241,6
20242,1
20243,6
20244,6
20245,6
20246,6
20247,1
20248,7
20249,4
20250,1
20251,4
20252,1
20253,1
20254,4
20255,1
20256,4
20257,4
20258,4
20259,4
20260,3
20261,3
20262,3
20263,3
20264,3
20265,3
20266,3
20267,3
20268,3
20269,3
20270,3
20271,3
20272,3
20273,3
20274,3
20275,3
20276,3
20277,3
20278,3
20279,3
20280,3
20281,3
20282,3
20283,3
20284,3
20285,3
20286,3
20287,3
20288,3
20289,3
20290,3
20291,3
20292,3
20293,3
20294,3
20295,3
20296,3
20297,3
20298,3
20299,3
20300,3
20301,3
20302,3
20303,3
20304,3
20305,3
20306,3
20307,3
20308,6
20309,6
20310,6
20311,6
20312,3
20313,3
20314,7
20315,7
20316,8
20317,3
20318,6
20319,3
20320,6
20321,3
20322,3
20323,6
20324,3
20325,6
20326,6
20327,6
20328,3
20329,3
20330,3
20331,3
20332,3
20333,3
20334,3
20335,3
20336,3
20337,3
20338,3
20339,3
20340,6
20341,6
20342,6
20343,6
20344,6
20345,6
20346,6
20347,6
20348,3
20349,6
20350,6
20351,3
20352,3
20353,3
20354,3
20355,3
20356,3
20357,3
20358,3
20359,3
20360,3
20361,3
20362,3
20363,3
20364,3
20365,3
20366,3
20367,3
20368,3
20369,4
20370,4
20371,4
20372,4
20373,6
20374,6
20375,3
20376,3
20377,3
20378,3
20379,3
20380,3
20381,6
20382,6
20383,3
20384,7
20385,7
20386,8
20387,4
20388,8
20389,4
20390,4
20391,4
20392,4
20393,4
20394,4
20395,4
20396,4
20397,4
20398,4
20399,4
20400,4
20401,4
20402,4
20403,4
20404,4
20405,4
20406,4
20407,4
20408,4
20409,4
20410,4
20411,4
20412,4
20413,4
20414,4
20415,4
20416,4
20417,4
20418,4
20419,4
20420,4
20421,4
20422,4
20423,4
20424,4
20425,4
20426,4
20427,4
20428,4
20429,4
20430,4
20431,4
20432,4
20433,4
20434,4
20435,4
20436,4
20437,4
20438,3
20439,3
20440,3
20441,3
20442,3
20443,3
20444,4
20445,4
20446,4
20447,3
20448,3
20449,3
20450,6
20451,6
20452,6
20453,6
20454,6
20455,6
20456,6
20457,6
20458,3
20459,3
20460,3
20461,3
20462,6
20463,6
20464,6
20465,6
20466,6
20467,6
20468,6
20469,6
20470,6
20471,6
20472,3
20473,3
20474,3
20475,6
20476,6
20477,6
20478,6
20479,3
20480,3
20481,3
20482,3
20483,3
20484,3
20485,3
20486,3
20487,3
20488,3
20489,3
20490,3
20491,3
20492,3
20493,3
20494,3
20495,3
20496,3
20497,3
20498,3
20499,3
20500,3
20501,3
20502,6
20503,3
20504,3
20505,3
20506,3
20507,3
20508,3
20509,6
20510,6
20511,6
20512,6
20513,6
20514,3
20515,3
20516,3
20517,3
20518,3
20519,3
20520,3
20521,3
20522,3
20523,3
20524,3
20525,3
20526,3
20527,3
20528,3
20529,3
20530,3
20531,3
20532,3
20533,3
20534,3
20535,3
20536,3
20537,6
20538,3
20539,6
20540,8
20541,3
20542,3
20543,8
20544,8
20545,3
20546,8
20547,8
20548,8
20549,3
20550,3
20551,3
20552,3
20553,3
20554,3
20555,3
20556,3
20557,3
20558,7
20559,7
20560,7
20561,7
20562,7
20563,7
20564,7
20565,7
20566,7
20567,7
20568,7
20569,7
20570,7
20571,7
20572,7
20573,7
20574,7
20575,7
20576,7
20577,7
20578,7
20579,7
20580,7
20581,7
20582,7
20583,7
20584,7
20585,7
20586,7
20587,7
20588,7
20589,7
20590,7
20591,7
20592,7
20593,7
20594,7
20595,7
20596,7
20597,7
20598,7
20599,7
20600,7
20601,7
20602,7
20603,7
20604,7
20605,7
20606,7
20607,7
20608,7
20609,7
20610,3
20611,3
20612,3
20613,3
20614,3
20615,7
20616,7
20617,7
20618,7
20619,3
20620,3
20621,3
20622,3
20623,3
20624,3
20625,3
20626,5
20627,3
20628,3
20629,6
20630,7
20631,7
20632,6
20633,6
20634,6
20635,7
20636,7
20637,7
20638,6
20639,6
20640,3
20641,6
20642,6
20643,6
20644,6
20645,6
20646,6
20647,7
20648,7
20649,6
20650,6
20651,6
20652,7
20653,7
20654,6
20655,6
20656,6
20657,6
20658,6
20659,7
20660,6
20661,6
20662,7
20663,7
20664,6
20665,6
20666,6
20667,6
20668,6
20669,6
20670,3
20671,6
20672,6
20673,7
20674,6
20675,6
20676,6
20677,6
20678,6
20679,3
20680,6
20681,6
20682,6
20683,3
20684,3
20685,3
20686,3
20687,3
20688,3
20689,3
20690,3
20691,3
20692,3
20693,3
20694,6
20695,3
20696,6
20697,6
20698,3
20699,6
20700,6
20701,3
20702,3
20703,6
20704,6
20705,3
20706,6
20707,7
20708,7
20709,7
20710,7
20711,7
20712,7
20713,7
20714,6
20715,6
20716,6
20717,6
20718,6
20719,6
20720,6
20721,6
20722,6
20723,6
20724,6
20725,6
20726,6
20727,6
20728,6
20729,6
20730,6
20731,6
20732,6
20733,1
20734,1
20735,1
20736,3
20737,1
20738,1
20739,1
20740,1
20741,1
20742,1
20743,1
20744,1
20745,1
20746,5
20747,3
20748,3
20749,3
20750,3
20751,3
20752,3
20753,3
20754,3
20755,3
20756,3
20757,3
20758,5
20759,3
20760,5
20761,3
20762,3
20763,3
20764,3
20765,3
20766,3
20767,6
20768,6
20769,6
20770,6
20771,6
20772,6
20773,6
20774,6
20775,6
20776,6
20777,6
20778,6
20779,6
20780,6
20781,6
20782,6
20783,6
20784,6
20785,6
20786,6
20787,6
20788,6
20789,6
20790,6
20791,6
20792,6
20793,6
20794,6
20795,6
20796,7
20797,6
20798,6
20799,6
20800,6
20801,6
20802,7
20803,7
20804,7
20805,6
20806,7
20807,3
20808,6
20809,6
20810,7
20811,7
20812,6
20813,6
20814,7
20815,7
20816,3
20817,3
20818,3
20819,1
20820,1
20821,1
20822,5
20823,1
20824,5
20825,5
20826,1
20827,5
20828,1
20829,3
20830,3
20831,5
20832,1
20833,3
20834,3
20835,3
20836,3
20837,3
20838,1
20839,3
20840,3
20841,3
20842,3
20843,3
20844,3
20845,1
20846,1
20847,1
20848,1
20849,1
20850,3
20851,8
20852,8
20853,8
20854,8
20855,3
20856,3
20857,6
20858,6
20859,6
20860,6
20861,6
20862,6
20863,1
20864,1
20865,1
20866,7
20867,7
20868,7
20869,7
20870,7
20871,7
20872,7
20873,7
20874,7
20875,7
20876,6
20877,3
20878,6
20879,3
20880,6
20881,6
20882,6
20883,3
20884,3
20885,3
20886,6
20887,6
20888,6
20889,6
20890,3
20891,6
20892,6
20893,6
20894,3
20895,6
20896,6
20897,6
20898,6
20899,6
20900,6
20901,6
20902,6
20903,6
20904,6
20905,6
20906,6
20907,6
20908,6
20909,6
20910,6
20911,6
20912,6
20913,6
20914,6
20915,6
20916,3
20917,6
20918,6
20919,6
20920,6
20921,6
20922,6
20923,3
20924,6
20925,6
20926,3
20927,3
20928,6
20929,6
20930,6
20931,3
20932,3
20933,3
20934,6
20935,6
20936,6
20937,6
20938,3
20939,3
20940,3
20941,3
20942,3
20943,3
20944,3
20945,3
20946,3
20947,7
20948,7
20949,7
20950,6
20951,6
20952,1
20953,1
20954,4
20955,4
20956,1
20957,4
20958,1
20959,4
20960,4
20961,3
20962,1
20963,7
20964,1
20965,1
20966,7
20967,7
20968,1
20969,7
20970,7
20971,1
20972,1
20973,7
20974,7
20975,1
20976,1
20977,7
20978,7
20979,7
20980,7
20981,7
20982,7
20983,7
20984,7
20985,7
20986,1
20987,1
20988,7
20989,4
20990,4
20991,8
20992,4
20993,3
20994,3
20995,3
20996,8
20997,8
20998,8
20999,8
21000,8
21001,8
21002,8
21003,8
21004,8
21005,8
21006,8
21007,8
21008,8
21009,8
21010,8
21011,8
21012,8
21013,8
21014,8
21015,8
21016,8
21017,8
21018,4
21019,8
21020,4
21021,3
21022,3
21023,3
21024,3
21025,3
21026,3
21027,3
21028,3
21029,3
21030,3
21031,3
21032,3
21033,3
21034,3
21035,3
21036,3
21037,3
21038,3
21039,3
21040,6
21041,3
21042,3
21043,6
21044,6
21045,6
21046,3
21047,6
21048,6
21049,6
21050,3
21051,6
21052,6
21053,6
21054,6
21055,6
21056,7
21057,7
21058,3
21059,3
21060,7
21061,7
21062,7
21063,7
21064,7
21065,3
21066,7
21067,7
21068,7
21069,7
21070,3
21071,3
21072,3
21073,3
21074,7
21075,7
21076,7
21077,7
21078,7
21079,8
21080,8
21081,3
21082,3
21083,3
21084,3
21085,7
21086,7
21087,8
21088,3
21089,8
21090,3
21091,3
21092,6
21093,6
21094,6
21095,6
21096,6
21097,6
21098,6
21099,6
21100,6
21101,6
21102,6
21103,6
21104,6
21105,7
21106,7
21107,6
21108,7
21109,7
21110,7
21111,7
21112,7
21113,7
21114,7
21115,7
21116,3
21117,3
21118,3
21119,5
21120,5
21121,3
21122,6
21123,6
21124,6
21125,6
21126,6
21127,6
21128,6
21129,6
21130,6
21131,6
21132,6
21133,6
21134,6
21135,3
21136,3
21137,3
21138,3
21139,3
21140,3
21141,3
21142,3
21143,3
21144,3
21145,6
21146,6
21147,6
21148,6
21149,6
21150,6
21151,3
21152,3
21153,6
21154,3
21155,6
21156,6
21157,4
21158,8
21159,3
21160,3
21161,3
21162,3
21163,3
21164,3
21165,3
21166,3
21167,3
21168,3
21169,3
21170,3
21171,3
21172,3
21173,3
21174,3
21175,3
21176,3
21177,8
21178,8
21179,8
21180,3
21181,3
21182,3
21183,7
21184,7
21185,7
21186,7
21187,4
21188,8
21189,8
21190,3
21191,6
21192,6
21193,3
21194,3
21195,3
21196,3
21197,8
21198,8
21199,8
21200,8
21201,8
21202,3
21203,7
21204,3
21205,3
21206,3
21207,3
21208,3
21209,3
21210,3
21211,7
21212,3
21213,3
21214,3
21215,3
21216,3
21217,3
21218,3
21219,3
21220,3
21221,3
21222,3
21223,3
21224,3
21225,3
21226,3
21227,3
21228,3
21229,4
21230,3
21231,3
21232,4
21233,4
21234,4
21235,4
21236,4
21237,4
21238,4
21239,4
21240,4
21241,4
21242,3
21243,3
21244,4
21245,4
21246,4
21247,3
21248,3
21249,3
21250,3
21251,3
21252,3
21253,3
21254,7
21255,7
21256,7
21257,3
21258,3
21259,3
21260,3
21261,3
21262,6
21263,3
21264,6
21265,6
21266,6
21267,6
21268,6
21269,6
21270,6
21271,6
21272,6
21273,6
21274,6
21275,6
21276,6
21277,6
21278,6
21279,6
21280,6
21281,6
21282,6
21283,6
21284,6
21285,6
21286,6
21287,6
21288,6
21289,6
21290,6
21291,6
21292,6
21293,6
21294,6
21295,6
21296,6
21297,6
21298,6
21299,6
21300,6
21301,6
21302,6
21303,6
21304,6
21305,6
21306,3
21307,3
21308,7
21309,7
21310,7
21311,3
21312,3
21313,1
21314,7
21315,1
21316,7
21317,1
21318,1
21319,1
21320,1
21321,1
21322,7
21323,1
21324,1
21325,7
21326,1
21327,1
21328,1
21329,7
21330,7
21331,7
21332,1
21333,7
21334,1
21335,1
21336,1
21337,7
21338,7
21339,1
21340,1
21341,1
21342,7
21343,1
21344,3
21345,3
21346,3
21347,3
21348,3
21349,3
21350,3
21351,7
21352,7
21353,7
21354,7
21355,7
21356,3
21357,3
21358,3
21359,3
21360,1
21361,1
21362,1
21363,7
21364,1
21365,1
21366,1
21367,7
21368,1
21369,7
21370,1
21371,1
21372,1
21373,1
21374,7
21375,1
21376,1
21377,7
21378,7
21379,1
21380,1
21381,1
21382,1
21383,1
21384,1
21385,1
21386,1
21387,1
21388,1
21389,1
21390,1
21391,1
21392,1
21393,1
21394,1
21395,1
21396,1
21397,1
21398,1
21399,7
21400,1
21401,7
21402,1
21403,1
21404,1
21405,7
21406,1
21407,1
21408,1
21409,7
21410,1
21411,1
21412,7
21413,1
21414,1
21415,1
21416,1
21417,1
21418,7
21419,7
21420,1
21421,7
21422,1
21423,1
21424,1
21425,1
21426,1
21427,1
21428,7
21429,1
21430,7
21431,1
21432,1
21433,1
21434,1
21435,1
21436,7
21437,1
21438,7
21439,1
21440,7
21441,1
21442,1
21443,1
21444,1
21445,7
21446,7
21447,4
21448,4
21449,4
21450,4
21451,4
21452,4
21453,4
21454,4
21455,4
21456,4
21457,4
21458,4
21459,4
21460,4
21461,4
21462,4
21463,4
21464,4
21465,4
21466,4
21467,3
21468,3
21469,3
21470,4
21471,4
21472,6
21473,6
21474,3
21475,6
21476,3
21477,6
21478,6
21479,6
21480,6
21481,6
21482,6
21483,3
21484,6
21485,6
21486,6
21487,6
21488,6
21489,6
21490,6
21491,6
21492,6
21493,3
21494,6
21495,6
21496,6
21497,6
21498,3
21499,6
21500,6
21501,6
21502,6
21503,6
21504,3
21505,3
21506,6
21507,6
21508,6
21509,6
21510,6
21511,6
21512,6
21513,1
21514,8
21515,1
21516,4
21517,4
21518,8
21519,4
21520,8
21521,8
21522,4
21523,4
21524,1
21525,4
21526,4
21527,4
21528,4
21529,4
21530,4
21531,3
21532,4
21533,3
21534,4
21535,4
21536,3
21537,4
21538,4
21539,4
21540,4
21541,4
21542,8
21543,3
21544,1
21545,1
21546,1
21547,1
21548,1
21549,1
21550,1
21551,1
21552,1
21553,1
21554,3
21555,1
21556,1
21557,1
21558,3
21559,1
21560,1
21561,1
21562,4
21563,4
21564,3
21565,8
21566,4
21567,7
21568,7
21569,7
21570,7
21571,3
21572,3
21573,3
21574,3
21575,3
21576,3
21577,3
21578,3
21579,3
21580,3
21581,3
21582,6
21583,6
21584,6
21585,6
21586,6
21587,6
21588,6
21589,3
21590,3
21591,3
21592,3
21593,6
21594,3
21595,3
21596,3
21597,6
21598,3
21599,6
21600,3
21601,3
21602,3
21603,3
21604,3
21605,3
21606,3
21607,8
21608,6
21609,8
21610,8
21611,8
21612,3
21613,3
21614,3
21615,3
21616,3
21617,3
21618,3
21619,3
21620,3
21621,3
21622,3
21623,3
21624,3
21625,3
21626,3
21627,3
21628,3
21629,6
21630,3
21631,8
21632,3
21633,7
21634,3
21635,3
21636,7
21637,7
21638,7
21639,7
21640,7
21641,7
21642,3
21643,7
21644,6
21645,6
21646,6
21647,6
21648,6
21649,6
21650,6
21651,6
21652,6
21653,8
21654,8
21655,8
21656,8
21657,3
21658,6
21659,6
21660,6
21661,6
21662,1
21663,3
21664,3
21665,6
21666,6
21667,7
21668,7
21669,7
21670,7
21671,6
21672,7
21673,7
21674,7
21675,7
21676,7
21677,7
21678,6
21679,6
21680,3
21681,6
21682,6
21683,6
21684,6
21685,3
21686,3
21687,8
21688,4
21689,8
21690,4
21691,4
21692,6
21693,4
21694,4
21695,4
21696,4
21697,6
21698,3
21699,3
21700,3
21701,3
21702,6
21703,3
21704,6
21705,6
21706,6
21707,6
21708,6
21709,6
21710,6
21711,6
21712,6
21713,3
21714,3
21715,6
21716,6
21717,6
21718,5
21719,3
21720,3
21721,3
21722,3
21723,3
21724,3
21725,3
21726,3
21727,3
21728,3
21729,6
21730,6
21731,3
21732,3
21733,6
21734,6
21735,4
21736,4
21737,4
21738,4
21739,4
21740,4
21741,4
21742,4
21743,4
21744,4
21745,4
21746,4
21747,4
21748,4
21749,8
21750,8
21751,3
21752,3
21753,3
21754,3
21755,3
21756,3
21757,3
21758,3
21759,3
21760,3
21761,3
21762,3
21763,3
21764,5
21765,3
21766,3
21767,8
21768,8
21769,8
21770,8
21771,8
21772,8
21773,8
21774,8
21775,8
21776,4
21777,8
21778,8
21779,8
21780,8
21781,8
21782,8
21783,8
21784,8
21785,8
21786,8
21787,8
21788,8
21789,8
21790,8
21791,8
21792,8
21793,8
21794,8
21795,8
21796,8
21797,8
21798,8
21799,8
21800,8
21801,8
21802,8
21803,8
21804,8
21805,4
21806,8
21807,8
21808,8
21809,8
21810,8
21811,4
21812,8
21813,4
21814,8
21815,8
21816,8
21817,8
21818,8
21819,8
21820,8
21821,8
21822,8
21823,8
21824,4
21825,8
21826,8
21827,8
21828,8
21829,8
21830,8
21831,5
21832,1
21833,5
21834,1
21835,1
21836,1
21837,1
21838,1
21839,1
21840,1
21841,5
21842,1
21843,1
21844,1
21845,5
21846,1
21847,1
21848,1
21849,1
21850,1
21851,1
21852,1
21853,1
21854,1
21855,1
21856,5
21857,1
21858,1
21859,5
21860,5
21861,1
21862,1
21863,1
21864,1
21865,1
21866,1
21867,1
21868,1
21869,5
21870,5
21871,1
21872,1
21873,1
21874,1
21875,5
21876,1
21877,5
21878,3
21879,3
21880,3
21881,3
21882,3
21883,3
21884,3
21885,3
21886,3
21887,3
21888,3
21889,3
21890,3
21891,3
21892,3
21893,3
21894,3
21895,3
21896,3
21897,3
21898,3
21899,6
21900,6
21901,6
21902,6
21903,6
21904,6
21905,6
21906,6
21907,6
21908,6
21909,6
21910,6
21911,6
21912,6
21913,6
21914,6
21915,6
21916,6
21917,6
21918,6
21919,6
21920,6
21921,6
21922,6
21923,6
21924,6
21925,6
21926,6
21927,6
21928,6
21929,6
21930,6
21931,6
21932,6
21933,6
21934,6
21935,6
21936,6
21937,3
21938,6
21939,3
21940,6
21941,6
21942,3
21943,6
21944,3
21945,3
21946,3
21947,6
21948,6
21949,6
21950,6
21951,3
21952,6
21953,3
21954,6
21955,6
21956,3
21957,3
21958,3
21959,6
21960,3
21961,3
21962,3
21963,6
21964,3
21965,6
21966,3
21967,3
21968,3
21969,6
21970,3
21971,3
21972,6
21973,3
21974,6
21975,3
21976,6
21977,3
21978,3
21979,6
21980,3
21981,6
21982,3
21983,3
21984,3
21985,3
21986,3
21987,3
21988,3
21989,6
21990,6
21991,3
21992,3
21993,3
21994,3
21995,3
21996,6
21997,3
21998,6
21999,6
22000,3
22001,3
22002,6
22003,3
22004,3
22005,3
22006,3
22007,3
22008,3
22009,3
22010,6
22011,3
22012,6
22013,6
22014,3
22015,3
22016,3
22017,6
22018,6
22019,3
22020,3
22021,3
22022,3
22023,3
22024,3
22025,6
22026,6
22027,6
22028,3
22029,3
22030,3
22031,3
22032,3
22033,3
22034,6
22035,3
22036,6
22037,3
22038,6
22039,3
22040,3
22041,3
22042,3
22043,6
22044,3
22045,3
22046,6
22047,3
22048,6
22049,3
22050,3
22051,3
22052,6
22053,3
22054,3
22055,7
22056,7
22057,3
22058,3
22059,3
22060,3
22061,3
22062,3
22063,3
22064,3
22065,3
22066,3
22067,3
22068,3
22069,3
22070,3
22071,3
22072,3
22073,3
22074,3
22075,3
22076,3
22077,3
22078,6
22079,6
22080,8
22081,6
22082,6
22083,3
22084,3
22085,3
22086,1
22087,5
22088,5
22089,5
22090,5
22091,5
22092,5
22093,5
22094,6
22095,6
22096,6
22097,6
22098,6
22099,6
22100,6
22101,6
22102,6
22103,6
22104,6
22105,6
22106,6
22107,6
22108,6
22109,6
22110,6
22111,6
22112,6
22113,6
22114,6
22115,6
22116,6
22117,6
22118,6
22119,6
22120,6
22121,6
22122,6
22123,6
22124,6
22125,6
22126,6
22127,6
22128,6
22129,6
22130,6
22131,6
22132,6
22133,6
22134,6
22135,3
22136,3
22137,3
22138,3
22139,3
22140,3
22141,3
22142,3
22143,3
22144,4
22145,4
22146,4
22147,4
22148,8
22149,8
22150,8
22151,8
22152,8
22153,3
22154,3
22155,3
22156,3
22157,3
22158,3
22159,3
22160,3
22161,3
22162,3
22163,3
22164,3
22165,3
22166,3
22167,3
22168,3
22169,3
22170,3
22171,3
22172,4
22173,4
22174,6
22175,6
22176,6
22177,6
22178,6
22179,6
22180,6
22181,6
22182,6
22183,6
22184,6
22185,6
22186,6
22187,6
22188,6
22189,6
22190,6
22191,6
22192,6
22193,6
22194,6
22195,6
22196,6
22197,6
22198,6
22199,6
22200,6
22201,6
22202,6
22203,6
22204,6
22205,6
22206,6
22207,6
22208,6
22209,6
22210,6
22211,6
22212,6
22213,6
22214,6
22215,6
22216,6
22217,6
22218,6
22219,6
22220,6
22221,6
22222,6
22223,6
22224,6
22225,6
22226,6
22227,6
22228,6
22229,6
22230,6
22231,6
22232,6
22233,6
22234,6
22235,6
22236,6
22237,6
22238,6
22239,6
22240,6
22241,3
22242,3
22243,8
22244,3
22245,3
22246,3
22247,3
22248,3
22249,3
22250,3
22251,3
22252,3
22253,3
22254,3
22255,3
22256,3
22257,3
22258,3
22259,3
22260,3
22261,3
22262,3
22263,3
22264,3
22265,3
22266,3
22267,3
22268,3
22269,3
22270,3
22271,3
22272,3
22273,3
22274,3
22275,3
22276,3
22277,3
22278,3
22279,3
22280,3
22281,3
22282,3
22283,8
22284,3
22285,3
22286,3
22287,3
22288,3
22289,3
22290,8
22291,8
22292,8
22293,8
22294,8
22295,8
22296,8
22297,8
22298,8
22299,8
22300,8
22301,8
22302,8
22303,8
22304,8
22305,8
22306,8
22307,8
22308,8
22309,8
22310,8
22311,8
22312,8
22313,8
22314,8
22315,8
22316,8
22317,8
22318,8
22319,8
22320,8
22321,8
22322,8
22323,8
22324,8
22325,8
22326,8
22327,6
22328,6
22329,6
22330,6
22331,6
22332,6
22333,6
22334,7
22335,7
22336,7
22337,6
22338,6
22339,6
22340,6
22341,6
22342,6
22343,6
22344,6
22345,6
22346,6
22347,6
22348,6
22349,6
22350,6
22351,6
22352,6
22353,6
22354,6
22355,6
22356,6
22357,6
22358,6
22359,6
22360,6
22361,6
22362,6
22363,6
22364,6
22365,6
22366,6
22367,6
22368,6
22369,6
22370,6
22371,6
22372,6
22373,6
22374,6
22375,6
22376,6
22377,6
22378,6
22379,6
22380,6
22381,6
22382,6
22383,6
22384,6
22385,6
22386,6
22387,6
22388,6
22389,6
22390,6
22391,6
22392,6
22393,6
22394,6
22395,6
22396,6
22397,6
22398,6
22399,6
22400,6
22401,3
22402,6
22403,6
22404,3
22405,6
22406,6
22407,6
22408,6
22409,3
22410,3
22411,3
22412,3
22413,3
22414,3
22415,3
22416,3
22417,3
22418,6
22419,3
22420,3
22421,3
22422,3
22423,3
22424,3
22425,6
22426,3
22427,3
22428,3
22429,6
22430,3
22431,3
22432,6
22433,3
22434,3
22435,3
22436,3
22437,3
22438,3
22439,6
22440,6
22441,6
22442,6
22443,6
22444,3
22445,6
22446,6
22447,6
22448,6
22449,6
22450,3
22451,3
22452,6
22453,3
22454,6
22455,6
22456,6
22457,6
22458,3
22459,3
22460,6
22461,6
22462,3
22463,6
22464,6
22465,3
22466,3
22467,6
22468,3
22469,3
22470,3
22471,6
22472,3
22473,6
22474,6
22475,3
22476,3
22477,3
22478,6
22479,3
22480,6
22481,6
22482,3
22483,6
22484,6
22485,3
22486,3
22487,6
22488,6
22489,3
22490,6
22491,6
22492,6
22493,6
22494,3
22495,6
22496,6
22497,6
22498,6
22499,6
22500,3
22501,3
22502,6
22503,6
22504,6
22505,3
22506,6
22507,3
22508,3
22509,3
22510,3
22511,3
22512,6
22513,3
22514,6
22515,3
22516,6
22517,6
22518,6
22519,6
22520,6
22521,6
22522,6
22523,3
22524,3
22525,6
22526,6
22527,6
22528,3
22529,6
22530,6
22531,6
22532,3
22533,1
22534,4
22535,4
22536,4
22537,4
22538,4
22539,4
22540,4
22541,3
22542,3
22543,4
22544,1
22545,4
22546,4
22547,4
22548,4
22549,4
22550,4
22551,1
22552,4
22553,4
22554,4
22555,1
22556,4
22557,4
22558,4
22559,7
22560,7
22561,7
22562,7
22563,7
22564,7
22565,7
22566,7
22567,7
22568,7
22569,7
22570,7
22571,7
22572,7
22573,7
22574,7
22575,7
22576,4
22577,4
22578,8
22579,8
22580,8
22581,4
22582,8
22583,1
22584,1
22585,3
22586,3
22587,1
22588,3
22589,3
22590,3
22591,3
22592,5
22593,3
22594,5
22595,5
22596,3
22597,3
22598,3
22599,3
22600,3
22601,3
22602,3
22603,3
22604,3
22605,3
22606,3
22607,3
22608,3
22609,3
22610,3
22611,3
22612,3
22613,3
22614,3
22615,3
22616,3
22617,3
22618,3
22619,3
22620,3
22621,5
22622,3
22623,3
22624,3
22625,3
22626,3
22627,5
22628,3
22629,5
22630,3
22631,3
22632,3
22633,3
22634,3
22635,3
22636,3
22637,3
22638,5
22639,5
22640,5
22641,3
22642,3
22643,5
22644,3
22645,3
22646,6
22647,3
22648,3
22649,3
22650,3
22651,3
22652,6
22653,6
22654,3
22655,6
22656,3
22657,3
22658,6
22659,3
22660,3
22661,6
22662,3
22663,6
22664,3
22665,3
22666,6
22667,3
22668,3
22669,6
22670,3
22671,3
22672,3
22673,3
22674,3
22675,3
22676,3
22677,3
22678,6
22679,6
22680,3
22681,3
22682,6
22683,3
22684,3
22685,3
22686,3
22687,3
22688,3
22689,3
22690,3
22691,6
22692,3
22693,3
22694,3
22695,3
22696,6
22697,6
22698,3
22699,3
22700,6
22701,3
22702,6
22703,6
22704,6
22705,3
22706,6
22707,3
22708,6
22709,3
22710,6
22711,3
22712,3
22713,3
22714,3
22715,3
22716,6
22717,6
22718,3
22719,5
22720,3
22721,5
22722,5
22723,3
22724,3
22725,5
22726,7
22727,7
22728,7
22729,7
22730,7
22731,7
22732,7
22733,7
22734,7
22735,7
22736,7
22737,7
22738,7
22739,7
22740,6
22741,6
22742,6
22743,6
22744,6
22745,6
22746,6
22747,6
22748,6
22749,6
22750,6
22751,6
22752,6
22753,6
22754,6
22755,6
22756,6
22757,6
22758,6
22759,6
22760,6
22761,6
22762,6
22763,6
22764,6
22765,6
22766,6
22767,6
22768,6
22769,6
22770,6
22771,6
22772,6
22773,6
22774,6
22775,6
22776,6
22777,6
22778,6
22779,6
22780,6
22781,6
22782,6
22783,6
22784,6
22785,6
22786,6
22787,6
22788,6
22789,6
22790,6
22791,6
22792,6
22793,6
22794,6
22795,6
22796,6
22797,3
22798,4
22799,4
22800,4
22801,4
22802,4
22803,4
22804,4
22805,1
22806,7
22807,1
22808,7
22809,1
22810,1
22811,1
22812,1
22813,7
22814,1
22815,1
22816,1
22817,1
22818,7
22819,4
22820,4
22821,4
22822,4
22823,4
22824,4
22825,4
22826,4
22827,4
22828,1
22829,1
22830,7
22831,4
22832,4
22833,4
22834,1
22835,1
22836,4
22837,4
22838,4
22839,1
22840,4
22841,1
22842,4
22843,4
22844,1
22845,4
22846,4
22847,4
22848,4
22849,4
22850,4
22851,4
22852,4
22853,8
22854,3
22855,3
22856,8
22857,3
22858,8
22859,8
22860,3
22861,8
22862,3
22863,3
22864,3
22865,8
22866,3
22867,8
22868,8
22869,3
22870,3
22871,3
22872,3
22873,3
22874,3
22875,8
22876,3
22877,8
22878,3
22879,8
22880,3
22881,8
22882,8
22883,8
22884,8
22885,3
22886,8
22887,3
22888,8
22889,3
22890,3
22891,3
22892,3
22893,8
22894,3
22895,3
22896,3
22897,8
22898,7
22899,7
22900,7
22901,7
22902,7
22903,7
22904,7
22905,7
22906,7
22907,7
22908,7
22909,7
22910,7
22911,7
22912,7
22913,7
22914,7
22915,7
22916,7
22917,7
22918,7
22919,7
22920,7
22921,7
22922,7
22923,7
22924,7
22925,3
22926,3
22927,3
22928,3
22929,3
22930,3
22931,3
22932,3
22933,3
22934,3
22935,3
22936,3
22937,3
22938,3
22939,3
22940,3
22941,3
22942,3
22943,3
22944,3
22945,3
22946,3
22947,3
22948,3
22949,3
22950,3
22951,3
22952,3
22953,3
22954,3
22955,3
22956,3
22957,3
22958,3
22959,3
22960,3
22961,3
22962,3
22963,3
22964,3
22965,3
22966,3
22967,3
22968,3
22969,3
22970,3
22971,3
22972,3
22973,3
22974,3
22975,3
22976,3
22977,3
22978,3
22979,3
22980,3
22981,3
22982,3
22983,3
22984,3
22985,3
22986,3
22987,3
22988,3
22989,3
22990,3
22991,3
22992,3
22993,3
22994,3
22995,3
22996,3
22997,3
22998,3
22999,3
23000,3
23001,3
23002,3
23003,3
23004,3
23005,3
23006,3
23007,3
23008,3
23009,3
23010,3
23011,3
23012,3
23013,3
23014,3
23015,3
23016,3
23017,3
23018,3
23019,3
23020,3
23021,3
23022,3
23023,3
23024,3
23025,3
23026,3
23027,3
23028,3
23029,3
23030,3
23031,3
23032,3
23033,3
23034,3
23035,3
23036,3
23037,3
23038,3
23039,3
23040,3
23041,3
23042,3
23043,3
23044,3
23045,3
23046,3
23047,3
23048,3
23049,3
23050,3
23051,3
23052,3
23053,3
23054,3
23055,7
23056,7
23057,7
23058,7
23059,7
23060,7
23061,7
23062,7
23063,3
23064,3
23065,3
23066,3
23067,3
23068,3
23069,3
23070,3
23071,3
23072,3
23073,3
23074,3
23075,3
23076,3
23077,3
23078,3
23079,3
23080,3
23081,3
23082,3
23083,3
23084,3
23085,3
23086,3
23087,3
23088,3
23089,3
23090,3
23091,3
23092,3
23093,3
23094,3
23095,3
23096,3
23097,3
23098,3
23099,3
23100,3
23101,3
23102,3
23103,3
23104,3
23105,3
23106,3
23107,3
23108,3
23109,3
23110,3
23111,3
23112,3
23113,3
23114,3
23115,3
23116,3
23117,3
23118,3
23119,3
23120,3
23121,3
23122,3
23123,3
23124,3
23125,3
23126,3
23127,3
23128,3
23129,3
23130,3
23131,3
23132,3
23133,3
23134,3
23135,3
23136,3
23137,3
23138,3
23139,4
23140,1
23141,4
23142,4
23143,4
23144,4
23145,1
23146,4
23147,1
23148,4
23149,4
23150,4
23151,4
23152,4
23153,4
23154,4
23155,4
23156,4
23157,4
23158,4
23159,4
23160,1
23161,4
23162,4
23163,4
23164,4
23165,4
23166,4
23167,4
23168,1
23169,4
23170,4
23171,4
23172,4
23173,4
23174,4
23175,4
23176,1
23177,4
23178,4
23179,4
23180,4
23181,1
23182,4
23183,4
23184,4
23185,4
23186,4
23187,4
23188,4
23189,4
23190,1
23191,4
23192,4
23193,1
23194,4
23195,4
23196,4
23197,4
23198,4
23199,4
23200,4
23201,4
23202,4
23203,4
23204,4
23205,4
23206,4
23207,1
23208,4
23209,4
23210,4
23211,4
23212,4
23213,4
23214,4
23215,4
23216,4
23217,4
23218,4
23219,3
23220,3
23221,3
23222,3
23223,3
23224,3
23225,3
23226,3
23227,3
23228,3
23229,3
23230,3
23231,3
23232,3
23233,3
23234,3
23235,3
23236,3
23237,3
23238,3
23239,3
23240,3
23241,3
23242,3
23243,3
23244,3
23245,3
23246,3
23247,3
23248,3
23249,3
23250,3
23251,3
23252,3
23253,3
23254,3
23255,3
23256,3
23257,3
23258,3
23259,3
23260,3
23261,3
23262,3
23263,3
23264,3
23265,3
23266,3
23267,3
23268,3
23269,3
23270,3
23271,3
23272,3
23273,3
23274,3
23275,3
23276,3
23277,3
23278,3
23279,6
23280,6
23281,6
23282,6
23283,6
23284,6
23285,6
23286,6
23287,6
23288,6
23289,6
23290,6
23291,1
23292,1
23293,1
23294,1
23295,1
23296,1
23297,1
23298,1
23299,1
23300,1
23301,6
23302,6
23303,6
23304,6
23305,6
23306,6
23307,6
23308,6
23309,6
23310,6
23311,6
23312,6
23313,6
23314,6
23315,6
23316,6
23317,6
23318,6
23319,6
23320,6
23321,6
23322,6
23323,6
23324,6
23325,6
23326,6
23327,6
23328,6
23329,6
23330,6
23331,6
23332,6
23333,6
23334,6
23335,6
23336,6
23337,3
23338,3
23339,3
23340,3
23341,3
23342,3
23343,6
23344,1
23345,6
23346,1
23347,6
23348,1
23349,6
23350,6
23351,6
23352,1
23353,6
23354,1
23355,1
23356,6
23357,6
23358,6
23359,1
23360,6
23361,6
23362,1
23363,6
23364,6
23365,6
23366,1
23367,6
23368,1
23369,6
23370,6
23371,6
23372,6
23373,1
23374,1
23375,6
23376,1
23377,6
23378,6
23379,1
23380,1
23381,1
23382,1
23383,1
23384,6
23385,6
23386,1
23387,1
23388,6
23389,1
23390,6
23391,6
23392,6
23393,6
23394,1
23395,1
23396,1
23397,1
23398,6
23399,6
23400,1
23401,6
23402,1
23403,6
23404,6
23405,1
23406,6
23407,1
23408,1
23409,6
23410,1
23411,6
23412,3
23413,3
23414,1
23415,1
23416,6
23417,6
23418,1
23419,1
23420,6
23421,6
23422,6
23423,6
23424,6
23425,6
23426,6
23427,1
23428,6
23429,6
23430,1
23431,6
23432,1
23433,6
23434,6
23435,6
23436,6
23437,6
23438,6
23439,6
23440,6
23441,6
23442,6
23443,6
23444,6
23445,6
23446,6
23447,6
23448,6
23449,6
23450,6
23451,6
23452,6
23453,7
23454,7
23455,7
23456,7
23457,6
23458,6
23459,6
23460,3
23461,3
23462,6
23463,6
23464,6
23465,3
23466,6
23467,3
23468,3
23469,6
23470,3
23471,6
23472,6
23473,6
23474,3
23475,3
23476,3
23477,6
23478,6
23479,6
23480,6
23481,3
23482,6
23483,6
23484,3
23485,3
23486,3
23487,6
23488,6
23489,6
23490,6
23491,6
23492,3
23493,6
23494,3
23495,6
23496,6
23497,6
23498,6
23499,6
23500,6
23501,6
23502,3
23503,6
23504,6
23505,6
23506,6
23507,6
23508,6
23509,6
23510,6
23511,6
23512,6
23513,6
23514,6
23515,6
23516,6
23517,6
23518,6
23519,6
23520,6
23521,6
23522,6
23523,6
23524,6
23525,6
23526,6
23527,6
23528,6
23529,6
23530,6
23531,6
23532,6
23533,6
23534,6
23535,6
23536,6
23537,6
23538,6
23539,6
23540,6
23541,6
23542,6
23543,6
23544,6
23545,6
23546,6
23547,6
23548,6
23549,6
23550,6
23551,6
23552,6
23553,6
23554,6
23555,6
23556,6
23557,6
23558,6
23559,6
23560,6
23561,6
23562,6
23563,6
23564,6
23565,6
23566,6
23567,6
23568,6
23569,6
23570,3
23571,3
23572,3
23573,3
23574,3
23575,3
23576,3
23577,3
23578,3
23579,3
23580,4
23581,4
23582,3
23583,3
23584,1
23585,4
23586,4
23587,3
23588,1
23589,3
23590,4
23591,4
23592,1
23593,4
23594,4
23595,4
23596,4
23597,3
23598,4
23599,4
23600,1
23601,4
23602,1
23603,1
23604,1
23605,4
23606,4
23607,4
23608,4
23609,4
23610,4
23611,3
23612,4
23613,4
23614,1
23615,4
23616,4
23617,4
23618,4
23619,4
23620,4
23621,3
23622,4
23623,4
23624,1
23625,8
23626,8
23627,8
23628,8
23629,8
23630,8
23631,8
23632,8
23633,4
23634,4
23635,4
23636,3
23637,6
23638,6
23639,3
23640,3
23641,3
23642,6
23643,3
23644,3
23645,6
23646,3
23647,3
23648,8
23649,3
23650,3
23651,3
23652,3
23653,6
23654,3
23655,6
23656,6
23657,6
23658,6
23659,6
23660,6
23661,6
23662,6
23663,6
23664,6
23665,6
23666,6
23667,6
23668,6
23669,6
23670,6
23671,6
23672,6
23673,6
23674,6
23675,6
23676,6
23677,6
23678,6
23679,6
23680,6
23681,6
23682,6
23683,6
23684,6
23685,6
23686,6
23687,6
23688,6
23689,6
23690,6
23691,6
23692,6
23693,6
23694,6
23695,6
23696,6
23697,6
23698,6
23699,6
23700,6
23701,6
23702,6
23703,6
23704,6
23705,6
23706,6
23707,6
23708,6
23709,6
23710,6
23711,6
23712,6
23713,3
23714,3
23715,6
23716,3
23717,3
23718,3
23719,3
23720,3
23721,6
23722,3
23723,3
23724,3
23725,6
23726,3
23727,3
23728,6
23729,3
23730,3
23731,3
23732,3
23733,3
23734,3
23735,3
23736,3
23737,6
23738,3
23739,6
23740,6
23741,3
23742,3
23743,6
23744,3
23745,3
23746,6
23747,3
23748,6
23749,6
23750,3
23751,6
23752,3
23753,3
23754,3
23755,3
23756,6
23757,3
23758,3
23759,3
23760,3
23761,3
23762,3
23763,6
23764,3
23765,3
23766,6
23767,3
23768,3
23769,6
23770,6
23771,6
23772,6
23773,6
23774,6
23775,6
23776,6
23777,6
23778,6
23779,6
23780,6
23781,6
23782,6
23783,3
23784,3
23785,3
23786,3
23787,3
23788,3
23789,3
23790,3
23791,3
23792,3
23793,3
23794,3
23795,3
23796,3
23797,3
23798,3
23799,3
23800,3
23801,3
23802,3
23803,3
23804,3
23805,3
23806,3
23807,3
23808,3
23809,3
23810,3
23811,3
23812,3
23813,3
23814,3
23815,3
23816,3
23817,3
23818,3
23819,3
23820,3
23821,3
23822,3
23823,3
23824,3
23825,3
23826,3
23827,3
23828,3
23829,3
23830,3
23831,3
23832,3
23833,3
23834,3
23835,3
23836,3
23837,3
23838,3
23839,3
23840,3
23841,3
23842,3
23843,3
23844,3
23845,3
23846,3
23847,3
23848,3
23849,6
23850,6
23851,6
23852,3
23853,3
23854,6
23855,3
23856,3
23857,6
23858,6
23859,3
23860,6
23861,3
23862,3
23863,3
23864,6
23865,3
23866,6
23867,6
23868,6
23869,6
23870,6
23871,6
23872,6
23873,3
23874,3
23875,6
23876,3
23877,6
23878,3
23879,6
23880,6
23881,6
23882,6
23883,6
23884,6
23885,3
23886,6
23887,6
23888,3
23889,3
23890,6
23891,6
23892,6
23893,6
23894,6
23895,6
23896,6
23897,6
23898,6
23899,6
23900,6
23901,6
23902,6
23903,3
23904,6
23905,6
23906,6
23907,6
23908,6
23909,6
23910,6
23911,6
23912,6
23913,6
23914,6
23915,6
23916,6
23917,6
23918,6
23919,6
23920,6
23921,6
23922,6
23923,6
23924,6
23925,6
23926,6
23927,6
23928,6
23929,6
23930,6
23931,6
23932,6
23933,6
23934,6
23935,6
23936,6
23937,6
23938,6
23939,6
23940,6
23941,6
23942,3
23943,3
23944,3
23945,3
23946,3
23947,3
23948,3
23949,3
23950,1
23951,3
23952,3
23953,3
23954,1
23955,3
23956,3
23957,1
23958,3
23959,3
23960,3
23961,3
23962,3
23963,3
23964,3
23965,3
23966,3
23967,3
23968,3
23969,3
23970,3
23971,3
23972,3
23973,3
23974,3
23975,3
23976,3
23977,3
23978,8
23979,8
23980,8
23981,8
23982,8
23983,8
23984,8
23985,8
23986,8
23987,8
23988,8
23989,8
23990,8
23991,8
23992,8
23993,8
23994,8
23995,8
23996,3
23997,3
23998,3
23999,3
24000,3
24001,3
24002,3
24003,3
24004,3
24005,3
24006,3
24007,3
24008,3
24009,3
24010,7
24011,7
24012,7
24013,7
24014,7
24015,7
24016,3
24017,4
24018,4
24019,4
24020,4
24021,4
24022,1
24023,1
24024,4
24025,4
24026,4
24027,3
24028,7
24029,7
24030,7
24031,7
24032,7
24033,3
24034,3
24035,3
24036,3
24037,3
24038,3
24039,3
24040,3
24041,3
24042,3
24043,3
24044,3
24045,3
24046,3
24047,3
24048,3
24049,3
24050,3
24051,3
24052,3
24053,3
24054,3
24055,3
24056,8
24057,8
24058,8
24059,8
24060,8
24061,8
24062,8
24063,8
24064,8
24065,8
24066,8
24067,8
24068,8
24069,8
24070,8
24071,8
24072,3
24073,3
24074,3
24075,3
24076,3
24077,3
24078,3
24079,3
24080,3
24081,4
24082,4
24083,5
24084,3
24085,3
24086,6
24087,8
24088,8
24089,3
24090,3
24091,3
24092,4
24093,3
24094,3
24095,3
24096,3
24097,3
24098,3
24099,3
24100,3
24101,3
24102,3
24103,3
24104,3
24105,3
24106,3
24107,3
24108,3
24109,3
24110,3
24111,8
24112,1
24113,4
24114,4
24115,4
24116,8
24117,8
24118,8
24119,8
24120,4
24121,7
24122,7
24123,8
24124,8
24125,8
24126,8
24127,8
24128,8
24129,8
24130,8
24131,8
24132,8
24133,8
24134,8
24135,8
24136,4
24137,4
24138,4
24139,4
24140,4
24141,4
24142,4
24143,4
24144,1
24145,7
24146,1
24147,7
24148,7
24149,7
24150,7
24151,7
24152,7
24153,1
24154,7
24155,1
24156,1
24157,7
24158,1
24159,1
24160,1
24161,1
24162,1
24163,1
24164,1
24165,1
24166,1
24167,1
24168,1
24169,1
24170,1
24171,1
24172,1
24173,1
24174,1
24175,1
24176,1
24177,1
24178,1
24179,1
24180,1
24181,1
24182,1
24183,4
24184,4
24185,4
24186,8
24187,4
24188,4
24189,3
24190,3
24191,3
24192,7
24193,6
24194,6
24195,7
24196,7
24197,7
24198,4
24199,4
24200,8
24201,8
24202,8
24203,4
24204,8
24205,8
24206,4
24207,4
24208,4
24209,4
24210,4
24211,4
24212,4
24213,4
24214,4
24215,4
24216,4
24217,4
24218,4
24219,4
24220,4
24221,6
24222,6
24223,6
24224,6
24225,6
24226,6
24227,6
24228,6
24229,6
24230,6
24231,6
24232,6
24233,6
24234,6
24235,6
24236,6
24237,6
24238,6
24239,6
24240,6
24241,6
24242,6
24243,6
24244,6
24245,6
24246,6
24247,6
24248,6
24249,6
24250,6
24251,6
24252,6
24253,6
24254,6
24255,6
24256,6
24257,6
24258,6
24259,6
24260,6
24261,6
24262,6
24263,6
24264,6
24265,4
24266,4
24267,4
24268,4
24269,6
24270,6
24271,6
24272,6
24273,6
24274,3
24275,3
24276,6
24277,6
24278,6
24279,3
24280,6
24281,3
24282,6
24283,6
24284,6
24285,3
24286,3
24287,3
24288,6
24289,6
24290,6
24291,3
24292,6
24293,6
24294,6
24295,6
24296,6
24297,6
24298,6
24299,6
24300,6
24301,3
24302,6
24303,6
24304,3
24305,6
24306,6
24307,6
24308,6
24309,6
24310,3
24311,3
24312,6
24313,6
24314,3
24315,8
24316,8
24317,8
24318,8
24319,8
24320,8
24321,8
24322,4
24323,8
24324,8
24325,8
24326,4
24327,8
24328,8
24329,4
24330,8
24331,8
24332,4
24333,8
24334,4
24335,1
24336,1
24337,1
24338,1
24339,1
24340,4
24341,4
24342,1
24343,3
24344,1
24345,1
24346,1
24347,1
24348,1
24349,1
24350,1
24351,3
24352,1
24353,6
24354,6
24355,6
24356,6
24357,6
24358,4
24359,4
24360,4
24361,4
24362,4
24363,8
24364,4
24365,4
24366,4
24367,8
24368,4
24369,4
24370,4
24371,6
24372,6
24373,6
24374,6
24375,6
24376,6
24377,6
24378,4
24379,4
24380,4
24381,4
24382,4
24383,3
24384,3
24385,3
24386,3
24387,3
24388,3
24389,3
24390,3
24391,3
24392,3
24393,3
24394,3
24395,3
24396,3
24397,3
24398,3
24399,3
24400,3
24401,3
24402,6
24403,6
24404,6
24405,4
24406,1
24407,1
24408,1
24409,4
24410,1
24411,6
24412,6
24413,6
24414,6
24415,6
24416,6
24417,6
24418,6
24419,6
24420,6
24421,6
24422,6
24423,3
24424,3
24425,5
24426,5
24427,3
24428,6
24429,6
24430,6
24431,6
24432,6
24433,6
24434,6
24435,8
24436,8
24437,8
24438,8
24439,8
24440,8
24441,8
24442,8
24443,1
24444,6
24445,6
24446,6
24447,6
24448,6
24449,6
24450,6
24451,6
24452,6
24453,6
24454,6
24455,6
24456,6
24457,6
24458,6
24459,6
24460,6
24461,6
24462,6
24463,6
24464,6
24465,6
24466,6
24467,6
24468,6
24469,6
24470,6
24471,6
24472,6
24473,6
24474,6
24475,6
24476,6
24477,6
24478,6
24479,6
24480,6
24481,6
24482,6
24483,6
24484,6
24485,6
24486,6
24487,6
24488,6
24489,6
24490,6
24491,6
24492,1
24493,6
24494,6
24495,6
24496,6
24497,6
24498,6
24499,6
24500,6
24501,6
24502,8
24503,8
24504,8
24505,8
24506,8
24507,3
24508,8
24509,8
24510,8
24511,3
24512,3
24513,8
24514,3
24515,8
24516,8
24517,8
24518,8
24519,8
24520,4
24521,4
24522,6
24523,1
24524,6
24525,6
24526,1
24527,6
24528,1
24529,6
24530,6
24531,1
24532,1
24533,1
24534,1
24535,6
24536,1
24537,1
24538,1
24539,1
24540,1
24541,1
24542,1
24543,1
24544,1
24545,1
24546,1
24547,1
24548,1
24549,1
24550,1
24551,1
24552,1
24553,1
24554,1
24555,1
24556,1
24557,1
24558,1
24559,1
24560,1
24561,1
24562,1
24563,1
24564,1
24565,1
24566,1
24567,1
24568,1
24569,1
24570,1
24571,1
24572,1
24573,1
24574,1
24575,1
24576,1
24577,1
24578,1
24579,1
24580,1
24581,1
24582,1
24583,1
24584,1
24585,1
24586,7
24587,7
24588,7
24589,7
24590,7
24591,7
24592,7
24593,7
24594,7
24595,7
24596,7
24597,7
24598,7
24599,7
24600,7
24601,7
24602,7
24603,7
24604,7
24605,7
24606,7
24607,7
24608,7
24609,7
24610,7
24611,7
24612,7
24613,7
24614,7
24615,7
24616,7
24617,7
24618,7
24619,7
24620,7
24621,7
24622,7
24623,7
24624,7
24625,7
24626,7
24627,7
24628,7
24629,7
24630,7
24631,7
24632,7
24633,7
24634,7
24635,7
24636,7
24637,7
24638,7
24639,7
24640,7
24641,7
24642,7
24643,7
24644,7
24645,7
24646,7
24647,7
24648,7
24649,7
24650,7
24651,7
24652,7
24653,7
24654,7
24655,7
24656,7
24657,7
24658,7
24659,7
24660,7
24661,7
24662,7
24663,7
24664,7
24665,7
24666,7
24667,7
24668,7
24669,7
24670,7
24671,7
24672,7
24673,7
24674,7
24675,7
24676,7
24677,7
24678,7
24679,7
24680,7
24681,7
24682,7
24683,7
24684,7
24685,7
24686,7
24687,7
24688,7
24689,7
24690,7
24691,7
24692,7
24693,7
24694,7
24695,7
24696,7
24697,7
24698,7
24699,7
24700,7
24701,7
24702,7
24703,7
24704,7
24705,7
24706,7
24707,7
24708,7
24709,7
24710,7
24711,7
24712,7
24713,7
24714,7
24715,7
24716,7
24717,7
24718,7
24719,7
24720,7
24721,7
24722,7
24723,7
24724,7
24725,7
24726,7
24727,7
24728,7
24729,7
24730,7
24731,7
24732,7
24733,7
24734,7
24735,7
24736,7
24737,7
24738,7
24739,7
24740,7
24741,7
24742,7
24743,7
24744,7
24745,7
24746,7
24747,7
24748,7
24749,7
24750,7
24751,7
24752,7
24753,7
24754,7
24755,7
24756,7
24757,4
24758,4
24759,4
24760,4
24761,4
24762,4
24763,4
24764,4
24765,4
24766,4
24767,4
24768,4
24769,4
24770,4
24771,4
24772,4
24773,4
24774,4
24775,4
24776,4
24777,4
24778,4
24779,4
24780,4
24781,4
24782,4
24783,4
24784,4
24785,4
24786,4
24787,4
24788,4
24789,4
24790,4
24791,4
24792,4
24793,4
24794,4
24795,4
24796,4
24797,4
24798,4
24799,4
24800,4
24801,4
24802,4
24803,4
24804,4
24805,4
24806,4
24807,4
24808,4
24809,4
24810,4
24811,4
24812,4
24813,4
24814,4
24815,4
24816,4
24817,4
24818,4
24819,4
24820,4
24821,4
24822,4
24823,4
24824,4
24825,4
24826,4
24827,4
24828,4
24829,4
24830,4
24831,4
24832,4
24833,4
24834,4
24835,4
24836,3
24837,3
24838,8
24839,8
24840,8
24841,8
24842,8
24843,8
24844,8
24845,3
24846,8
24847,8
24848,3
24849,8
24850,8
24851,3
24852,3
24853,3
24854,3
24855,7
24856,7
24857,7
24858,7
24859,7
24860,7
24861,7
24862,7
24863,7
24864,7
24865,7
24866,7
24867,7
24868,7
24869,7
24870,7
24871,7
24872,7
24873,7
24874,7
24875,7
24876,7
24877,7
24878,7
24879,7
24880,7
24881,7
24882,7
24883,7
24884,7
24885,6
24886,6
24887,6
24888,6
24889,6
24890,6
24891,6
24892,6
24893,6
24894,6
24895,6
24896,6
24897,6
24898,6
24899,6
24900,6
24901,6
24902,3
24903,3
24904,3
24905,3
24906,3
24907,3
24908,3
24909,3
24910,3
24911,3
24912,3
24913,3
24914,3
24915,3
24916,8
24917,4
24918,8
24919,4
24920,8
24921,8
24922,4
24923,4
24924,8
24925,8
24926,4
24927,8
24928,8
24929,4
24930,4
24931,4
24932,4
24933,4
24934,3
24935,3
24936,3
24937,3
24938,3
24939,3
24940,3
24941,3
24942,3
24943,3
24944,3
24945,3
24946,3
24947,3
24948,3
24949,3
24950,3
24951,3
24952,3
24953,3
24954,3
24955,3
24956,3
24957,3
24958,3
24959,3
24960,3
24961,3
24962,3
24963,3
24964,8
24965,8
24966,8
24967,8
24968,8
24969,8
24970,8
24971,8
24972,8
24973,8
24974,8
24975,8
24976,8
24977,8
24978,8
24979,8
24980,8
24981,8
24982,3
24983,3
24984,3
24985,3
24986,3
24987,3
24988,3
24989,3
24990,3
24991,3
24992,1
24993,1
24994,4
24995,1
24996,1
24997,4
24998,4
24999,1
25000,1
25001,1
25002,1
25003,4
25004,4
25005,1
25006,1
25007,3
25008,3
25009,1
25010,1
25011,4
25012,4
25013,1
25014,1
25015,1
25016,1
25017,1
25018,1
25019,1
25020,4
25021,1
25022,4
25023,8
25024,8
25025,3
25026,3
25027,3
25028,3
25029,3
25030,3
25031,8
25032,4
25033,4
25034,8
25035,8
25036,8
25037,4
25038,8
25039,8
25040,8
25041,8
25042,4
25043,4
25044,4
25045,4
25046,4
25047,4
25048,8
25049,8
25050,4
25051,4
25052,8
25053,8
25054,4
25055,4
25056,4
25057,4
25058,4
25059,4
25060,4
25061,4
25062,8
25063,4
25064,8
25065,4
25066,8
25067,4
25068,8
25069,4
25070,4
25071,8
25072,8
25073,4
25074,8
25075,4
25076,4
25077,8
25078,4
25079,8
25080,8
25081,8
25082,4
25083,4
25084,4
25085,8
25086,8
25087,4
25088,4
25089,4
25090,4
25091,4
25092,4
25093,4
25094,8
25095,8
25096,8
25097,4
25098,4
25099,4
25100,4
25101,4
25102,4
25103,4
25104,8
25105,8
25106,3
25107,3
25108,5
25109,3
25110,3
25111,3
25112,3
25113,3
25114,5
25115,3
25116,3
25117,3
25118,3
25119,3
25120,3
25121,3
25122,3
25123,3
25124,3
25125,3
25126,3
25127,3
25128,3
25129,3
25130,3
25131,3
25132,3
25133,5
25134,3
25135,5
25136,5
25137,3
25138,6
25139,6
25140,6
25141,6
25142,6
25143,3
25144,5
25145,4
25146,4
25147,4
25148,4
25149,7
25150,7
25151,7
25152,7
25153,7
25154,7
25155,7
25156,7
25157,7
25158,7
25159,7
25160,7
25161,7
25162,7
25163,7
25164,7
25165,7
25166,7
25167,7
25168,7
25169,7
25170,7
25171,6
25172,7
25173,7
25174,7
25175,7
25176,7
25177,7
25178,7
25179,7
25180,7
25181,7
25182,7
25183,7
25184,7
25185,6
25186,7
25187,7
25188,7
25189,7
25190,3
25191,3
25192,7
25193,7
25194,7
25195,7
25196,6
25197,6
25198,6
25199,6
25200,6
25201,3
25202,3
25203,6
25204,3
25205,6
25206,6
25207,6
25208,6
25209,3
25210,3
25211,3
25212,3
25213,3
25214,8
25215,8
25216,3
25217,3
25218,3
25219,3
25220,3
25221,8
25222,3
25223,3
25224,8
25225,3
25226,3
25227,3
25228,4
25229,4
25230,4
25231,4
25232,4
25233,4
25234,4
25235,4
25236,3
25237,3
25238,3
25239,3
25240,3
25241,3
25242,3
25243,6
25244,6
25245,6
25246,6
25247,6
25248,6
25249,6
25250,6
25251,6
25252,6
25253,6
25254,6
25255,6
25256,3
25257,3
25258,4
25259,4
25260,4
25261,7
25262,7
25263,7
25264,7
25265,3
25266,3
25267,3
25268,3
25269,3
25270,3
25271,3
25272,3
25273,3
25274,3
25275,3
25276,3
25277,3
25278,3
25279,3
25280,3
25281,3
25282,3
25283,3
25284,3
25285,3
25286,3
25287,3
25288,3
25289,3
25290,3
25291,3
25292,3
25293,3
25294,3
25295,3
25296,3
25297,3
25298,3
25299,4
25300,3
25301,7
25302,6
25303,4
25304,7
25305,7
25306,7
25307,7
25308,7
25309,7
25310,7
25311,7
25312,7
25313,7
25314,7
25315,7
25316,7
25317,7
25318,7
25319,7
25320,7
25321,7
25322,7
25323,7
25324,7
25325,7
25326,7
25327,7
25328,7
25329,7
25330,7
25331,7
25332,7
25333,7
25334,3
25335,3
25336,3
25337,8
25338,3
25339,3
25340,8
25341,3
25342,3
25343,3
25344,3
25345,3
25346,3
25347,3
25348,3
25349,8
25350,3
25351,3
25352,8
25353,3
25354,3
25355,3
25356,8
25357,3
25358,8
25359,3
25360,8
25361,3
25362,3
25363,8
25364,3
25365,8
25366,3
25367,3
25368,3
25369,8
25370,8
25371,4
25372,4
25373,4
25374,4
25375,4
25376,4
25377,4
25378,4
25379,4
25380,4
25381,4
25382,4
25383,4
25384,4
25385,4
25386,4
25387,4
25388,4
25389,4
25390,4
25391,4
25392,1
25393,4
25394,4
25395,4
25396,4
25397,1
25398,3
25399,4
25400,4
25401,1
25402,3
25403,4
25404,7
25405,7
25406,4
25407,4
25408,7
25409,7
25410,3
25411,5
25412,5
25413,5
25414,5
25415,5
25416,5
25417,5
25418,5
25419,5
25420,5
25421,5
25422,5
25423,5
25424,3
25425,3
25426,3
25427,3
25428,3
25429,3
25430,3
25431,3
25432,3
25433,6
25434,6
25435,6
25436,6
25437,6
25438,6
25439,6
25440,6
25441,5
25442,5
25443,3
25444,6
25445,6
25446,3
25447,6
25448,6
25449,6
25450,6
25451,6
25452,6
25453,6
25454,6
25455,3
25456,6
25457,6
25458,6
25459,3
25460,6
25461,6
25462,6
25463,6
25464,3
25465,6
25466,6
25467,6
25468,6
25469,3
25470,3
25471,3
25472,6
25473,6
25474,3
25475,6
25476,6
25477,6
25478,6
25479,3
25480,6
25481,6
25482,6
25483,6
25484,6
25485,6
25486,6
25487,6
25488,6
25489,6
25490,6
25491,6
25492,6
25493,3
25494,6
25495,6
25496,6
25497,6
25498,6
25499,6
25500,3
25501,6
25502,3
25503,3
25504,6
25505,6
25506,3
25507,6
25508,6
25509,6
25510,3
25511,6
25512,6
25513,3
25514,3
25515,3
25516,3
25517,3
25518,3
25519,3
25520,3
25521,3
25522,3
25523,3
25524,3
25525,3
25526,3
25527,3
25528,3
25529,3
25530,3
25531,3
25532,3
25533,3
25534,3
25535,3
25536,3
25537,3
25538,3
25539,3
25540,3
25541,3
25542,3
25543,3
25544,3
25545,3
25546,3
25547,3
25548,3
25549,3
25550,3
25551,3
25552,3
25553,3
25554,3
25555,3
25556,3
25557,3
25558,3
25559,3
25560,3
25561,3
25562,3
25563,3
25564,3
25565,3
25566,3
25567,3
25568,3
25569,3
25570,3
25571,3
25572,3
25573,3
25574,3
25575,3
25576,3
25577,3
25578,3
25579,3
25580,3
25581,3
25582,3
25583,3
25584,3
25585,3
25586,3
25587,3
25588,3
25589,3
25590,3
25591,3
25592,3
25593,3
25594,3
25595,3
25596,3
25597,3
25598,3
25599,3
25600,6
25601,6
25602,6
25603,6
25604,6
25605,6
25606,6
25607,6
25608,6
25609,6
25610,6
25611,6
25612,6
25613,6
25614,6
25615,6
25616,6
25617,6
25618,6
25619,6
25620,6
25621,6
25622,6
25623,6
25624,6
25625,6
25626,6
25627,4
25628,5
25629,4
25630,8
25631,8
25632,4
25633,6
25634,3
25635,6
25636,6
25637,6
25638,4
25639,4
25640,4
25641,4
25642,4
25643,4
25644,8
25645,1
25646,6
25647,6
25648,6
25649,6
25650,6
25651,6
25652,6
25653,6
25654,6
25655,6
25656,6
25657,6
25658,6
25659,6
25660,6
25661,6
25662,6
25663,6
25664,6
25665,6
25666,6
25667,6
25668,6
25669,6
25670,6
25671,6
25672,6
25673,6
25674,6
25675,6
25676,6
25677,6
25678,6
25679,6
25680,6
25681,6
25682,6
25683,6
25684,6
25685,6
25686,6
25687,6
25688,6
25689,6
25690,6
25691,6
25692,6
25693,6
25694,6
25695,6
25696,6
25697,6
25698,6
25699,6
25700,6
25701,6
25702,6
25703,6
25704,6
25705,6
25706,6
25707,6
25708,6
25709,6
25710,6
25711,6
25712,6
25713,6
25714,6
25715,6
25716,6
25717,6
25718,6
25719,6
25720,6
25721,6
25722,6
25723,6
25724,6
25725,6
25726,6
25727,6
25728,6
25729,6
25730,6
25731,6
25732,6
25733,6
25734,6
25735,6
25736,6
25737,6
25738,6
25739,6
25740,3
25741,6
25742,6
25743,6
25744,6
25745,6
25746,6
25747,6
25748,7
25749,7
25750,7
25751,6
25752,6
25753,3
25754,3
25755,6
25756,8
25757,3
25758,6
25759,8
25760,3
25761,3
25762,3
25763,3
25764,6
25765,3
25766,3
25767,3
25768,3
25769,3
25770,3
25771,8
25772,3
25773,6
25774,6
25775,6
25776,3
25777,3
25778,6
25779,8
25780,3
25781,8
25782,3
25783,8
25784,3
25785,4
25786,8
25787,8
25788,4
25789,6
25790,6
25791,1
25792,6
25793,6
25794,1
25795,1
25796,6
25797,6
25798,1
25799,6
25800,6
25801,6
25802,8
25803,8
25804,8
25805,8
25806,8
25807,8
25808,8
25809,8
25810,8
25811,8
25812,8
25813,8
25814,8
25815,8
25816,8
25817,8
25818,8
25819,8
25820,8
25821,8
25822,8
25823,8
25824,8
25825,8
25826,8
25827,8
25828,8
25829,8
25830,8
25831,8
25832,8
25833,8
25834,5
25835,1
25836,5
25837,5
25838,5
25839,5
25840,5
25841,5
25842,3
25843,3
25844,3
25845,3
25846,3
25847,3
25848,3
25849,3
25850,3
25851,3
25852,3
25853,3
25854,3
25855,3
25856,3
25857,3
25858,3
25859,3
25860,3
25861,3
25862,3
25863,3
25864,4
25865,7
25866,6
25867,3
25868,3
25869,3
25870,3
25871,3
25872,3
25873,3
25874,3
25875,3
25876,1
25877,1
25878,3
25879,3
25880,3
25881,3
25882,3
25883,3
25884,3
25885,3
25886,3
25887,3
25888,4
25889,3
25890,3
25891,6
25892,6
25893,6
25894,1
25895,1
25896,6
25897,6
25898,1
25899,6
25900,1
25901,6
25902,6
25903,6
25904,6
25905,6
25906,1
25907,6
25908,6
25909,6
25910,6
25911,6
25912,6
25913,6
25914,6
25915,6
25916,6
25917,6
25918,6
25919,8
25920,1
25921,1
25922,1
25923,1
25924,1
25925,1
25926,1
25927,1
25928,1
25929,1
25930,1
25931,1
25932,1
25933,1
25934,1
25935,1
25936,1
25937,1
25938,1
25939,1
25940,1
25941,1
25942,7
25943,3
25944,3
25945,5
25946,5
25947,5
25948,5
25949,4
25950,3
25951,3
25952,3
25953,3
25954,3
25955,3
25956,8
25957,3
25958,3
25959,3
25960,3
25961,3
25962,6
25963,6
25964,6
25965,6
25966,6
25967,6
25968,6
25969,6
25970,6
25971,6
25972,6
25973,6
25974,6
25975,6
25976,3
25977,6
25978,6
25979,6
25980,6
25981,6
25982,6
25983,6
25984,6
25985,6
25986,6
25987,7
25988,7
25989,7
25990,7
25991,7
25992,7
25993,7
25994,7
25995,7
25996,7
25997,7
25998,7
25999,7
26000,7
26001,7
26002,7
26003,7
26004,7
26005,7
26006,7
26007,7
26008,7
26009,7
26010,7
26011,7
26012,7
26013,7
26014,7
26015,7
26016,3
26017,5
26018,5
26019,5
26020,3
26021,3
26022,3
26023,3
26024,3
26025,3
26026,4
26027,1
26028,1
26029,1
26030,3
26031,4
26032,4
26033,3
26034,4
26035,4
26036,3
26037,3
26038,4
26039,1
26040,4
26041,4
26042,4
26043,4
26044,1
26045,3
26046,1
26047,4
26048,4
26049,1
26050,3
26051,3
26052,4
26053,3
26054,3
26055,4
26056,3
26057,3
26058,4
26059,3
26060,3
26061,4
26062,3
26063,4
26064,4
26065,3
26066,4
26067,3
26068,3
26069,4
26070,1
26071,3
26072,4
26073,3
26074,4
26075,4
26076,4
26077,3
26078,3
26079,4
26080,3
26081,4
26082,3
26083,4
26084,4
26085,4
26086,3
26087,1
26088,4
26089,3
26090,1
26091,3
26092,1
26093,3
26094,3
26095,3
26096,5
26097,3
26098,5
26099,5
26100,3
26101,5
26102,5
26103,5
26104,3
26105,5
26106,3
26107,6
26108,3
26109,3
26110,3
26111,8
26112,8
26113,8
26114,8
26115,8
26116,8
26117,8
26118,8
26119,8
26120,8
26121,8
26122,8
26123,6
26124,6
26125,6
26126,6
26127,6
26128,6
26129,6
26130,6
26131,6
26132,6
26133,6
26134,6
26135,6
26136,6
26137,6
26138,6
26139,6
26140,6
26141,6
26142,6
26143,6
26144,6
26145,6
26146,6
26147,6
26148,6
26149,6
26150,6
26151,6
26152,6
26153,6
26154,6
26155,6
26156,6
26157,6
26158,6
26159,6
26160,6
26161,6
26162,6
26163,6
26164,6
26165,6
26166,6
26167,6
26168,6
26169,6
26170,6
26171,6
26172,6
26173,6
26174,6
26175,6
26176,6
26177,6
26178,6
26179,6
26180,6
26181,6
26182,6
26183,6
26184,6
26185,6
26186,6
26187,6
26188,6
26189,6
26190,6
26191,6
26192,6
26193,6
26194,6
26195,6
26196,6
26197,6
26198,6
26199,6
26200,6
26201,6
26202,6
26203,6
26204,6
26205,6
26206,6
26207,6
26208,6
26209,6
26210,6
26211,6
26212,6
26213,6
26214,6
26215,6
26216,6
26217,6
26218,6
26219,6
26220,6
26221,6
26222,6
26223,6
26224,6
26225,6
26226,6
26227,6
26228,6
26229,6
26230,6
26231,6
26232,6
26233,6
26234,6
26235,6
26236,6
26237,6
26238,6
26239,6
26240,6
26241,6
26242,6
26243,6
26244,6
26245,6
26246,6
26247,6
26248,6
26249,6
26250,6
26251,6
26252,6
26253,6
26254,6
26255,6
26256,6
26257,6
26258,6
26259,6
26260,6
26261,6
26262,6
26263,6
26264,6
26265,6
26266,6
26267,6
26268,6
26269,6
26270,6
26271,6
26272,6
26273,6
26274,6
26275,6
26276,6
26277,6
26278,6
26279,6
26280,6
26281,6
26282,6
26283,6
26284,6
26285,6
26286,6
26287,6
26288,6
26289,8
26290,8
26291,8
26292,8
26293,8
26294,8
26295,8
26296,8
26297,8
26298,8
26299,8
26300,8
26301,8
26302,8
26303,8
26304,8
26305,8
26306,8
26307,8
26308,8
26309,8
26310,8
26311,8
26312,8
26313,8
26314,8
26315,8
26316,8
26317,8
26318,8
26319,8
26320,8
26321,8
26322,8
26323,8
26324,8
26325,8
26326,8
26327,8
26328,8
26329,8
26330,8
26331,8
26332,8
26333,8
26334,8
26335,8
26336,8
26337,8
26338,8
26339,8
26340,8
26341,8
26342,8
26343,8
26344,8
26345,8
26346,8
26347,8
26348,8
26349,8
26350,8
26351,8
26352,8
26353,8
26354,8
26355,8
26356,8
26357,8
26358,8
26359,8
26360,8
26361,8
26362,8
26363,8
26364,8
26365,8
26366,8
26367,8
26368,8
26369,8
26370,8
26371,8
26372,8
26373,8
26374,3
26375,3
26376,3
26377,8
26378,8
26379,8
26380,8
26381,8
26382,8
26383,8
26384,8
26385,8
26386,8
26387,8
26388,8
26389,8
26390,8
26391,8
26392,8
26393,8
26394,8
26395,8
26396,8
26397,8
26398,8
26399,8
26400,8
26401,8
26402,3
26403,8
26404,3
26405,8
26406,8
26407,8
26408,8
26409,8
26410,8
26411,3
26412,3
26413,3
26414,3
26415,8
26416,3
26417,3
26418,3
26419,8
26420,8
26421,8
26422,8
26423,8
26424,8
26425,3
26426,8
26427,3
26428,8
26429,8
26430,8
26431,8
26432,3
26433,8
26434,3
26435,8
26436,8
26437,3
26438,8
26439,8
26440,8
26441,8
26442,8
26443,3
26444,3
26445,3
26446,3
26447,3
26448,8
26449,3
26450,8
26451,8
26452,3
26453,3
26454,3
26455,8
26456,3
26457,3
26458,3
26459,3
26460,3
26461,3
26462,3
26463,3
26464,3
26465,3
26466,3
26467,3
26468,8
26469,8
26470,8
26471,3
26472,3
26473,3
26474,8
26475,8
26476,8
26477,8
26478,8
26479,3
26480,8
26481,3
26482,8
26483,8
26484,3
26485,3
26486,3
26487,3
26488,6
26489,6
26490,6
26491,6
26492,6
26493,6
26494,6
26495,6
26496,6
26497,6
26498,6
26499,6
26500,6
26501,6
26502,6
26503,6
26504,6
26505,6
26506,6
26507,6
26508,6
26509,6
26510,6
26511,6
26512,6
26513,6
26514,6
26515,6
26516,6
26517,6
26518,6
26519,6
26520,6
26521,6
26522,6
26523,6
26524,6
26525,6
26526,6
26527,3
26528,3
26529,3
26530,3
26531,3
26532,3
26533,3
26534,3
26535,3
26536,3
26537,3
26538,3
26539,3
26540,3
26541,3
26542,3
26543,3
26544,3
26545,3
26546,3
26547,3
26548,3
26549,3
26550,3
26551,3
26552,3
26553,8
26554,8
26555,8
26556,8
26557,8
26558,8
26559,8
26560,8
26561,8
26562,8
26563,8
26564,8
26565,8
26566,8
26567,8
26568,8
26569,8
26570,8
26571,8
26572,8
26573,8
26574,8
26575,8
26576,8
26577,8
26578,8
26579,8
26580,8
26581,8
26582,8
26583,8
26584,8
26585,8
26586,8
26587,8
26588,8
26589,8
26590,8
26591,8
26592,3
26593,4
26594,4
26595,3
26596,8
26597,3
26598,7
26599,7
26600,7
26601,7
26602,7
26603,7
26604,7
26605,7
26606,7
26607,7
26608,7
26609,7
26610,7
26611,8
26612,8
26613,8
26614,8
26615,7
26616,7
26617,7
26618,7
26619,3
26620,3
26621,3
26622,3
26623,7
26624,7
26625,7
26626,7
26627,7
26628,7
26629,7
26630,7
26631,7
26632,3
26633,3
26634,3
26635,3
26636,3
26637,3
26638,3
26639,3
26640,3
26641,3
26642,3
26643,3
26644,3
26645,3
26646,3
26647,3
26648,3
26649,8
26650,3
26651,8
26652,3
26653,3
26654,8
26655,3
26656,3
26657,3
26658,3
26659,3
26660,8
26661,3
26662,3
26663,5
26664,5
26665,5
26666,3
26667,3
26668,5
26669,5
26670,3
26671,3
26672,3
26673,8
26674,3
26675,3
26676,3
26677,3
26678,3
26679,3
26680,3
26681,3
26682,3
26683,3
26684,3
26685,3
26686,3
26687,3
26688,3
26689,3
26690,3
26691,3
26692,3
26693,3
26694,3
26695,3
26696,3
26697,3
26698,3
26699,3
26700,3
26701,3
26702,3
26703,3
26704,3
26705,8
26706,3
26707,8
26708,8
26709,8
26710,3
26711,3
26712,3
26713,3
26714,3
26715,8
26716,3
26717,3
26718,3
26719,3
26720,3
26721,8
26722,8
26723,8
26724,3
26725,8
26726,8
26727,3
26728,8
26729,3
26730,8
26731,3
26732,3
26733,3
26734,8
26735,3
26736,8
26737,8
26738,6
26739,6
26740,6
26741,6
26742,6
26743,6
26744,6
26745,6
26746,6
26747,6
26748,6
26749,6
26750,6
26751,6
26752,6
26753,6
26754,3
26755,6
26756,6
26757,3
26758,6
26759,3
26760,6
26761,3
26762,6
26763,6
26764,6
26765,6
26766,6
26767,6
26768,6
26769,6
26770,6
26771,6
26772,6
26773,6
26774,6
26775,6
26776,6
26777,6
26778,6
26779,6
26780,6
26781,6
26782,6
26783,6
26784,6
26785,6
26786,6
26787,6
26788,6
26789,6
26790,6
26791,6
26792,6
26793,6
26794,6
26795,6
26796,3
26797,3
26798,3
26799,3
26800,3
26801,6
26802,6
26803,6
26804,6
26805,6
26806,3
26807,3
26808,3
26809,3
26810,3
26811,3
26812,3
26813,3
26814,3
26815,3
26816,3
26817,3
26818,3
26819,3
26820,3
26821,3
26822,3
26823,3
26824,3
26825,3
26826,3
26827,3
26828,3
26829,3
26830,3
26831,3
26832,3
26833,3
26834,3
26835,3
26836,3
26837,3
26838,3
26839,3
26840,3
26841,3
26842,3
26843,3
26844,3
26845,3
26846,3
26847,3
26848,3
26849,3
26850,3
26851,3
26852,3
26853,6
26854,6
26855,6
26856,6
26857,6
26858,3
26859,3
26860,3
26861,3
26862,6
26863,3
26864,6
26865,6
26866,6
26867,3
26868,6
26869,6
26870,3
26871,5
26872,5
26873,5
26874,3
26875,3
26876,5
26877,5
26878,3
26879,5
26880,3
26881,5
26882,3
26883,5
26884,5
26885,5
26886,5
26887,3
26888,5
26889,5
26890,3
26891,3
26892,7
26893,7
26894,4
26895,4
26896,4
26897,4
26898,4
26899,4
26900,4
26901,4
26902,4
26903,4
26904,4
26905,4
26906,4
26907,4
26908,4
26909,4
26910,4
26911,4
26912,4
26913,4
26914,4
26915,4
26916,4
26917,4
26918,4
26919,4
26920,4
26921,4
26922,4
26923,4
26924,3
26925,3
26926,8
26927,3
26928,8
26929,8
26930,3
26931,3
26932,3
26933,3
26934,3
26935,3
26936,3
26937,3
26938,3
26939,3
26940,3
26941,3
26942,3
26943,3
26944,3
26945,3
26946,4
26947,7
26948,7
26949,7
26950,7
26951,7
26952,7
26953,7
26954,7
26955,7
26956,7
26957,7
26958,7
26959,7
26960,7
26961,7
26962,7
26963,7
26964,7
26965,7
26966,7
26967,7
26968,7
26969,7
26970,7
26971,7
26972,7
26973,7
26974,7
26975,7
26976,7
26977,7
26978,7
26979,7
26980,7
26981,7
26982,7
26983,7
26984,7
26985,7
26986,7
26987,7
26988,7
26989,7
26990,7
26991,7
26992,7
26993,7
26994,7
26995,7
26996,7
26997,7
26998,7
26999,7
27000,7
27001,7
27002,7
27003,7
27004,7
27005,7
27006,7
27007,7
27008,7
27009,7
27010,7
27011,7
27012,7
27013,7
27014,7
27015,7
27016,7
27017,7
27018,7
27019,7
27020,7
27021,7
27022,3
27023,3
27024,6
27025,3
27026,6
27027,4
27028,6
27029,6
27030,4
27031,8
27032,3
27033,3
27034,3
27035,3
27036,3
27037,6
27038,3
27039,3
27040,3
27041,6
27042,3
27043,3
27044,3
27045,3
27046,6
27047,3
27048,3
27049,3
27050,3
27051,6
27052,3
27053,3
27054,3
27055,3
27056,3
27057,3
27058,6
27059,3
27060,3
27061,3
27062,3
27063,3
27064,6
27065,3
27066,3
27067,3
27068,3
27069,3
27070,3
27071,3
27072,6
27073,3
27074,3
27075,3
27076,3
27077,3
27078,3
27079,3
27080,3
27081,3
27082,3
27083,3
27084,3
27085,6
27086,3
27087,3
27088,3
27089,3
27090,3
27091,6
27092,3
27093,3
27094,6
27095,6
27096,3
27097,3
27098,3
27099,3
27100,3
27101,3
27102,3
27103,3
27104,3
27105,3
27106,3
27107,3
27108,3
27109,3
27110,6
27111,6
27112,6
27113,6
27114,6
27115,6
27116,6
27117,6
27118,6
27119,6
27120,6
27121,6
27122,6
27123,6
27124,6
27125,6
27126,6
27127,6
27128,6
27129,6
27130,6
27131,6
27132,6
27133,6
27134,6
27135,6
27136,6
27137,6
27138,6
27139,6
27140,6
27141,6
27142,6
27143,6
27144,6
27145,6
27146,6
27147,6
27148,3
27149,6
27150,6
27151,3
27152,3
27153,3
27154,3
27155,3
27156,3
27157,3
27158,6
27159,3
27160,6
27161,3
27162,6
27163,6
27164,6
27165,6
27166,6
27167,4
27168,4
27169,3
27170,3
27171,3
27172,3
27173,3
27174,3
27175,3
27176,3
27177,3
27178,3
27179,3
27180,3
27181,3
27182,3
27183,3
27184,3
27185,3
27186,3
27187,3
27188,3
27189,5
27190,3
27191,5
27192,3
27193,3
27194,5
27195,5
27196,3
27197,3
27198,3
27199,3
27200,5
27201,3
27202,3
27203,3
27204,3
27205,5
27206,7
27207,7
27208,8
27209,8
27210,8
27211,8
27212,3
27213,8
27214,8
27215,8
27216,8
27217,8
27218,8
27219,8
27220,8
27221,8
27222,8
27223,8
27224,8
27225,8
27226,8
27227,8
27228,8
27229,8
27230,8
27231,8
27232,8
27233,8
27234,8
27235,8
27236,8
27237,8
27238,8
27239,8
27240,8
27241,8
27242,8
27243,8
27244,8
27245,8
27246,8
27247,8
27248,8
27249,8
27250,8
27251,8
27252,8
27253,8
27254,8
27255,8
27256,8
27257,8
27258,8
27259,8
27260,8
27261,8
27262,3
27263,8
27264,8
27265,8
27266,8
27267,8
27268,8
27269,8
27270,8
27271,8
27272,8
27273,8
27274,8
27275,8
27276,8
27277,8
27278,8
27279,8
27280,8
27281,8
27282,8
27283,8
27284,8
27285,8
27286,8
27287,8
27288,8
27289,8
27290,8
27291,8
27292,8
27293,8
27294,3
27295,8
27296,8
27297,8
27298,8
27299,8
27300,8
27301,8
27302,8
27303,8
27304,8
27305,8
27306,8
27307,8
27308,8
27309,8
27310,8
27311,8
27312,8
27313,8
27314,8
27315,6
27316,6
27317,6
27318,7
27319,7
27320,7
27321,7
27322,7
27323,7
27324,7
27325,7
27326,7
27327,7
27328,7
27329,7
27330,7
27331,7
27332,7
27333,7
27334,7
27335,7
27336,7
27337,7
27338,7
27339,7
27340,7
27341,7
27342,7
27343,7
27344,7
27345,7
27346,7
27347,7
27348,7
27349,7
27350,7
27351,7
27352,7
27353,7
27354,7
27355,7
27356,7
27357,7
27358,7
27359,7
27360,7
27361,7
27362,7
27363,7
27364,7
27365,7
27366,7
27367,7
27368,7
27369,7
27370,7
27371,7
27372,7
27373,7
27374,7
27375,7
27376,7
27377,7
27378,7
27379,7
27380,7
27381,7
27382,7
27383,7
27384,7
27385,7
27386,7
27387,7
27388,7
27389,7
27390,7
27391,7
27392,7
27393,7
27394,7
27395,7
27396,7
27397,7
27398,7
27399,7
27400,7
27401,7
27402,7
27403,7
27404,7
27405,7
27406,7
27407,7
27408,7
27409,7
27410,7
27411,7
27412,7
27413,7
27414,7
27415,7
27416,7
27417,7
27418,7
27419,7
27420,7
27421,7
27422,7
27423,7
27424,7
27425,7
27426,7
27427,7
27428,7
27429,7
27430,7
27431,7
27432,7
27433,4
27434,4
27435,4
27436,4
27437,4
27438,4
27439,4
27440,4
27441,4
27442,6
27443,4
27444,4
27445,4
27446,4
27447,4
27448,4
27449,4
27450,4
27451,4
27452,4
27453,4
27454,4
27455,4
27456,4
27457,4
27458,4
27459,4
27460,4
27461,4
27462,4
27463,4
27464,4
27465,3
27466,3
27467,3
27468,3
27469,3
27470,3
27471,3
27472,3
27473,3
27474,4
27475,4
27476,4
27477,4
27478,4
27479,4
27480,8
27481,6
27482,6
27483,6
27484,6
27485,6
27486,6
27487,6
27488,6
27489,6
27490,6
27491,6
27492,6
27493,6
27494,6
27495,6
27496,6
27497,6
27498,6
27499,6
27500,6
27501,6
27502,7
27503,7
27504,7
27505,7
27506,3
27507,3
27508,3
27509,4
27510,8
27511,4
27512,8
27513,4
27514,4
27515,8
27516,4
27517,4
27518,4
27519,8
27520,4
27521,8
27522,4
27523,4
27524,4
27525,8
27526,4
27527,8
27528,4
27529,4
27530,4
27531,4
27532,4
27533,4
27534,4
27535,8
27536,8
27537,4
27538,8
27539,4
27540,8
27541,8
27542,8
27543,4
27544,6
27545,3
27546,4
27547,4
27548,4
27549,4
27550,4
27551,4
27552,4
27553,4
27554,4
27555,4
27556,4
27557,4
27558,4
27559,4
27560,4
27561,6
27562,1
27563,6
27564,6
27565,6
27566,6
27567,6
27568,6
27569,6
27570,6
27571,6
27572,4
27573,4
27574,1
27575,6
27576,6
27577,6
27578,6
27579,1
27580,6
27581,6
27582,6
27583,1
27584,6
27585,6
27586,6
27587,6
27588,6
27589,4
27590,4
27591,6
27592,6
27593,3
27594,3
27595,3
27596,4
27597,4
27598,4
27599,4
27600,4
27601,4
27602,4
27603,4
27604,4
27605,4
27606,4
27607,4
27608,4
27609,4
27610,4
27611,4
27612,4
27613,4
27614,4
27615,4
27616,4
27617,4
27618,4
27619,4
27620,4
27621,4
27622,4
27623,4
27624,4
27625,4
27626,4
27627,4
27628,4
27629,4
27630,4
27631,4
27632,4
27633,4
27634,7
27635,4
27636,4
27637,4
27638,1
27639,4
27640,4
27641,4
27642,1
27643,4
27644,1
27645,1
27646,1
27647,4
27648,4
27649,4
27650,3
27651,3
27652,4
27653,4
27654,3
27655,1
27656,1
27657,1
27658,1
27659,4
27660,4
27661,1
27662,4
27663,4
27664,1
27665,1
27666,6
27667,1
27668,6
27669,1
27670,1
27671,1
27672,1
27673,6
27674,6
27675,1
27676,6
27677,6
27678,6
27679,6
27680,6
27681,6
27682,6
27683,1
27684,6
27685,7
27686,7
27687,7
27688,7
27689,7
27690,7
27691,7
27692,7
27693,7
27694,7
27695,7
27696,7
27697,7
27698,7
27699,7
27700,7
27701,7
27702,7
27703,7
27704,7
27705,7
27706,7
27707,7
27708,7
27709,7
27710,7
27711,7
27712,7
27713,7
27714,7
27715,7
27716,7
27717,7
27718,7
27719,7
27720,7
27721,7
27722,7
27723,7
27724,7
27725,7
27726,7
27727,7
27728,7
27729,7
27730,7
27731,7
27732,7
27733,7
27734,7
27735,7
27736,7
27737,7
27738,7
27739,7
27740,7
27741,7
27742,7
27743,7
27744,7
27745,7
27746,7
27747,7
27748,6
27749,6
27750,6
27751,6
27752,6
27753,6
27754,6
27755,6
27756,6
27757,6
27758,6
27759,6
27760,6
27761,6
27762,6
27763,6
27764,6
27765,6
27766,6
27767,6
27768,6
27769,6
27770,6
27771,6
27772,6
27773,6
27774,6
27775,6
27776,6
27777,6
27778,6
27779,6
27780,4
27781,4
27782,4
27783,4
27784,4
27785,4
27786,4
27787,4
27788,4
27789,4
27790,4
27791,4
27792,4
27793,4
27794,7
27795,7
27796,7
27797,7
27798,7
27799,7
27800,7
27801,7
27802,7
27803,7
27804,7
27805,7
27806,7
27807,7
27808,7
27809,7
27810,7
27811,7
27812,7
27813,7
27814,1
27815,1
27816,1
27817,1
27818,1
27819,1
27820,1
27821,1
27822,1
27823,1
27824,1
27825,1
27826,1
27827,1
27828,1
27829,7
27830,7
27831,7
27832,7
27833,7
27834,7
27835,7
27836,7
27837,7
27838,7
27839,7
27840,7
27841,7
27842,7
27843,7
27844,7
27845,7
27846,7
27847,7
27848,7
27849,7
27850,7
27851,7
27852,7
27853,7
27854,7
27855,7
27856,7
27857,7
27858,7
27859,7
27860,7
27861,7
27862,7
27863,7
27864,7
27865,7
27866,7
27867,7
27868,7
27869,7
27870,7
27871,7
27872,7
27873,7
27874,7
27875,7
27876,7
27877,7
27878,7
27879,7
27880,7
27881,7
27882,7
27883,7
27884,7
27885,7
27886,7
27887,7
27888,7
27889,7
27890,7
27891,7
27892,7
27893,7
27894,7
27895,7
27896,7
27897,7
27898,7
27899,7
27900,7
27901,7
27902,7
27903,7
27904,7
27905,7
27906,7
27907,7
27908,7
27909,7
27910,7
27911,7
27912,7
27913,7
27914,7
27915,7
27916,7
27917,7
27918,7
27919,7
27920,7
27921,7
27922,7
27923,7
27924,7
27925,7
27926,7
27927,7
27928,7
27929,7
27930,7
27931,7
27932,7
27933,7
27934,7
27935,7
27936,7
27937,7
27938,7
27939,7
27940,7
27941,7
27942,7
27943,7
27944,7
27945,7
27946,7
27947,7
27948,7
27949,7
27950,7
27951,7
27952,7
27953,8
27954,8
27955,8
27956,8
27957,8
27958,8
27959,8
27960,8
27961,8
27962,8
27963,8
27964,8
27965,7
27966,7
27967,7
27968,7
27969,7
27970,7
27971,7
27972,7
27973,7
27974,7
27975,7
27976,7
27977,7
27978,7
27979,7
27980,7
27981,7
27982,7
27983,7
27984,7
27985,7
27986,7
27987,7
27988,7
27989,7
27990,7
27991,7
27992,7
27993,7
27994,7
27995,7
27996,7
27997,7
27998,7
27999,7
28000,7
28001,7
28002,7
28003,7
28004,7
28005,7
28006,7
28007,7
28008,7
28009,7
28010,7
28011,7
28012,7
28013,7
28014,7
28015,7
28016,7
28017,7
28018,7
28019,7
28020,7
28021,7
28022,7
28023,7
28024,7
28025,7
28026,7
28027,7
28028,7
28029,7
28030,7
28031,7
28032,7
28033,7
28034,7
28035,7
28036,7
28037,7
28038,7
28039,7
28040,7
28041,7
28042,7
28043,7
28044,7
28045,7
28046,7
28047,7
28048,7
28049,7
28050,7
28051,7
28052,7
28053,7
28054,7
28055,7
28056,7
28057,7
28058,7
28059,7
28060,7
28061,7
28062,7
28063,7
28064,7
28065,7
28066,7
28067,7
28068,7
28069,7
28070,7
28071,7
28072,7
28073,7
28074,7
28075,7
28076,7
28077,7
28078,7
28079,7
28080,7
28081,7
28082,7
28083,7
28084,7
28085,7
28086,7
28087,7
28088,7
28089,7
28090,7
28091,7
28092,7
28093,7
28094,7
28095,7
28096,7
28097,7
28098,7
28099,7
28100,7
28101,7
28102,7
28103,7
28104,7
28105,7
28106,7
28107,7
28108,7
28109,7
28110,7
28111,7
28112,7
28113,7
28114,7
28115,7
28116,7
28117,7
28118,7
28119,7
28120,7
28121,7
28122,7
28123,7
28124,7
28125,7
28126,7
28127,7
28128,7
28129,7
28130,7
28131,7
28132,7
28133,7
28134,7
28135,7
28136,7
28137,7
28138,7
28139,7
28140,7
28141,7
28142,7
28143,7
28144,7
28145,7
28146,7
28147,7
28148,7
28149,7
28150,7
28151,7
28152,7
28153,7
28154,7
28155,7
28156,7
28157,7
28158,7
28159,7
28160,7
28161,7
28162,7
28163,7
28164,7
28165,8
28166,3
28167,3
28168,8
28169,3
28170,3
28171,3
28172,3
28173,3
28174,3
28175,3
28176,3
28177,3
28178,3
28179,3
28180,3
28181,3
28182,3
28183,3
28184,8
28185,3
28186,8
28187,3
28188,3
28189,3
28190,3
28191,3
28192,8
28193,3
28194,8
28195,8
28196,3
28197,3
28198,3
28199,3
28200,3
28201,1
28202,1
28203,4
28204,4
28205,4
28206,3
28207,1
28208,1
28209,4
28210,4
28211,4
28212,4
28213,3
28214,1
28215,4
28216,4
28217,4
28218,1
28219,4
28220,1
28221,1
28222,4
28223,1
28224,4
28225,4
28226,1
28227,4
28228,1
28229,3
28230,4
28231,4
28232,4
28233,4
28234,3
28235,3
28236,1
28237,3
28238,1
28239,1
28240,4
28241,4
28242,1
28243,1
28244,4
28245,4
28246,3
28247,4
28248,1
28249,4
28250,4
28251,4
28252,4
28253,1
28254,4
28255,4
28256,4
28257,4
28258,1
28259,4
28260,1
28261,4
28262,4
28263,4
28264,1
28265,4
28266,4
28267,1
28268,4
28269,1
28270,4
28271,4
28272,1
28273,1
28274,3
28275,4
28276,1
28277,1
28278,4
28279,4
28280,4
28281,1
28282,4
28283,4
28284,4
28285,4
28286,4
28287,4
28288,1
28289,3
28290,4
28291,4
28292,3
28293,1
28294,3
28295,4
28296,4
28297,4
28298,4
28299,4
28300,4
28301,3
28302,4
28303,4
28304,3
28305,4
28306,1
28307,1
28308,1
28309,1
28310,4
28311,4
28312,4
28313,4
28314,1
28315,4
28316,4
28317,3
28318,1
28319,1
28320,1
28321,4
28322,4
28323,3
28324,4
28325,1
28326,4
28327,4
28328,4
28329,1
28330,4
28331,1
28332,1
28333,4
28334,4
28335,3
28336,4
28337,4
28338,4
28339,1
28340,4
28341,4
28342,4
28343,4
28344,4
28345,1
28346,3
28347,1
28348,4
28349,4
28350,1
28351,1
28352,4
28353,4
28354,4
28355,1
28356,4
28357,4
28358,4
28359,4
28360,3
28361,1
28362,4
28363,4
28364,1
28365,4
28366,4
28367,4
28368,1
28369,1
28370,1
28371,1
28372,1
28373,1
28374,4
28375,4
28376,1
28377,4
28378,4
28379,4
28380,4
28381,4
28382,4
28383,1
28384,4
28385,4
28386,4
28387,4
28388,4
28389,4
28390,4
28391,1
28392,4
28393,4
28394,4
28395,3
28396,1
28397,4
28398,1
28399,1
28400,3
28401,4
28402,1
28403,4
28404,4
28405,1
28406,3
28407,3
28408,1
28409,1
28410,3
28411,1
28412,3
28413,4
28414,3
28415,4
28416,4
28417,1
28418,1
28419,1
28420,4
28421,1
28422,1
28423,1
28424,4
28425,1
28426,4
28427,4
28428,1
28429,4
28430,4
28431,4
28432,4
28433,1
28434,4
28435,4
28436,4
28437,1
28438,4
28439,4
28440,4
28441,7
28442,7
28443,6
28444,3
28445,3
28446,3
28447,3
28448,8
28449,8
28450,3
28451,3
28452,4
28453,8
28454,8
28455,8
28456,8
28457,8
28458,3
28459,4
28460,4
28461,1
28462,8
28463,8
28464,8
28465,3
28466,3
28467,3
28468,3
28469,4
28470,3
28471,3
28472,3
28473,3
28474,8
28475,8
28476,8
28477,8
28478,8
28479,8
28480,8
28481,3
28482,3
28483,3
28484,3
28485,3
28486,8
28487,3
28488,3
28489,3
28490,3
28491,3
28492,1
28493,1
28494,3
28495,3
28496,3
28497,3
28498,8
28499,3
28500,8
28501,8
28502,3
28503,3
28504,3
28505,6
28506,3
28507,6
28508,3
28509,3
28510,3
28511,3
28512,3
28513,3
28514,8
28515,8
28516,8
28517,8
28518,3
28519,3
28520,3
28521,3
28522,3
28523,1
28524,3
28525,3
28526,3
28527,3
28528,3
28529,3
28530,3
28531,3
28532,3
28533,3
28534,3
28535,3
28536,8
28537,8
28538,8
28539,8
28540,3
28541,8
28542,8
28543,8
28544,8
28545,8
28546,8
28547,3
28548,3
28549,3
28550,6
28551,3
28552,3
28553,3
28554,3
28555,3
28556,3
28557,3
28558,8
28559,3
28560,3
28561,3
28562,8
28563,3
28564,1
28565,1
28566,4
28567,3
28568,3
28569,3
28570,4
28571,4
28572,3
28573,3
28574,3
28575,3
28576,3
28577,3
28578,3
28579,3
28580,3
28581,3
28582,3
28583,3
28584,3
28585,3
28586,3
28587,1
28588,4
28589,4
28590,4
28591,4
28592,3
28593,4
28594,3
28595,3
28596,3
28597,3
28598,3
28599,1
28600,3
28601,3
28602,6
28603,6
28604,6
28605,6
28606,6
28607,6
28608,6
28609,6
28610,6
28611,6
28612,6
28613,6
28614,6
28615,6
28616,6
28617,6
28618,6
28619,6
28620,6
28621,6
28622,6
28623,6
28624,6
28625,6
28626,6
28627,6
28628,6
28629,6
28630,6
28631,6
28632,6
28633,6
28634,6
28635,6
28636,6
28637,6
28638,6
28639,6
28640,6
28641,6
28642,6
28643,6
28644,6
28645,6
28646,6
28647,6
28648,6
28649,6
28650,6
28651,6
28652,6
28653,1
28654,3
28655,1
28656,1
28657,3
28658,1
28659,3
28660,3
28661,1
28662,1
28663,3
28664,3
28665,3
28666,3
28667,3
28668,3
28669,3
28670,3
28671,3
28672,1
28673,1
28674,3
28675,3
28676,3
28677,1
28678,3
28679,1
28680,3
28681,1
28682,1
28683,1
28684,3
28685,1
28686,3
28687,8
28688,8
28689,8
28690,8
28691,8
28692,8
28693,8
28694,8
28695,8
28696,8
28697,8
28698,8
28699,8
28700,7
28701,7
28702,7
28703,7
28704,7
28705,7
28706,7
28707,7
28708,7
28709,8
28710,8
28711,8
28712,8
28713,8
28714,8
28715,8
28716,8
28717,8
28718,8
28719,8
28720,8
28721,8
28722,8
28723,8
28724,8
28725,8
28726,8
28727,8
28728,8
28729,4
28730,4
28731,1
28732,4
28733,4
28734,4
28735,1
28736,1
28737,4
28738,4
28739,1
28740,4
28741,1
28742,4
28743,1
28744,1
28745,1
28746,4
28747,4
28748,1
28749,4
28750,4
28751,1
28752,4
28753,4
28754,1
28755,1
28756,1
28757,1
28758,4
28759,4
28760,1
28761,4
28762,4
28763,4
28764,1
28765,4
28766,4
28767,4
28768,4
28769,4
28770,4
28771,4
28772,4
28773,4
28774,4
28775,4
28776,4
28777,1
28778,1
28779,1
28780,4
28781,4
28782,3
28783,4
28784,1
28785,4
28786,3
28787,4
28788,4
28789,4
28790,4
28791,3
28792,4
28793,4
28794,3
28795,4
28796,1
28797,4
28798,4
28799,4
28800,4
28801,3
28802,1
28803,1
28804,4
28805,4
28806,4
28807,4
28808,3
28809,4
28810,3
28811,4
28812,4
28813,3
28814,4
28815,1
28816,1
28817,3
28818,4
28819,1
28820,4
28821,3
28822,4
28823,3
28824,3
28825,1
28826,1
28827,1
28828,1
28829,3
28830,1
28831,1
28832,1
28833,3
28834,1
28835,1
28836,3
28837,3
28838,1
28839,1
28840,1
28841,1
28842,1
28843,1
28844,1
28845,3
28846,1
28847,1
28848,1
28849,3
28850,1
28851,1
28852,1
28853,1
28854,3
28855,1
28856,3
28857,1
28858,1
28859,1
28860,1
28861,3
28862,1
28863,1
28864,1
28865,1
28866,3
28867,1
28868,1
28869,3
28870,3
28871,1
28872,3
28873,3
28874,1
28875,8
28876,4
28877,8
28878,8
28879,8
28880,8
28881,8
28882,8
28883,8
28884,8
28885,3
28886,8
28887,4
28888,8
28889,8
28890,8
28891,8
28892,8
28893,8
28894,8
28895,8
28896,8
28897,8
28898,8
28899,8
28900,8
28901,8
28902,8
28903,8
28904,8
28905,8
28906,3
28907,8
28908,8
28909,8
28910,8
28911,8
28912,8
28913,8
28914,8
28915,8
28916,8
28917,8
28918,8
28919,8
28920,8
28921,4
28922,8
28923,8
28924,8
28925,4
28926,8
28927,8
28928,8
28929,8
28930,8
28931,4
28932,8
28933,3
28934,8
28935,8
28936,8
28937,8
28938,8
28939,1
28940,1
28941,1
28942,1
28943,1
28944,1
28945,1
28946,1
28947,1
28948,1
28949,1
28950,1
28951,1
28952,1
28953,1
28954,1
28955,1
28956,1
28957,1
28958,1
28959,1
28960,1
28961,1
28962,1
28963,1
28964,1
28965,1
28966,1
28967,1
28968,1
28969,1
28970,3
28971,3
28972,1
28973,1
28974,1
28975,3
28976,3
28977,1
28978,1
28979,1
28980,1
28981,1
28982,3
28983,1
28984,3
28985,1
28986,1
28987,3
28988,1
28989,3
28990,1
28991,1
28992,3
28993,1
28994,3
28995,1
28996,1
28997,3
28998,1
28999,1
29000,1
29001,1
29002,1
29003,1
29004,4
29005,4
29006,6
29007,3
29008,3
29009,3
29010,3
29011,3
29012,3
29013,3
29014,3
29015,3
29016,3
29017,3
29018,3
29019,3
29020,3
29021,3
29022,3
29023,3
29024,3
29025,3
29026,3
29027,3
29028,3
29029,3
29030,3
29031,3
29032,3
29033,3
29034,3
29035,3
29036,3
29037,3
29038,3
29039,3
29040,3
29041,3
29042,3
29043,3
29044,3
29045,3
29046,3
29047,3
29048,3
29049,3
29050,3
29051,3
29052,3
29053,3
29054,3
29055,3
29056,3
29057,3
29058,3
29059,3
29060,3
29061,3
29062,3
29063,3
29064,3
29065,4
29066,4
29067,4
29068,6
29069,6
29070,6
29071,5
29072,5
29073,5
29074,5
29075,5
29076,6
29077,6
29078,3
29079,6
29080,6
29081,6
29082,3
29083,3
29084,6
29085,6
29086,6
29087,6
29088,6
29089,6
29090,3
29091,6
29092,6
29093,3
29094,4
29095,4
29096,1
29097,4
29098,4
29099,1
29100,4
29101,4
29102,4
29103,8
29104,4
29105,8
29106,4
29107,4
29108,3
29109,3
29110,3
29111,3
29112,3
29113,3
29114,3
29115,3
29116,3
29117,3
29118,3
29119,3
29120,3
29121,3
29122,3
29123,3
29124,3
29125,3
29126,3
29127,3
29128,3
29129,3
29130,3
29131,3
29132,3
29133,3
29134,3
29135,3
29136,3
29137,3
29138,3
29139,3
29140,3
29141,3
29142,3
29143,3
29144,3
29145,3
29146,3
29147,3
29148,3
29149,3
29150,3
29151,3
29152,4
29153,7
29154,7
29155,7
29156,7
29157,7
29158,7
29159,7
29160,7
29161,7
29162,7
29163,7
29164,7
29165,7
29166,7
29167,8
29168,8
29169,8
29170,8
29171,8
29172,8
29173,8
29174,8
29175,8
29176,8
29177,8
29178,8
29179,8
29180,8
29181,8
29182,4
29183,8
29184,8
29185,4
29186,4
29187,3
29188,3
29189,3
29190,3
29191,3
29192,3
29193,3
29194,3
29195,3
29196,3
29197,3
29198,3
29199,3
29200,3
29201,3
29202,3
29203,3
29204,3
29205,3
29206,3
29207,3
29208,3
29209,3
29210,3
29211,3
29212,3
29213,3
29214,3
29215,1
29216,1
29217,1
29218,1
29219,1
29220,1
29221,1
29222,1
29223,1
29224,1
29225,1
29226,1
29227,1
29228,1
29229,1
29230,1
29231,1
29232,1
29233,1
29234,1
29235,1
29236,1
29237,1
29238,1
29239,1
29240,1
29241,1
29242,1
29243,1
29244,1
29245,1
29246,1
29247,1
29248,1
29249,1
29250,1
29251,1
29252,1
29253,1
29254,1
29255,1
29256,1
29257,1
29258,5
29259,5
29260,1
29261,1
29262,1
29263,1
29264,1
29265,1
29266,3
29267,1
29268,1
29269,1
29270,1
29271,3
29272,1
29273,1
29274,1
29275,3
29276,1
29277,1
29278,1
29279,1
29280,1
29281,3
29282,1
29283,1
29284,1
29285,1
29286,3
29287,1
29288,1
29289,1
29290,1
29291,1
29292,1
29293,1
29294,1
29295,1
29296,1
29297,1
29298,1
29299,3
29300,1
29301,1
29302,1
29303,1
29304,1
29305,1
29306,1
29307,1
29308,1
29309,1
29310,3
29311,1
29312,1
29313,1
29314,1
29315,1
29316,1
29317,1
29318,1
29319,1
29320,1
29321,1
29322,1
29323,1
29324,1
29325,1
29326,1
29327,1
29328,1
29329,1
29330,1
29331,1
29332,1
29333,6
29334,1
29335,1
29336,1
29337,6
29338,6
29339,1
29340,1
29341,1
29342,1
29343,6
29344,1
29345,1
29346,1
29347,6
29348,6
29349,1
29350,6
29351,1
29352,1
29353,1
29354,6
29355,6
29356,1
29357,1
29358,6
29359,1
29360,6
29361,1
29362,6
29363,1
29364,1
29365,6
29366,1
29367,1
29368,6
29369,6
29370,1
29371,1
29372,6
29373,6
29374,6
29375,1
29376,6
29377,1
29378,6
29379,6
29380,6
29381,6
29382,6
29383,1
29384,6
29385,6
29386,1
29387,6
29388,6
29389,1
29390,1
29391,6
29392,6
29393,6
29394,6
29395,1
29396,6
29397,6
29398,6
29399,1
29400,6
29401,6
29402,1
29403,1
29404,1
29405,1
29406,6
29407,6
29408,1
29409,6
29410,6
29411,6
29412,6
29413,6
29414,6
29415,6
29416,6
29417,1
29418,6
29419,6
29420,6
29421,6
29422,6
29423,1
29424,1
29425,6
29426,6
29427,6
29428,1
29429,1
29430,6
29431,1
29432,6
29433,1
29434,1
29435,6
29436,1
29437,1
29438,6
29439,6
29440,6
29441,1
29442,1
29443,6
29444,1
29445,6
29446,6
29447,6
29448,1
29449,1
29450,1
29451,1
29452,1
29453,6
29454,6
29455,1
29456,1
29457,1
29458,6
29459,6
29460,1
29461,6
29462,6
29463,1
29464,6
29465,6
29466,6
29467,1
29468,1
29469,6
29470,6
29471,1
29472,1
29473,6
29474,6
29475,6
29476,1
29477,6
29478,6
29479,1
29480,1
29481,6
29482,6
29483,6
29484,1
29485,1
29486,6
29487,1
29488,6
29489,6
29490,1
29491,6
29492,1
29493,1
29494,1
29495,1
29496,1
29497,6
29498,6
29499,6
29500,6
29501,6
29502,6
29503,1
29504,6
29505,6
29506,6
29507,1
29508,6
29509,1
29510,6
29511,1
29512,1
29513,6
29514,1
29515,1
29516,1
29517,6
29518,6
29519,6
29520,1
29521,6
29522,6
29523,1
29524,1
29525,1
29526,1
29527,6
29528,1
29529,6
29530,4
29531,4
29532,4
29533,4
29534,6
29535,6
29536,6
29537,6
29538,6
29539,6
29540,6
29541,6
29542,6
29543,6
29544,6
29545,6
29546,6
29547,6
29548,6
29549,6
29550,6
29551,6
29552,6
29553,6
29554,6
29555,6
29556,6
29557,6
29558,6
29559,6
29560,6
29561,6
29562,6
29563,6
29564,6
29565,6
29566,6
29567,6
29568,6
29569,6
29570,1
29571,1
29572,1
29573,1
29574,1
29575,1
29576,5
29577,1
29578,5
29579,1
29580,1
29581,5
29582,1
29583,1
29584,1
29585,1
29586,1
29587,1
29588,5
29589,5
29590,1
29591,1
29592,1
29593,1
29594,1
29595,5
29596,1
29597,1
29598,1
29599,1
29600,5
29601,1
29602,1
29603,1
29604,1
29605,1
29606,1
29607,1
29608,1
29609,1
29610,5
29611,5
29612,1
29613,1
29614,1
29615,1
29616,1
29617,1
29618,1
29619,1
29620,1
29621,1
29622,1
29623,1
29624,1
29625,1
29626,1
29627,1
29628,1
29629,1
29630,1
29631,1
29632,1
29633,1
29634,1
29635,1
29636,1
29637,1
29638,1
29639,1
29640,1
29641,1
29642,1
29643,1
29644,1
29645,1
29646,1
29647,1
29648,1
29649,1
29650,1
29651,1
29652,1
29653,1
29654,1
29655,1
29656,1
29657,1
29658,1
29659,1
29660,1
29661,1
29662,1
29663,1
29664,1
29665,1
29666,1
29667,1
29668,1
29669,1
29670,1
29671,1
29672,1
29673,1
29674,1
29675,1
29676,1
29677,6
29678,1
29679,6
29680,1
29681,1
29682,1
29683,1
29684,1
29685,6
29686,1
29687,6
29688,6
29689,1
29690,1
29691,1
29692,1
29693,6
29694,6
29695,1
29696,6
29697,6
29698,1
29699,6
29700,6
29701,6
29702,1
29703,6
29704,6
29705,6
29706,6
29707,1
29708,1
29709,1
29710,6
29711,6
29712,6
29713,1
29714,1
29715,1
29716,1
29717,6
29718,1
29719,1
29720,1
29721,1
29722,6
29723,6
29724,6
29725,6
29726,6
29727,1
29728,6
29729,1
29730,6
29731,6
29732,6
29733,6
29734,1
29735,6
29736,6
29737,1
29738,1
29739,1
29740,6
29741,1
29742,6
29743,1
29744,6
29745,6
29746,6
29747,1
29748,1
29749,1
29750,1
29751,1
29752,1
29753,6
29754,1
29755,6
29756,6
29757,6
29758,6
29759,6
29760,6
29761,6
29762,1
29763,6
29764,1
29765,6
29766,1
29767,6
29768,1
29769,6
29770,6
29771,1
29772,1
29773,1
29774,1
29775,6
29776,6
29777,6
29778,1
29779,6
29780,6
29781,1
29782,6
29783,6
29784,6
29785,6
29786,6
29787,6
29788,1
29789,6
29790,1
29791,1
29792,6
29793,6
29794,6
29795,6
29796,1
29797,6
29798,6
29799,6
29800,1
29801,1
29802,1
29803,1
29804,1
29805,6
29806,6
29807,6
29808,1
29809,6
29810,1
29811,1
29812,1
29813,1
29814,1
29815,1
29816,1
29817,1
29818,1
29819,6
29820,1
29821,1
29822,1
29823,1
29824,6
29825,6
29826,1
29827,6
29828,1
29829,6
29830,1
29831,6
29832,6
29833,1
29834,1
29835,6
29836,6
29837,1
29838,6
29839,1
29840,6
29841,1
29842,6
29843,6
29844,6
29845,1
29846,6
29847,1
29848,1
29849,6
29850,6
29851,1
29852,1
29853,1
29854,1
29855,6
29856,1
29857,6
29858,1
29859,1
29860,6
29861,6
29862,6
29863,6
29864,1
29865,1
29866,6
29867,6
29868,6
29869,6
29870,1
29871,6
29872,1
29873,6
29874,1
29875,6
29876,1
29877,1
29878,6
29879,1
29880,1
29881,1
29882,1
29883,1
29884,6
29885,6
29886,6
29887,6
29888,1
29889,6
29890,1
29891,1
29892,6
29893,1
29894,6
29895,6
29896,1
29897,1
29898,1
29899,1
29900,6
29901,1
29902,3
29903,6
29904,3
29905,3
29906,6
29907,6
29908,3
29909,6
29910,3
29911,3
29912,6
29913,3
29914,3
29915,6
29916,6
29917,6
29918,6
29919,6
29920,6
29921,6
29922,6
29923,6
29924,6
29925,3
29926,3
29927,6
29928,3
29929,3
29930,3
29931,6
29932,3
29933,6
29934,3
29935,6
29936,6
29937,3
29938,6
29939,3
29940,6
29941,3
29942,3
29943,6
29944,3
29945,6
29946,3
29947,3
29948,3
29949,3
29950,6
29951,6
29952,3
29953,3
29954,3
29955,3
29956,3
29957,3
29958,6
29959,6
29960,3
29961,3
29962,6
29963,3
29964,3
29965,3
29966,3
29967,3
29968,6
29969,6
29970,6
29971,3
29972,6
29973,6
29974,6
29975,3
29976,6
29977,6
29978,6
29979,7
29980,7
29981,7
29982,7
29983,7
29984,7
29985,7
29986,7
29987,7
29988,7
29989,7
29990,7
29991,7
29992,7
29993,7
29994,7
29995,7
29996,7
29997,7
29998,7
29999,7
30000,7
30001,7
30002,7
30003,7
30004,7
30005,7
30006,7
30007,7
30008,7
30009,7
30010,7
30011,7
30012,7
30013,7
30014,1
30015,1
30016,1
30017,1
30018,1
30019,1
30020,1
30021,1
30022,1
30023,1
30024,1
30025,1
30026,1
30027,1
30028,1
30029,1
30030,1
30031,1
30032,1
30033,1
30034,1
30035,1
30036,1
30037,1
30038,1
30039,1
30040,1
30041,1
30042,1
30043,1
30044,1
30045,1
30046,1
30047,1
30048,1
30049,1
30050,1
30051,1
30052,1
30053,1
30054,1
30055,1
30056,1
30057,1
30058,1
30059,1
30060,1
30061,1
30062,1
30063,1
30064,1
30065,1
30066,3
30067,3
30068,3
30069,3
30070,3
30071,3
30072,3
30073,3
30074,3
30075,3
30076,3
30077,3
30078,3
30079,3
30080,3
30081,3
30082,3
30083,3
30084,3
30085,3
30086,3
30087,3
30088,3
30089,3
30090,3
30091,3
30092,3
30093,3
30094,3
30095,3
30096,3
30097,3
30098,3
30099,3
30100,3
30101,6
30102,3
30103,3
30104,3
30105,3
30106,3
30107,3
30108,3
30109,8
30110,8
30111,8
30112,3
30113,3
30114,3
30115,6
30116,3
30117,3
30118,7
30119,7
30120,7
30121,7
30122,7
30123,7
30124,7
30125,7
30126,7
30127,7
30128,7
30129,7
30130,7
30131,7
30132,7
30133,7
30134,7
30135,7
30136,7
30137,7
30138,7
30139,4
30140,4
30141,4
30142,4
30143,4
30144,4
30145,4
30146,4
30147,4
30148,4
30149,4
30150,4
30151,4
30152,8
30153,8
30154,8
30155,8
30156,8
30157,8
30158,8
30159,8
30160,8
30161,8
30162,8
30163,8
30164,8
30165,8
30166,8
30167,8
30168,8
30169,8
30170,8
30171,8
30172,8
30173,8
30174,8
30175,8
30176,8
30177,8
30178,8
30179,8
30180,8
30181,8
30182,8
30183,8
30184,8
30185,8
30186,8
30187,8
30188,8
30189,8
30190,8
30191,8
30192,8
30193,8
30194,8
30195,8
30196,8
30197,8
30198,3
30199,3
30200,7
30201,3
30202,6
30203,6
30204,3
30205,7
30206,6
30207,6
30208,6
30209,6
30210,6
30211,3
30212,6
30213,7
30214,6
30215,6
30216,3
30217,6
30218,6
30219,6
30220,3
30221,6
30222,7
30223,6
30224,6
30225,3
30226,6
30227,6
30228,6
30229,3
30230,6
30231,3
30232,6
30233,6
30234,6
30235,6
30236,6
30237,3
30238,3
30239,6
30240,3
30241,6
30242,6
30243,7
30244,3
30245,6
30246,6
30247,6
30248,6
30249,6
30250,6
30251,6
30252,6
30253,6
30254,6
30255,6
30256,6
30257,6
30258,6
30259,6
30260,6
30261,6
30262,6
30263,6
30264,6
30265,6
30266,6
30267,6
30268,3
30269,3
30270,3
30271,3
30272,3
30273,3
30274,3
30275,3
30276,3
30277,3
30278,3
30279,3
30280,3
30281,3
30282,3
30283,3
30284,3
30285,3
30286,3
30287,3
30288,3
30289,3
30290,3
30291,3
30292,3
30293,3
30294,1
30295,6
30296,6
30297,1
30298,6
30299,6
30300,6
30301,6
30302,1
30303,1
30304,6
30305,6
30306,7
30307,7
30308,7
30309,7
30310,7
30311,5
30312,5
30313,3
30314,5
30315,5
30316,5
30317,3
30318,5
30319,5
30320,5
30321,3
30322,5
30323,3
30324,3
30325,3
30326,3
30327,3
30328,3
30329,3
30330,3
30331,3
30332,3
30333,3
30334,3
30335,3
30336,3
30337,3
30338,3
30339,3
30340,3
30341,3
30342,3
30343,3
30344,3
30345,3
30346,3
30347,3
30348,3
30349,3
30350,3
30351,3
30352,3
30353,3
30354,3
30355,3
30356,3
30357,3
30358,3
30359,3
30360,3
30361,3
30362,3
30363,3
30364,3
30365,3
30366,3
30367,3
30368,3
30369,3
30370,3
30371,3
30372,3
30373,3
30374,3
30375,3
30376,3
30377,3
30378,3
30379,3
30380,7
30381,7
30382,4
30383,6
30384,3
30385,3
30386,8
30387,6
30388,6
30389,6
30390,7
30391,7
30392,7
30393,7
30394,7
30395,7
30396,7
30397,7
30398,7
30399,7
30400,6
30401,3
30402,3
30403,3
30404,3
30405,3
30406,3
30407,3
30408,3
30409,3
30410,3
30411,3
30412,8
30413,3
30414,3
30415,3
30416,3
30417,3
30418,8
30419,8
30420,6
30421,6
30422,1
30423,1
30424,1
30425,1
30426,1
30427,1
30428,1
30429,1
30430,1
30431,1
30432,1
30433,1
30434,1
30435,1
30436,1
30437,1
30438,1
30439,1
30440,1
30441,1
30442,1
30443,1
30444,1
30445,1
30446,4
30447,3
30448,3
30449,3
30450,3
30451,3
30452,3
30453,3
30454,3
30455,3
30456,3
30457,3
30458,3
30459,3
30460,3
30461,3
30462,3
30463,3
30464,3
30465,3
30466,3
30467,3
30468,3
30469,3
30470,3
30471,3
30472,3
30473,3
30474,3
30475,3
30476,3
30477,3
30478,3
30479,3
30480,3
30481,3
30482,3
30483,3
30484,3
30485,3
30486,3
30487,3
30488,3
30489,3
30490,4
30491,4
30492,4
30493,4
30494,4
30495,4
30496,4
30497,4
30498,4
30499,4
30500,4
30501,4
30502,4
30503,4
30504,4
30505,4
30506,4
30507,4
30508,4
30509,4
30510,4
30511,4
30512,6
30513,6
30514,6
30515,6
30516,6
30517,6
30518,6
30519,6
30520,6
30521,6
30522,6
30523,6
30524,6
30525,6
30526,6
30527,6
30528,6
30529,6
30530,6
30531,6
30532,6
30533,6
30534,6
30535,6
30536,6
30537,6
30538,6
30539,6
30540,6
30541,6
30542,6
30543,6
30544,6
30545,6
30546,6
30547,6
30548,6
30549,6
30550,6
30551,6
30552,6
30553,6
30554,6
30555,6
30556,6
30557,6
30558,6
30559,6
30560,6
30561,6
30562,6
30563,6
30564,6
30565,6
30566,6
30567,6
30568,6
30569,6
30570,6
30571,6
30572,6
30573,6
30574,6
30575,6
30576,6
30577,6
30578,6
30579,6
30580,6
30581,6
30582,6
30583,6
30584,6
30585,6
30586,6
30587,6
30588,6
30589,6
30590,6
30591,6
30592,6
30593,6
30594,6
30595,6
30596,6
30597,6
30598,6
30599,6
30600,6
30601,6
30602,6
30603,6
30604,6
30605,6
30606,6
30607,6
30608,6
30609,6
30610,6
30611,6
30612,6
30613,6
30614,6
30615,6
30616,6
30617,6
30618,6
30619,6
30620,6
30621,6
30622,6
30623,6
30624,6
30625,6
30626,6
30627,6
30628,6
30629,6
30630,6
30631,6
30632,6
30633,6
30634,6
30635,6
30636,6
30637,6
30638,6
30639,6
30640,6
30641,6
30642,6
30643,6
30644,6
30645,6
30646,6
30647,6
30648,6
30649,6
30650,6
30651,6
30652,6
30653,6
30654,6
30655,6
30656,6
30657,6
30658,6
30659,6
30660,6
30661,6
30662,6
30663,6
30664,6
30665,6
30666,6
30667,6
30668,6
30669,6
30670,6
30671,6
30672,6
30673,6
30674,6
30675,6
30676,6
30677,6
30678,6
30679,6
30680,6
30681,6
30682,6
30683,6
30684,6
30685,6
30686,6
30687,6
30688,6
30689,7
30690,7
30691,7
30692,7
30693,7
30694,7
30695,7
30696,7
30697,7
30698,7
30699,7
30700,7
30701,7
30702,7
30703,3
30704,3
30705,3
30706,3
30707,3
30708,3
30709,3
30710,3
30711,3
30712,3
30713,3
30714,3
30715,3
30716,3
30717,3
30718,3
30719,3
30720,3
30721,3
30722,3
30723,3
30724,4
30725,6
30726,6
30727,6
30728,6
30729,6
30730,6
30731,6
30732,6
30733,6
30734,6
30735,6
30736,6
30737,6
30738,6
30739,6
30740,6
30741,6
30742,6
30743,6
30744,6
30745,6
30746,6
30747,6
30748,6
30749,6
30750,6
30751,6
30752,6
30753,6
30754,6
30755,6
30756,6
30757,6
30758,6
30759,6
30760,6
30761,4
30762,4
30763,4
30764,6
30765,6
30766,6
30767,6
30768,6
30769,6
30770,6
30771,6
30772,6
30773,6
30774,6
30775,6
30776,6
30777,6
30778,6
30779,6
30780,6
30781,6
30782,6
30783,6
30784,6
30785,6
30786,6
30787,6
30788,6
30789,6
30790,6
30791,6
30792,6
30793,6
30794,6
30795,6
30796,6
30797,7
30798,7
30799,7
30800,4
30801,4
30802,4
30803,4
30804,4
30805,4
30806,4
30807,4
30808,4
30809,4
30810,4
30811,4
30812,4
30813,4
30814,7
30815,7
30816,3
30817,3
30818,3
30819,3
30820,3
30821,3
30822,3
30823,5
30824,4
30825,4
30826,4
30827,4
30828,4
30829,4
30830,4
30831,6
30832,6
30833,6
30834,6
30835,6
30836,7
30837,7
30838,8
30839,8
30840,8
30841,8
30842,8
30843,1
30844,6
30845,6
30846,6
30847,3
30848,6
30849,6
30850,6
30851,6
30852,3
30853,6
30854,6
30855,6
30856,6
30857,6
30858,6
30859,6
30860,3
30861,3
30862,3
30863,6
30864,6
30865,6
30866,6
30867,6
30868,3
30869,3
30870,6
30871,3
30872,6
30873,6
30874,3
30875,6
30876,6
30877,6
30878,6
30879,6
30880,7
30881,3
30882,6
30883,6
30884,6
30885,6
30886,6
30887,6
30888,6
30889,6
30890,6
30891,6
30892,6
30893,6
30894,5
30895,5
30896,5
30897,5
30898,5
30899,5
30900,5
30901,5
30902,5
30903,5
30904,5
30905,5
30906,5
30907,5
30908,5
30909,5
30910,5
30911,5
30912,5
30913,5
30914,3
30915,6
30916,3
30917,6
30918,6
30919,6
30920,6
30921,3
30922,3
30923,5
30924,5
30925,5
30926,5
30927,5
30928,5
30929,5
30930,5
30931,5
30932,5
30933,5
30934,5
30935,5
30936,5
30937,5
30938,5
30939,5
30940,3
30941,3
30942,3
30943,3
30944,3
30945,3
30946,3
30947,3
30948,3
30949,3
30950,3
30951,3
30952,6
30953,6
30954,6
30955,3
30956,6
30957,6
30958,6
30959,6
30960,3
30961,6
30962,3
30963,3
30964,6
30965,3
30966,3
30967,6
30968,3
30969,3
30970,3
30971,3
30972,3
30973,3
30974,3
30975,3
30976,3
30977,8
30978,8
30979,8
30980,8
30981,8
30982,8
30983,8
30984,8
30985,8
30986,8
30987,8
30988,8
30989,8
30990,8
30991,8
30992,8
30993,8
30994,8
30995,8
30996,8
30997,8
30998,8
30999,8
31000,8
31001,8
31002,8
31003,8
31004,8
31005,8
31006,8
31007,8
31008,8
31009,8
31010,8
31011,8
31012,8
31013,8
31014,8
31015,8
31016,8
31017,8
31018,8
31019,8
31020,8
31021,8
31022,8
31023,8
31024,8
31025,8
31026,8
31027,8
31028,8
31029,8
31030,8
31031,8
31032,8
31033,8
31034,8
31035,8
31036,8
31037,8
31038,8
31039,8
31040,8
31041,8
31042,8
31043,8
31044,8
31045,8
31046,8
31047,8
31048,8
31049,8
31050,8
31051,8
31052,8
31053,8
31054,8
31055,8
31056,8
31057,8
31058,8
31059,8
31060,8
31061,8
31062,8
31063,8
31064,8
31065,8
31066,8
31067,8
31068,8
31069,8
31070,8
31071,8
31072,8
31073,8
31074,8
31075,8
31076,8
31077,8
31078,8
31079,8
31080,8
31081,8
31082,8
31083,8
31084,8
31085,8
31086,8
31087,8
31088,8
31089,8
31090,8
31091,8
31092,8
31093,3
31094,8
31095,3
31096,8
31097,3
31098,3
31099,8
31100,3
31101,3
31102,3
31103,3
31104,3
31105,1
31106,1
31107,3
31108,8
31109,3
31110,3
31111,3
31112,8
31113,3
31114,3
31115,3
31116,8
31117,3
31118,3
31119,8
31120,8
31121,3
31122,3
31123,8
31124,3
31125,3
31126,3
31127,3
31128,3
31129,3
31130,8
31131,3
31132,3
31133,3
31134,3
31135,8
31136,3
31137,8
31138,8
31139,3
31140,8
31141,8
31142,3
31143,3
31144,3
31145,8
31146,3
31147,3
31148,3
31149,3
31150,3
31151,3
31152,3
31153,8
31154,3
31155,3
31156,3
31157,3
31158,3
31159,3
31160,3
31161,3
31162,8
31163,3
31164,3
31165,3
31166,3
31167,3
31168,3
31169,3
31170,3
31171,3
31172,3
31173,3
31174,8
31175,8
31176,3
31177,3
31178,3
31179,3
31180,8
31181,3
31182,3
31183,8
31184,6
31185,6
31186,6
31187,6
31188,6
31189,6
31190,3
31191,3
31192,3
31193,3
31194,3
31195,3
31196,3
31197,3
31198,3
31199,3
31200,3
31201,6
31202,6
31203,6
31204,3
31205,6
31206,3
31207,8
31208,8
31209,8
31210,3
31211,4
31212,4
31213,4
31214,4
31215,4
31216,6
31217,6
31218,6
31219,6
31220,6
31221,6
31222,6
31223,3
31224,6
31225,6
31226,6
31227,6
31228,3
31229,6
31230,6
31231,3
31232,6
31233,6
31234,3
31235,6
31236,3
31237,6
31238,6
31239,6
31240,3
31241,3
31242,3
31243,3
31244,6
31245,3
31246,3
31247,6
31248,6
31249,6
31250,3
31251,6
31252,3
31253,3
31254,3
31255,8
31256,8
31257,8
31258,8
31259,6
31260,6
31261,6
31262,6
31263,3
31264,6
31265,6
31266,6
31267,6
31268,6
31269,6
31270,6
31271,3
31272,6
31273,6
31274,6
31275,6
31276,6
31277,6
31278,6
31279,6
31280,6
31281,6
31282,6
31283,6
31284,6
31285,6
31286,7
31287,7
31288,7
31289,7
31290,4
31291,3
31292,8
31293,8
31294,7
31295,7
31296,7
31297,7
31298,7
31299,7
31300,7
31301,6
31302,7
31303,7
31304,8
31305,8
31306,8
31307,8
31308,7
31309,7
31310,6
31311,7
31312,7
31313,7
31314,7
31315,7
31316,7
31317,7
31318,7
31319,7
31320,7
31321,7
31322,7
31323,7
31324,7
31325,7
31326,6
31327,7
31328,7
31329,7
31330,7
31331,7
31332,7
31333,7
31334,7
31335,7
31336,7
31337,7
31338,7
31339,7
31340,7
31341,7
31342,7
31343,7
31344,7
31345,7
31346,1
31347,3
31348,8
31349,8
31350,8
31351,8
31352,8
31353,8
31354,3
31355,3
31356,3
31357,3
31358,3
31359,3
31360,3
31361,3
31362,3
31363,1
31364,1
31365,3
31366,3
31367,1
31368,3
31369,1
31370,3
31371,3
31372,3
31373,3
31374,3
31375,3
31376,3
31377,3
31378,3
31379,3
31380,3
31381,3
31382,1
31383,6
31384,7
31385,7
31386,6
31387,6
31388,6
31389,6
31390,6
31391,6
31392,6
31393,3
31394,6
31395,6
31396,6
31397,6
31398,7
31399,7
31400,7
31401,7
31402,7
31403,6
31404,3
31405,3
31406,3
31407,6
31408,6
31409,3
31410,6
31411,3
31412,6
31413,7
31414,6
31415,6
31416,7
31417,7
31418,7
31419,7
31420,3
31421,3
31422,3
31423,3
31424,3
31425,3
31426,3
31427,3
31428,3
31429,1
31430,7
31431,3
31432,3
31433,3
31434,3
31435,3
31436,3
31437,3
31438,3
31439,7
31440,7
31441,1
31442,1
31443,7
31444,7
31445,7
31446,7
31447,7
31448,3
31449,3
31450,3
31451,3
31452,3
31453,3
31454,3
31455,3
31456,7
31457,7
31458,7
31459,7
31460,7
31461,7
31462,7
31463,3
31464,3
31465,3
31466,3
31467,3
31468,3
31469,3
31470,3
31471,3
31472,3
31473,3
31474,7
31475,1
31476,1
31477,7
31478,7
31479,7
31480,7
31481,7
31482,7
31483,3
31484,3
31485,3
31486,3
31487,3
31488,5
31489,5
31490,5
31491,5
31492,5
31493,5
31494,5
31495,3
31496,5
31497,5
31498,5
31499,5
31500,3
31501,1
31502,3
31503,1
31504,3
31505,3
31506,3
31507,3
31508,3
31509,5
31510,5
31511,5
31512,5
31513,5
31514,5
31515,5
31516,5
31517,5
31518,5
31519,5
31520,3
31521,3
31522,3
31523,3
31524,3
31525,3
31526,3
31527,3
31528,3
31529,3
31530,3
31531,1
31532,5
31533,5
31534,5
31535,5
31536,1
31537,5
31538,5
31539,5
31540,5
31541,1
31542,5
31543,5
31544,5
31545,3
31546,1
31547,3
31548,3
31549,1
31550,1
31551,3
31552,3
31553,3
31554,3
31555,1
31556,5
31557,5
31558,5
31559,5
31560,5
31561,5
31562,5
31563,3
31564,1
31565,3
31566,3
31567,1
31568,1
31569,5
31570,5
31571,5
31572,1
31573,1
31574,3
31575,3
31576,3
31577,3
31578,3
31579,3
31580,3
31581,3
31582,3
31583,3
31584,3
31585,3
31586,5
31587,5
31588,5
31589,5
31590,5
31591,5
31592,5
31593,5
31594,5
31595,5
31596,6
31597,6
31598,3
31599,6
31600,6
31601,3
31602,3
31603,3
31604,3
31605,3
31606,6
31607,3
31608,3
31609,3
31610,6
31611,6
31612,6
31613,6
31614,6
31615,7
31616,7
31617,7
31618,7
31619,7
31620,7
31621,7
31622,7
31623,7
31624,7
31625,7
31626,7
31627,7
31628,7
31629,7
31630,7
31631,7
31632,7
31633,7
31634,7
31635,7
31636,3
31637,3
31638,3
31639,3
31640,3
31641,3
31642,3
31643,3
31644,3
31645,3
31646,3
31647,3
31648,3
31649,3
31650,3
31651,3
31652,3
31653,3
31654,3
31655,3
31656,3
31657,3
31658,3
31659,3
31660,3
31661,3
31662,3
31663,3
31664,3
31665,3
31666,3
31667,3
31668,3
31669,3
31670,3
31671,3
31672,3
31673,3
31674,3
31675,3
31676,3
31677,3
31678,3
31679,3
31680,3
31681,3
31682,3
31683,3
31684,3
31685,3
31686,3
31687,3
31688,3
31689,3
31690,3
31691,3
31692,3
31693,3
31694,3
31695,3
31696,3
31697,3
31698,3
31699,3
31700,3
31701,3
31702,3
31703,3
31704,3
31705,3
31706,3
31707,3
31708,3
31709,3
31710,3
31711,3
31712,3
31713,3
31714,3
31715,3
31716,3
31717,7
31718,7
31719,7
31720,7
31721,3
31722,3
31723,6
31724,6
31725,4
31726,3
31727,4
31728,3
31729,4
31730,3
31731,3
31732,3
31733,3
31734,3
31735,3
31736,3
31737,3
31738,8
31739,8
31740,3
31741,3
31742,3
31743,8
31744,8
31745,8
31746,3
31747,3
31748,3
31749,3
31750,3
31751,3
31752,3
31753,8
31754,3
31755,8
31756,8
31757,3
31758,3
31759,3
31760,3
31761,3
31762,3
31763,3
31764,3
31765,7
31766,7
31767,3
31768,6
31769,6
31770,6
31771,3
31772,5
31773,3
31774,3
31775,8
31776,6
31777,6
31778,6
31779,3
31780,6
31781,6
31782,6
31783,6
31784,6
31785,3
31786,6
31787,6
31788,6
31789,6
31790,6
31791,6
31792,6
31793,6
31794,3
31795,3
31796,3
31797,3
31798,4
31799,3
31800,5
31801,6
31802,6
31803,3
31804,6
31805,6
31806,3
31807,3
31808,3
31809,3
31810,3
31811,3
31812,6
31813,6
31814,6
31815,3
31816,3
31817,3
31818,8
31819,6
31820,3
31821,3
31822,3
31823,6
31824,3
31825,3
31826,3
31827,3
31828,3
31829,3
31830,6
31831,3
31832,3
31833,3
31834,3
31835,3
31836,3
31837,3
31838,3
31839,3
31840,6
31841,3
31842,3
31843,3
31844,3
31845,3
31846,3
31847,3
31848,3
31849,6
31850,3
31851,3
31852,3
31853,3
31854,3
31855,6
31856,6
31857,3
31858,3
31859,3
31860,3
31861,5
31862,5
31863,5
31864,5
31865,5
31866,5
31867,5
31868,5
31869,5
31870,5
31871,5
31872,5
31873,5
31874,5
31875,5
31876,5
31877,5
31878,5
31879,5
31880,5
31881,5
31882,5
31883,5
31884,5
31885,5
31886,5
31887,5
31888,5
31889,5
31890,5
31891,5
31892,5
31893,5
31894,5
31895,5
31896,5
31897,5
31898,5
31899,5
31900,5
31901,5
31902,5
31903,5
31904,5
31905,5
31906,5
31907,5
31908,5
31909,5
31910,5
31911,5
31912,5
31913,5
31914,5
31915,5
31916,5
31917,5
31918,5
31919,5
31920,3
31921,3
31922,3
31923,3
31924,3
31925,3
31926,3
31927,3
31928,3
31929,3
31930,1
31931,3
31932,3
31933,3
31934,3
31935,3
31936,3
31937,3
31938,3
31939,3
31940,8
31941,8
31942,6
31943,6
31944,3
31945,6
31946,3
31947,6
31948,6
31949,3
31950,3
31951,3
31952,8
31953,3
31954,8
31955,3
31956,3
31957,8
31958,3
31959,3
31960,1
31961,6
31962,6
31963,6
31964,8
31965,3
31966,3
31967,3
31968,3
31969,8
31970,3
31971,3
31972,8
31973,3
31974,3
31975,3
31976,3
31977,3
31978,3
31979,3
31980,3
31981,3
31982,3
31983,8
31984,3
31985,3
31986,3
31987,3
31988,6
31989,6
31990,3
31991,3
31992,3
31993,3
31994,3
31995,3
31996,3
31997,3
31998,6
31999,3
32000,6
32001,3
32002,3
32003,6
32004,6
32005,6
32006,3
32007,3
32008,3
32009,3
32010,3
32011,3
32012,3
32013,3
32014,3
32015,3
32016,3
32017,3
32018,3
32019,3
32020,3
32021,3
32022,3
32023,6
32024,6
32025,3
32026,3
32027,3
32028,3
32029,3
32030,3
32031,6
32032,3
32033,3
32034,3
32035,3
32036,3
32037,3
32038,3
32039,3
32040,3
32041,3
32042,3
32043,3
32044,3
32045,3
32046,3
32047,3
32048,3
32049,3
32050,3
32051,3
32052,3
32053,6
32054,3
32055,3
32056,3
32057,3
32058,3
32059,3
32060,3
32061,6
32062,3
32063,3
32064,3
32065,3
32066,3
32067,3
32068,3
32069,3
32070,3
32071,3
32072,3
32073,3
32074,3
32075,3
32076,3
32077,3
32078,3
32079,3
32080,3
32081,3
32082,3
32083,3
32084,3
32085,3
32086,3
32087,3
32088,3
32089,3
32090,3
32091,3
32092,3
32093,3
32094,3
32095,3
32096,3
32097,3
32098,3
32099,5
32100,5
32101,5
32102,5
32103,5
32104,5
32105,5
32106,5
32107,5
32108,1
32109,4
32110,4
32111,4
32112,4
32113,4
32114,4
32115,4
32116,4
32117,4
32118,3
32119,4
32120,1
32121,1
32122,4
32123,3
32124,4
32125,4
32126,4
32127,4
32128,6
32129,6
32130,6
32131,6
32132,6
32133,6
32134,6
32135,6
32136,6
32137,6
32138,6
32139,6
32140,6
32141,6
32142,1
32143,1
32144,1
32145,1
32146,1
32147,1
32148,1
32149,1
32150,1
32151,1
32152,1
32153,1
32154,1
32155,1
32156,1
32157,7
32158,7
32159,7
32160,7
32161,7
32162,7
32163,7
32164,7
32165,7
32166,7
32167,7
32168,7
32169,7
32170,7
32171,7
32172,7
32173,7
32174,7
32175,7
32176,7
32177,7
32178,7
32179,7
32180,7
32181,7
32182,7
32183,6
32184,6
32185,6
32186,4
32187,4
32188,4
32189,4
32190,3
32191,6
32192,6
32193,8
32194,8
32195,8
32196,8
32197,8
32198,8
32199,8
32200,8
32201,8
32202,8
32203,8
32204,8
32205,8
32206,8
32207,8
32208,8
32209,8
32210,4
32211,4
32212,4
32213,4
32214,4
32215,7
32216,7
32217,4
32218,8
32219,8
32220,8
32221,8
32222,7
32223,7
32224,7
32225,6
32226,6
32227,4
32228,4
32229,8
32230,3
32231,4
32232,4
32233,4
32234,4
32235,4
32236,3
32237,3
32238,3
32239,3
32240,3
32241,3
32242,3
32243,3
32244,3
32245,3
32246,3
32247,3
32248,3
32249,3
32250,3
32251,3
32252,3
32253,3
32254,3
32255,3
32256,3
32257,3
32258,3
32259,3
32260,3
32261,3
32262,3
32263,3
32264,3
32265,3
32266,3
32267,3
32268,3
32269,3
32270,3
32271,3
32272,3
32273,3
32274,3
32275,3
32276,3
32277,3
32278,3
32279,3
32280,3
32281,3
32282,3
32283,3
32284,3
32285,3
32286,3
32287,3
32288,3
32289,3
32290,3
32291,3
32292,3
32293,3
32294,3
32295,3
32296,3
32297,3
32298,3
32299,3
32300,3
32301,3
32302,3
32303,3
32304,3
32305,3
32306,3
32307,3
32308,3
32309,3
32310,3
32311,3
32312,3
32313,3
32314,3
32315,3
32316,3
32317,3
32318,3
32319,3
32320,3
32321,3
32322,3
32323,3
32324,3
32325,3
32326,3
32327,3
32328,3
32329,3
32330,3
32331,3
32332,3
32333,3
32334,3
32335,3
32336,3
32337,3
32338,3
32339,3
32340,3
32341,3
32342,3
32343,3
32344,3
32345,3
32346,3
32347,3
32348,3
32349,3
32350,3
32351,3
32352,3
32353,3
32354,3
32355,3
32356,3
32357,3
32358,3
32359,3
32360,3
32361,3
32362,3
32363,3
32364,3
32365,3
32366,3
32367,3
32368,3
32369,3
32370,3
32371,3
32372,3
32373,3
32374,3
32375,3
32376,3
32377,3
32378,3
32379,3
32380,3
32381,3
32382,3
32383,3
32384,3
32385,3
32386,3
32387,3
32388,3
32389,3
32390,3
32391,3
32392,3
32393,3
32394,3
32395,3
32396,3
32397,3
32398,3
32399,3
32400,3
32401,3
32402,3
32403,3
32404,3
32405,3
32406,3
32407,3
32408,3
32409,3
32410,3
32411,3
32412,3
32413,3
32414,3
32415,3
32416,3
32417,7
32418,7
32419,7
32420,7
32421,7
32422,7
32423,7
32424,7
32425,7
32426,7
32427,7
32428,7
32429,7
32430,7
32431,7
32432,7
32433,7
32434,6
32435,6
32436,6
32437,6
32438,6
32439,6
32440,6
32441,6
32442,6
32443,3
32444,3
32445,3
32446,3
32447,3
32448,3
32449,3
32450,3
32451,3
32452,3
32453,3
32454,3
32455,3
32456,3
32457,3
32458,3
32459,3
32460,3
32461,3
32462,3
32463,3
32464,3
32465,3
32466,3
32467,3
32468,3
32469,3
32470,3
32471,3
32472,3
32473,3
32474,3
32475,3
32476,3
32477,3
32478,3
32479,3
32480,3
32481,3
32482,3
32483,3
32484,3
32485,3
32486,3
32487,3
32488,3
32489,3
32490,3
32491,3
32492,3
32493,3
32494,3
32495,3
32496,3
32497,3
32498,3
32499,3
32500,3
32501,3
32502,3
32503,3
32504,3
32505,3
32506,3
32507,3
32508,3
32509,3
32510,3
32511,3
32512,3
32513,3
32514,3
32515,3
32516,3
32517,3
32518,3
32519,3
32520,8
32521,8
32522,8
32523,8
32524,8
32525,8
32526,8
32527,8
32528,8
32529,6
32530,6
32531,3
32532,6
32533,6
32534,6
32535,7
32536,7
32537,3
32538,6
32539,6
32540,6
32541,6
32542,6
32543,6
32544,6
32545,6
32546,3
32547,6
32548,3
32549,6
32550,6
32551,3
32552,3
32553,6
32554,6
32555,6
32556,6
32557,6
32558,6
32559,6
32560,6
32561,6
32562,6
32563,6
32564,6
32565,6
32566,6
32567,6
32568,6
32569,6
32570,6
32571,6
32572,6
32573,6
32574,6
32575,6
32576,6
32577,6
32578,6
32579,6
32580,4
32581,7
32582,6
32583,3
32584,6
32585,3
32586,7
32587,7
32588,7
32589,7
32590,7
32591,7
32592,7
32593,7
32594,7
32595,7
32596,7
32597,7
32598,7
32599,7
32600,7
32601,7
32602,7
32603,7
32604,7
32605,7
32606,7
32607,7
32608,7
32609,7
32610,7
32611,7
32612,7
32613,7
32614,7
32615,7
32616,7
32617,7
32618,7
32619,7
32620,4
32621,7
32622,6
32623,6
32624,6
32625,6
32626,6
32627,7
32628,7
32629,6
32630,6
32631,6
32632,6
32633,7
32634,7
32635,6
32636,3
32637,3
32638,8
32639,3
32640,3
32641,3
32642,3
32643,4
32644,4
32645,8
32646,3
32647,3
32648,3
32649,3
32650,8
32651,3
32652,3
32653,8
32654,8
32655,3
32656,3
32657,3
32658,3
32659,3
32660,3
32661,3
32662,3
32663,3
32664,3
32665,3
32666,3
32667,3
32668,3
32669,8
32670,4
32671,8
32672,3
32673,3
32674,3
32675,3
32676,3
32677,3
32678,3
32679,5
32680,3
32681,5
32682,3
32683,5
32684,3
32685,3
32686,3
32687,5
32688,3
32689,3
32690,3
32691,3
32692,3
32693,3
32694,3
32695,3
32696,3
32697,3
32698,3
32699,3
32700,3
32701,3
32702,3
32703,3
32704,3
32705,3
32706,3
32707,3
32708,3
32709,3
32710,3
32711,3
32712,3
32713,3
32714,3
32715,3
32716,3
32717,3
32718,3
32719,3
32720,3
32721,3
32722,3
32723,3
32724,3
32725,3
32726,3
32727,3
32728,3
32729,3
32730,3
32731,3
32732,3
32733,3
32734,3
32735,3
32736,3
32737,3
32738,3
32739,3
32740,3
32741,3
32742,3
32743,3
32744,3
32745,3
32746,3
32747,3
32748,3
32749,6
32750,6
32751,6
32752,6
32753,6
32754,6
32755,6
32756,6
32757,6
32758,6
32759,6
32760,6
32761,6
32762,6
32763,6
32764,6
32765,6
32766,6
32767,6
32768,6
32769,6
32770,6
32771,6
32772,6
32773,6
32774,6
32775,6
32776,6
32777,6
32778,6
32779,6
32780,6
32781,6
32782,6
32783,6
32784,6
32785,6
32786,6
32787,6
32788,6
32789,6
32790,6
32791,6
32792,6
32793,6
32794,8
32795,3
32796,8
32797,8
32798,8
32799,3
32800,3
32801,4
32802,4
32803,4
32804,4
32805,4
32806,4
32807,4
32808,4
32809,4
32810,4
32811,4
32812,4
32813,4
32814,4
32815,4
32816,4
32817,4
32818,4
32819,4
32820,4
32821,4
32822,4
32823,4
32824,4
32825,4
32826,4
32827,4
32828,4
32829,4
32830,4
32831,4
32832,4
32833,4
32834,4
32835,4
32836,4
32837,3
32838,4
32839,4
32840,4
32841,3
32842,4
32843,4
32844,4
32845,4
32846,4
32847,4
32848,4
32849,4
32850,4
32851,1
32852,4
32853,4
32854,4
32855,4
32856,3
32857,3
32858,4
32859,4
32860,4
32861,4
32862,4
32863,4
32864,3
32865,4
32866,4
32867,4
32868,4
32869,4
32870,1
32871,4
32872,4
32873,1
32874,3
32875,4
32876,1
32877,4
32878,4
32879,4
32880,4
32881,3
32882,3
32883,1
32884,4
32885,4
32886,4
32887,4
32888,4
32889,4
32890,4
32891,1
32892,4
32893,1
32894,4
32895,4
32896,3
32897,1
32898,1
32899,4
32900,3
32901,4
32902,4
32903,4
32904,1
32905,4
32906,1
32907,1
32908,4
32909,4
32910,1
32911,1
32912,4
32913,4
32914,4
32915,4
32916,4
32917,4
32918,1
32919,4
32920,4
32921,1
32922,4
32923,4
32924,4
32925,1
32926,4
32927,3
32928,4
32929,4
32930,4
32931,1
32932,4
32933,1
32934,4
32935,1
32936,3
32937,4
32938,1
32939,1
32940,3
32941,4
32942,3
32943,1
32944,4
32945,1
32946,3
32947,3
32948,5
32949,5
32950,5
32951,1
32952,3
32953,3
32954,5
32955,5
32956,5
32957,5
32958,5
32959,5
32960,1
32961,3
32962,3
32963,5
32964,5
32965,5
32966,5
32967,5
32968,5
32969,1
32970,3
32971,3
32972,3
32973,3
32974,5
32975,5
32976,5
32977,3
32978,3
32979,5
32980,5
32981,5
32982,3
32983,3
32984,1
32985,3
32986,3
32987,5
32988,5
32989,5
32990,5
32991,3
32992,3
32993,1
32994,1
32995,3
32996,5
32997,5
32998,5
32999,5
33000,3
33001,3
33002,3
33003,3
33004,8
33005,3
33006,3
33007,6
33008,3
33009,6
33010,3
33011,3
33012,3
33013,6
33014,3
33015,6
33016,3
33017,3
33018,6
33019,3
33020,6
33021,3
33022,3
33023,3
33024,3
33025,6
33026,3
33027,6
33028,3
33029,3
33030,6
33031,3
33032,3
33033,3
33034,6
33035,3
33036,3
33037,3
33038,3
33039,8
33040,3
33041,8
33042,3
33043,3
33044,3
33045,3
33046,3
33047,6
33048,3
33049,3
33050,3
33051,3
33052,3
33053,6
33054,3
33055,3
33056,3
33057,8
33058,3
33059,8
33060,8
33061,3
33062,3
33063,3
33064,3
33065,3
33066,3
33067,6
33068,3
33069,3
33070,3
33071,6
33072,6
33073,5
33074,5
33075,5
33076,5
33077,5
33078,5
33079,5
33080,5
33081,5
33082,5
33083,5
33084,5
33085,5
33086,5
33087,5
33088,5
33089,5
33090,5
33091,5
33092,5
33093,5
33094,5
33095,5
33096,5
33097,5
33098,1
33099,1
33100,1
33101,1
33102,1
33103,1
33104,1
33105,1
33106,1
33107,1
33108,1
33109,1
33110,1
33111,1
33112,1
33113,1
33114,1
33115,1
33116,1
33117,1
33118,1
33119,1
33120,1
33121,1
33122,1
33123,1
33124,1
33125,1
33126,1
33127,1
33128,1
33129,1
33130,1
33131,1
33132,1
33133,1
33134,1
33135,1
33136,1
33137,1
33138,1
33139,1
33140,6
33141,6
33142,6
33143,6
33144,6
33145,6
33146,6
33147,6
33148,6
33149,3
33150,3
33151,3
33152,3
33153,3
33154,3
33155,3
33156,3
33157,3
33158,3
33159,3
33160,1
33161,1
33162,4
33163,4
33164,4
33165,1
33166,6
33167,1
33168,1
33169,1
33170,1
33171,1
33172,1
33173,1
33174,1
33175,1
33176,1
33177,1
33178,1
33179,1
33180,1
33181,1
33182,1
33183,1
33184,1
33185,1
33186,6
33187,1
33188,1
33189,1
33190,4
33191,4
33192,4
33193,4
33194,4
33195,4
33196,4
33197,4
33198,4
33199,4
33200,4
33201,4
33202,4
33203,4
33204,4
33205,4
33206,4
33207,4
33208,4
33209,4
33210,4
33211,4
33212,4
33213,4
33214,4
33215,4
33216,4
33217,4
33218,4
33219,4
33220,4
33221,3
33222,4
33223,8
33224,6
33225,6
33226,3
33227,3
33228,3
33229,3
33230,3
33231,3
33232,3
33233,3
33234,3
33235,3
33236,3
33237,5
33238,4
33239,4
33240,4
33241,3
33242,3
33243,3
33244,3
33245,3
33246,3
33247,4
33248,4
33249,4
33250,4
33251,4
33252,4
33253,7
33254,7
33255,7
33256,7
33257,7
33258,7
33259,7
33260,7
33261,7
33262,7
33263,7
33264,8
33265,8
33266,8
33267,8
33268,8
33269,8
33270,8
33271,8
33272,8
33273,8
33274,8
33275,7
33276,7
33277,7
33278,7
33279,7
33280,7
33281,8
33282,8
33283,8
33284,8
33285,8
33286,8
33287,8
33288,3
33289,3
33290,3
33291,3
33292,3
33293,3
33294,3
33295,3
33296,3
33297,3
33298,3
33299,3
33300,3
33301,3
33302,3
33303,3
33304,3
33305,3
33306,3
33307,3
33308,3
33309,3
33310,3
33311,3
33312,3
33313,3
33314,3
33315,3
33316,3
33317,3
33318,3
33319,3
33320,3
33321,3
33322,3
33323,3
33324,3
33325,3
33326,3
33327,3
33328,3
33329,3
33330,3
33331,3
33332,3
33333,3
33334,3
33335,3
33336,3
33337,3
33338,3
33339,3
33340,3
33341,3
33342,3
33343,3
33344,3
33345,3
33346,3
33347,3
33348,3
33349,3
33350,3
33351,3
33352,3
33353,3
33354,3
33355,3
33356,3
33357,3
33358,3
33359,3
33360,3
33361,3
33362,3
33363,3
33364,3
33365,3
33366,3
33367,3
33368,3
33369,3
33370,3
33371,3
33372,3
33373,3
33374,3
33375,3
33376,3
33377,3
33378,3
33379,3
33380,3
33381,3
33382,3
33383,3
33384,3
33385,3
33386,3
33387,3
33388,3
33389,3
33390,3
33391,3
33392,3
33393,3
33394,3
33395,3
33396,8
33397,4
33398,6
33399,6
33400,6
33401,6
33402,6
33403,6
33404,6
33405,6
33406,6
33407,6
33408,6
33409,6
33410,6
33411,6
33412,6
33413,6
33414,6
33415,6
33416,6
33417,6
33418,6
33419,3
33420,3
33421,3
33422,3
33423,3
33424,3
33425,3
33426,3
33427,3
33428,3
33429,3
33430,3
33431,3
33432,3
33433,3
33434,3
33435,3
33436,3
33437,3
33438,3
33439,3
33440,3
33441,3
33442,3
33443,3
33444,3
33445,3
33446,3
33447,3
33448,3
33449,3
33450,3
33451,3
33452,3
33453,3
33454,3
33455,3
33456,3
33457,3
33458,3
33459,3
33460,3
33461,3
33462,3
33463,3
33464,3
33465,3
33466,3
33467,3
33468,3
33469,3
33470,3
33471,3
33472,3
33473,3
33474,3
33475,3
33476,3
33477,3
33478,3
33479,3
33480,3
33481,3
33482,3
33483,3
33484,3
33485,3
33486,3
33487,3
33488,3
33489,3
33490,3
33491,3
33492,3
33493,3
33494,3
33495,3
33496,3
33497,3
33498,3
33499,3
33500,3
33501,3
33502,3
33503,3
33504,3
33505,3
33506,3
33507,8
33508,6
33509,6
33510,6
33511,6
33512,6
33513,3
33514,4
33515,1
33516,1
33517,1
33518,4
33519,4
33520,4
33521,4
33522,4
33523,4
33524,1
33525,1
33526,4
33527,1
33528,1
33529,4
33530,1
33531,4
33532,4
33533,4
33534,1
33535,1
33536,4
33537,4
33538,1
33539,1
33540,1
33541,4
33542,1
33543,1
33544,4
33545,1
33546,1
33547,4
33548,1
33549,4
33550,4
33551,4
33552,4
33553,1
33554,4
33555,4
33556,4
33557,4
33558,4
33559,1
33560,1
33561,4
33562,4
33563,1
33564,4
33565,4
33566,4
33567,4
33568,4
33569,1
33570,1
33571,1
33572,4
33573,4
33574,1
33575,4
33576,4
33577,4
33578,1
33579,4
33580,4
33581,4
33582,1
33583,4
33584,4
33585,1
33586,1
33587,4
33588,1
33589,1
33590,4
33591,4
33592,1
33593,4
33594,4
33595,1
33596,4
33597,4
33598,1
33599,4
33600,4
33601,4
33602,1
33603,4
33604,4
33605,1
33606,1
33607,1
33608,4
33609,1
33610,1
33611,1
33612,1
33613,4
33614,4
33615,4
33616,1
33617,1
33618,1
33619,4
33620,4
33621,1
33622,4
33623,1
33624,1
33625,1
33626,1
33627,4
33628,4
33629,1
33630,4
33631,4
33632,4
33633,4
33634,4
33635,4
33636,1
33637,4
33638,4
33639,1
33640,1
33641,4
33642,4
33643,1
33644,1
33645,1
33646,4
33647,1
33648,1
33649,1
33650,4
33651,4
33652,4
33653,4
33654,4
33655,4
33656,1
33657,1
33658,4
33659,4
33660,4
33661,4
33662,1
33663,4
33664,1
33665,1
33666,1
33667,1
33668,4
33669,4
33670,1
33671,1
33672,1
33673,4
33674,4
33675,1
33676,1
33677,4
33678,6
33679,6
33680,6
33681,6
33682,6
33683,6
33684,6
33685,6
33686,6
33687,6
33688,6
33689,6
33690,6
33691,6
33692,6
33693,6
33694,6
33695,6
33696,6
33697,6
33698,6
33699,6
33700,6
33701,6
33702,6
33703,6
33704,6
33705,6
33706,6
33707,6
33708,6
33709,6
33710,6
33711,6
33712,6
33713,6
33714,6
33715,6
33716,4
33717,4
33718,4
33719,4
33720,4
33721,4
33722,1
33723,1
33724,1
33725,1
33726,1
33727,1
33728,1
33729,1
33730,1
33731,1
33732,1
33733,1
33734,4
33735,1
33736,4
33737,4
33738,4
33739,1
33740,4
33741,1
33742,4
33743,1
33744,1
33745,4
33746,1
33747,1
33748,1
33749,1
33750,1
33751,1
33752,1
33753,4
33754,1
33755,1
33756,4
33757,4
33758,1
33759,1
33760,1
33761,1
33762,1
33763,1
33764,1
33765,1
33766,1
33767,1
33768,4
33769,4
33770,1
33771,1
33772,4
33773,1
33774,1
33775,4
33776,1
33777,1
33778,4
33779,1
33780,1
33781,1
33782,1
33783,4
33784,1
33785,1
33786,4
33787,1
33788,1
33789,1
33790,1
33791,1
33792,4
33793,4
33794,4
33795,4
33796,1
33797,1
33798,1
33799,1
33800,4
33801,1
33802,4
33803,4
33804,1
33805,4
33806,1
33807,4
33808,1
33809,1
33810,1
33811,1
33812,1
33813,1
33814,1
33815,4
33816,4
33817,4
33818,1
33819,4
33820,1
33821,1
33822,1
33823,1
33824,1
33825,4
33826,1
33827,1
33828,1
33829,1
33830,1
33831,1
33832,4
33833,1
33834,1
33835,1
33836,1
33837,1
33838,1
33839,1
33840,1
33841,1
33842,1
33843,1
33844,1
33845,4
33846,1
33847,1
33848,4
33849,1
33850,4
33851,1
33852,4
33853,1
33854,1
33855,4
33856,1
33857,4
33858,1
33859,1
33860,1
33861,4
33862,4
33863,1
33864,1
33865,4
33866,4
33867,7
33868,4
33869,3
33870,4
33871,4
33872,6
33873,6
33874,6
33875,6
33876,6
33877,4
33878,4
33879,4
33880,4
33881,4
33882,4
33883,4
33884,4
33885,4
33886,4
33887,4
33888,4
33889,4
33890,4
33891,6
33892,6
33893,3
33894,3
33895,6
33896,3
33897,6
33898,3
33899,6
33900,3
33901,3
33902,6
33903,6
33904,3
33905,6
33906,3
33907,3
33908,6
33909,6
33910,3
33911,6
33912,3
33913,6
33914,6
33915,3
33916,6
33917,6
33918,3
33919,6
33920,6
33921,6
33922,6
33923,6
33924,3
33925,6
33926,6
33927,6
33928,6
33929,6
33930,3
33931,3
33932,6
33933,6
33934,6
33935,6
33936,6
33937,6
33938,3
33939,6
33940,6
33941,6
33942,6
33943,6
33944,6
33945,6
33946,6
33947,3
33948,6
33949,6
33950,6
33951,6
33952,3
33953,6
33954,6
33955,3
33956,6
33957,3
33958,3
33959,3
33960,3
33961,3
33962,6
33963,6
33964,3
33965,6
33966,6
33967,3
33968,6
33969,6
33970,3
33971,6
33972,3
33973,3
33974,3
33975,3
33976,6
33977,3
33978,6
33979,6
33980,3
33981,6
33982,6
33983,3
33984,6
33985,3
33986,6
33987,6
33988,3
33989,6
33990,3
33991,6
33992,6
33993,3
33994,3
33995,3
33996,3
33997,6
33998,3
33999,3
34000,3
34001,6
34002,6
34003,6
34004,3
34005,6
34006,6
34007,3
34008,6
34009,3
34010,6
34011,6
34012,3
34013,6
34014,6
34015,3
34016,6
34017,6
34018,3
34019,3
34020,6
34021,3
34022,6
34023,6
34024,6
34025,6
34026,6
34027,6
34028,6
34029,6
34030,6
34031,6
34032,3
34033,3
34034,3
34035,6
34036,6
34037,6
34038,6
34039,6
34040,3
34041,6
34042,6
34043,3
34044,6
34045,3
34046,6
34047,3
34048,3
34049,6
34050,6
34051,6
34052,6
34053,6
34054,3
34055,6
34056,6
34057,6
34058,3
34059,3
34060,3
34061,3
34062,6
34063,3
34064,6
34065,6
34066,3
34067,3
34068,6
34069,3
34070,6
34071,3
34072,6
34073,3
34074,6
34075,3
34076,6
34077,3
34078,3
34079,6
34080,3
34081,3
34082,6
34083,3
34084,6
34085,3
34086,3
34087,3
34088,3
34089,3
34090,3
34091,3
34092,3
34093,6
34094,6
34095,6
34096,6
34097,6
34098,6
34099,6
34100,6
34101,6
34102,6
34103,6
34104,6
34105,6
34106,6
34107,6
34108,6
34109,6
34110,6
34111,6
34112,6
34113,6
34114,6
34115,6
34116,6
34117,6
34118,6
34119,6
34120,6
34121,6
34122,6
34123,6
34124,6
34125,6
34126,6
34127,6
34128,6
34129,6
34130,6
34131,6
34132,6
34133,6
34134,6
34135,6
34136,6
34137,6
34138,6
34139,6
34140,6
34141,6
34142,6
34143,6
34144,6
34145,6
34146,6
34147,6
34148,6
34149,6
34150,6
34151,6
34152,6
34153,6
34154,6
34155,6
34156,6
34157,6
34158,6
34159,6
34160,6
34161,6
34162,6
34163,6
34164,6
34165,6
34166,6
34167,6
34168,6
34169,6
34170,6
34171,6
34172,6
34173,6
34174,6
34175,6
34176,6
34177,6
34178,6
34179,6
34180,6
34181,6
34182,6
34183,6
34184,6
34185,6
34186,6
34187,6
34188,6
34189,6
34190,6
34191,6
34192,6
34193,6
34194,6
34195,6
34196,6
34197,6
34198,6
34199,6
34200,6
34201,6
34202,6
34203,6
34204,6
34205,6
34206,6
34207,6
34208,6
34209,6
34210,6
34211,6
34212,6
34213,6
34214,3
34215,6
34216,6
34217,3
34218,6
34219,6
34220,6
34221,3
34222,6
34223,3
34224,6
34225,6
34226,6
34227,3
34228,3
34229,3
34230,6
34231,6
34232,3
34233,6
34234,6
34235,6
34236,6
34237,3
34238,3
34239,6
34240,6
34241,6
34242,3
34243,3
34244,6
34245,6
34246,3
34247,6
34248,6
34249,6
34250,3
34251,6
34252,6
34253,6
34254,6
34255,6
34256,6
34257,6
34258,6
34259,6
34260,3
34261,6
34262,6
34263,6
34264,6
34265,6
34266,6
34267,6
34268,6
34269,6
34270,6
34271,6
34272,6
34273,6
34274,6
34275,6
34276,6
34277,6
34278,6
34279,6
34280,6
34281,6
34282,6
34283,6
34284,6
34285,6
34286,6
34287,6
34288,6
34289,6
34290,6
34291,6
34292,6
34293,6
34294,6
34295,6
34296,6
34297,6
34298,6
34299,6
34300,6
34301,6
34302,6
34303,6
34304,6
34305,6
34306,6
34307,6
34308,6
34309,6
34310,6
34311,6
34312,6
34313,6
34314,6
34315,6
34316,6
34317,6
34318,3
34319,3
34320,3
34321,3
34322,3
34323,3
34324,3
34325,3
34326,3
34327,3
34328,3
34329,3
34330,3
34331,3
34332,8
34333,3
34334,3
34335,8
34336,3
34337,3
34338,8
34339,8
34340,8
34341,3
34342,3
34343,3
34344,3
34345,3
34346,3
34347,3
34348,3
34349,3
34350,3
34351,3
34352,3
34353,3
34354,3
34355,8
34356,8
34357,8
34358,3
34359,8
34360,3
34361,3
34362,3
34363,3
34364,3
34365,3
34366,3
34367,3
34368,3
34369,3
34370,8
34371,3
34372,8
34373,3
34374,3
34375,8
34376,3
34377,3
34378,3
34379,3
34380,8
34381,8
34382,3
34383,8
34384,3
34385,3
34386,3
34387,3
34388,3
34389,3
34390,3
34391,8
34392,3
34393,3
34394,3
34395,3
34396,8
34397,3
34398,3
34399,3
34400,3
34401,3
34402,3
34403,8
34404,3
34405,3
34406,8
34407,3
34408,8
34409,8
34410,3
34411,8
34412,3
34413,3
34414,8
34415,3
34416,3
34417,3
34418,8
34419,3
34420,3
34421,8
34422,8
34423,8
34424,3
34425,8
34426,3
34427,3
34428,3
34429,3
34430,3
34431,3
34432,3
34433,3
34434,3
34435,3
34436,3
34437,3
34438,3
34439,3
34440,3
34441,3
34442,3
34443,3
34444,3
34445,3
34446,3
34447,3
34448,3
34449,3
34450,3
34451,3
34452,3
34453,3
34454,4
34455,4
34456,4
34457,5
34458,1
34459,4
34460,4
34461,1
34462,4
34463,4
34464,4
34465,4
34466,4
34467,4
34468,7
34469,7
34470,7
34471,7
34472,7
34473,7
34474,1
34475,7
34476,7
34477,7
34478,7
34479,7
34480,7
34481,7
34482,7
34483,7
34484,7
34485,7
34486,7
34487,7
34488,1
34489,7
34490,7
34491,7
34492,7
34493,1
34494,4
34495,4
34496,4
34497,4
34498,4
34499,4
34500,4
34501,4
34502,6
34503,6
34504,6
34505,3
34506,3
34507,3
34508,3
34509,3
34510,3
34511,3
34512,3
34513,3
34514,3
34515,3
34516,3
34517,3
34518,3
34519,3
34520,3
34521,3
34522,3
34523,3
34524,3
34525,3
34526,3
34527,3
34528,3
34529,3
34530,3
34531,3
34532,3
34533,3
34534,3
34535,3
34536,3
34537,3
34538,3
34539,3
34540,3
34541,3
34542,3
34543,3
34544,3
34545,3
34546,3
34547,3
34548,3
34549,3
34550,3
34551,3
34552,3
34553,3
34554,3
34555,3
34556,3
34557,3
34558,3
34559,3
34560,3
34561,3
34562,3
34563,3
34564,3
34565,3
34566,3
34567,3
34568,3
34569,3
34570,3
34571,3
34572,3
34573,3
34574,3
34575,3
34576,3
34577,3
34578,3
34579,3
34580,3
34581,3
34582,3
34583,3
34584,3
34585,3
34586,3
34587,3
34588,3
34589,3
34590,3
34591,3
34592,3
34593,3
34594,3
34595,3
34596,3
34597,3
34598,3
34599,3
34600,3
34601,3
34602,3
34603,3
34604,3
34605,3
34606,3
34607,3
34608,3
34609,3
34610,3
34611,3
34612,3
34613,3
34614,3
34615,3
34616,3
34617,3
34618,3
34619,3
34620,3
34621,3
34622,3
34623,3
34624,3
34625,3
34626,3
34627,3
34628,3
34629,3
34630,3
34631,3
34632,3
34633,3
34634,3
34635,3
34636,3
34637,3
34638,3
34639,3
34640,3
34641,3
34642,3
34643,3
34644,3
34645,3
34646,3
34647,3
34648,3
34649,3
34650,3
34651,3
34652,3
34653,3
34654,3
34655,3
34656,3
34657,3
34658,3
34659,3
34660,3
34661,3
34662,3
34663,3
34664,3
34665,8
34666,8
34667,8
34668,8
34669,8
34670,8
34671,8
34672,8
34673,8
34674,8
34675,8
34676,8
34677,8
34678,8
34679,4
34680,8
34681,8
34682,8
34683,8
34684,8
34685,8
34686,8
34687,3
34688,3
34689,3
34690,8
34691,8
34692,8
34693,8
34694,8
34695,8
34696,8
34697,8
34698,8
34699,3
34700,3
34701,3
34702,8
34703,3
34704,8
34705,8
34706,8
34707,8
34708,8
34709,8
34710,3
34711,3
34712,8
34713,8
34714,8
34715,8
34716,8
34717,8
34718,3
34719,3
34720,3
34721,3
34722,3
34723,3
34724,3
34725,3
34726,4
34727,3
34728,3
34729,3
34730,3
34731,3
34732,3
34733,5
34734,5
34735,4
34736,4
34737,4
34738,4
34739,4
34740,3
34741,3
34742,3
34743,3
34744,3
34745,3
34746,3
34747,3
34748,3
34749,3
34750,3
34751,3
34752,3
34753,3
34754,3
34755,3
34756,3
34757,3
34758,3
34759,3
34760,3
34761,3
34762,3
34763,3
34764,3
34765,3
34766,3
34767,3
34768,3
34769,3
34770,3
34771,6
34772,6
34773,6
34774,6
34775,6
34776,6
34777,6
34778,6
34779,6
34780,6
34781,6
34782,6
34783,4
34784,4
34785,4
34786,1
34787,4
34788,4
34789,4
34790,1
34791,4
34792,1
34793,1
34794,1
34795,1
34796,1
34797,1
34798,1
34799,1
34800,1
34801,1
34802,1
34803,1
34804,1
34805,1
34806,1
34807,1
34808,1
34809,1
34810,8
34811,8
34812,1
34813,5
34814,5
34815,1
34816,5
34817,1
34818,1
34819,5
34820,5
34821,1
34822,5
34823,1
34824,1
34825,5
34826,5
34827,5
34828,1
34829,5
34830,5
34831,5
34832,1
34833,5
34834,5
34835,1
34836,1
34837,1
34838,4
34839,6
34840,5
34841,5
34842,6
34843,3
34844,8
34845,3
34846,8
34847,8
34848,3
34849,3
34850,3
34851,3
34852,3
34853,3
34854,3
34855,3
34856,3
34857,3
34858,5
34859,3
34860,3
34861,3
34862,3
34863,3
34864,6
34865,6
34866,6
34867,6
34868,6
34869,6
34870,6
34871,7
34872,7
34873,7
34874,7
34875,4
34876,4
34877,4
34878,4
34879,3
34880,3
34881,3
34882,3
34883,7
34884,7
34885,7
34886,1
34887,7
34888,7
34889,1
34890,7
34891,3
34892,3
34893,1
34894,8
34895,3
34896,3
34897,8
34898,3
34899,3
34900,3
34901,3
34902,3
34903,6
34904,6
34905,1
34906,3
34907,3
34908,3
34909,8
34910,8
34911,8
34912,8
34913,8
34914,8
34915,8
34916,8
34917,8
34918,8
34919,8
34920,8
34921,8
34922,8
34923,8
34924,8
34925,8
34926,8
34927,8
34928,8
34929,8
34930,8
34931,8
34932,8
34933,8
34934,8
34935,8
34936,8
34937,8
34938,8
34939,8
34940,8
34941,8
34942,8
34943,8
34944,8
34945,8
34946,8
34947,8
34948,8
34949,8
34950,8
34951,8
34952,8
34953,8
34954,8
34955,8
34956,7
34957,7
34958,7
34959,7
34960,7
34961,7
34962,7
34963,7
34964,7
34965,7
34966,7
34967,7
34968,7
34969,7
34970,7
34971,7
34972,7
34973,7
34974,7
34975,7
34976,7
34977,7
34978,7
34979,7
34980,7
34981,7
34982,7
34983,7
34984,7
34985,7
34986,7
34987,7
34988,7
34989,7
34990,7
34991,7
34992,7
34993,7
34994,7
34995,7
34996,7
34997,7
34998,7
34999,7
35000,7
35001,7
35002,7
35003,7
35004,7
35005,7
35006,7
35007,5
35008,5
35009,5
35010,5
35011,5
35012,5
35013,5
35014,5
35015,5
35016,5
35017,5
35018,5
35019,5
35020,5
35021,5
35022,5
35023,5
35024,5
35025,5
35026,5
35027,5
35028,8
35029,8
35030,8
35031,8
35032,8
35033,8
35034,8
35035,8
35036,8
35037,8
35038,8
35039,8
35040,8
35041,8
35042,8
35043,8
35044,8
35045,8
35046,8
35047,8
35048,8
35049,8
35050,8
35051,8
35052,8
35053,8
35054,8
35055,8
35056,8
35057,8
35058,8
35059,8
35060,8
35061,8
35062,8
35063,8
35064,8
35065,8
35066,8
35067,8
35068,8
35069,8
35070,8
35071,8
35072,8
35073,8
35074,8
35075,8
35076,8
35077,8
35078,8
35079,8
35080,8
35081,8
35082,8
35083,8
35084,8
35085,8
35086,8
35087,8
35088,8
35089,8
35090,8
35091,8
35092,8
35093,8
35094,8
35095,8
35096,2
35097,8
35098,8
35099,2
35100,2
35101,2
35102,8
35103,2
35104,2
35105,8
35106,8
35107,8
35108,2
35109,2
35110,2
35111,8
35112,8
35113,5
35114,4
35115,1
35116,1
35117,1
35118,4
35119,5
35120,1
35121,1
35122,4
35123,5
35124,4
35125,4
35126,4
35127,4
35128,1
35129,1
35130,1
35131,1
35132,4
35133,5
35134,5
35135,4
35136,1
35137,1
35138,4
35139,1
35140,1
35141,1
35142,1
35143,1
35144,1
35145,7
35146,7
35147,7
35148,7
35149,7
35150,7
35151,7
35152,7
35153,7
35154,7
35155,7
35156,7
35157,4
35158,4
35159,4
35160,4
35161,4
35162,4
35163,8
35164,8
35165,8
35166,8
35167,8
35168,8
35169,8
35170,6
35171,6
35172,6
35173,6
35174,6
35175,6
35176,6
35177,6
35178,6
35179,6
35180,6
35181,6
35182,6
35183,6
35184,6
35185,6
35186,6
35187,6
35188,6
35189,6
35190,6
35191,6
35192,6
35193,6
35194,6
35195,6
35196,6
35197,6
35198,6
35199,6
35200,6
35201,6
35202,6
35203,6
35204,6
35205,6
35206,6
35207,6
35208,6
35209,6
35210,6
35211,6
35212,6
35213,6
35214,6
35215,7
35216,7
35217,7
35218,7
35219,7
35220,7
35221,7
35222,7
35223,7
35224,7
35225,7
35226,7
35227,7
35228,7
35229,7
35230,7
35231,7
35232,7
35233,7
35234,7
35235,7
35236,7
35237,7
35238,7
35239,7
35240,7
35241,7
35242,7
35243,7
35244,7
35245,7
35246,7
35247,7
35248,7
35249,7
35250,7
35251,7
35252,7
35253,7
35254,7
35255,7
35256,7
35257,7
35258,7
35259,7
35260,7
35261,7
35262,7
35263,7
35264,7
35265,7
35266,7
35267,7
35268,7
35269,7
35270,7
35271,7
35272,7
35273,7
35274,7
35275,7
35276,7
35277,7
35278,7
35279,7
35280,7
35281,7
35282,7
35283,7
35284,7
35285,7
35286,7
35287,7
35288,7
35289,7
35290,7
35291,7
35292,7
35293,7
35294,7
35295,7
35296,7
35297,7
35298,7
35299,7
35300,7
35301,7
35302,7
35303,7
35304,7
35305,7
35306,7
35307,7
35308,7
35309,7
35310,7
35311,7
35312,7
35313,7
35314,7
35315,7
35316,7
35317,7
35318,7
35319,7
35320,7
35321,7
35322,7
35323,7
35324,7
35325,7
35326,7
35327,7
35328,7
35329,7
35330,7
35331,7
35332,7
35333,7
35334,7
35335,7
35336,7
35337,7
35338,7
35339,7
35340,7
35341,7
35342,7
35343,7
35344,7
35345,7
35346,7
35347,7
35348,7
35349,7
35350,7
35351,7
35352,7
35353,7
35354,7
35355,7
35356,7
35357,7
35358,7
35359,7
35360,7
35361,7
35362,7
35363,7
35364,7
35365,7
35366,7
35367,7
35368,7
35369,7
35370,7
35371,7
35372,7
35373,7
35374,7
35375,7
35376,7
35377,7
35378,7
35379,7
35380,7
35381,7
35382,7
35383,7
35384,7
35385,7
35386,7
35387,7
35388,7
35389,7
35390,7
35391,7
35392,7
35393,7
35394,7
35395,7
35396,7
35397,7
35398,7
35399,7
35400,7
35401,7
35402,7
35403,7
35404,7
35405,7
35406,7
35407,7
35408,7
35409,7
35410,7
35411,7
35412,7
35413,7
35414,7
35415,7
35416,7
35417,7
35418,7
35419,7
35420,7
35421,7
35422,7
35423,7
35424,7
35425,7
35426,7
35427,7
35428,7
35429,7
35430,7
35431,7
35432,7
35433,7
35434,7
35435,7
35436,7
35437,7
35438,7
35439,7
35440,7
35441,7
35442,7
35443,7
35444,7
35445,7
35446,7
35447,7
35448,7
35449,8
35450,8
35451,8
35452,8
35453,8
35454,8
35455,8
35456,8
35457,8
35458,8
35459,8
35460,8
35461,8
35462,8
35463,8
35464,8
35465,8
35466,8
35467,8
35468,8
35469,8
35470,8
35471,8
35472,8
35473,8
35474,8
35475,8
35476,8
35477,8
35478,8
35479,8
35480,8
35481,8
35482,8
35483,8
35484,8
35485,8
35486,8
35487,8
35488,8
35489,8
35490,8
35491,8
35492,8
35493,8
35494,8
35495,8
35496,8
35497,8
35498,8
35499,8
35500,8
35501,8
35502,8
35503,7
35504,8
35505,4
35506,4
35507,4
35508,4
35509,4
35510,4
35511,4
35512,4
35513,4
35514,4
35515,4
35516,4
35517,4
35518,4
35519,4
35520,4
35521,4
35522,4
35523,4
35524,4
35525,4
35526,8
35527,8
35528,8
35529,8
35530,1
35531,1
35532,1
35533,1
35534,1
35535,1
35536,1
35537,1
35538,1
35539,1
35540,8
35541,8
35542,8
35543,8
35544,8
35545,8
35546,7
35547,7
35548,7
35549,7
35550,7
35551,7
35552,2
35553,2
35554,4
35555,4
35556,4
35557,4
35558,4
35559,4
35560,4
35561,4
35562,4
35563,4
35564,4
35565,4
35566,4
35567,4
35568,4
35569,4
35570,4
35571,4
35572,4
35573,4
35574,4
35575,4
35576,4
35577,4
35578,4
35579,4
35580,4
35581,4
35582,4
35583,4
35584,4
35585,4
35586,4
35587,4
35588,4
35589,4
35590,4
35591,4
35592,8
35593,8
35594,8
35595,8
35596,5
35597,5
35598,8
35599,5
35600,5
35601,5
35602,5
35603,8
35604,8
35605,8
35606,8
35607,5
35608,5
35609,5
35610,5
35611,5
35612,5
35613,8
35614,5
35615,5
35616,5
35617,5
35618,5
35619,8
35620,8
35621,8
35622,5
35623,5
35624,5
35625,4
35626,4
35627,8
35628,8
35629,8
35630,8
35631,8
35632,8
35633,8
35634,8
35635,8
35636,8
35637,8
35638,8
35639,8
35640,8
35641,8
35642,8
35643,8
35644,8
35645,8
35646,8
35647,8
35648,8
35649,8
35650,8
35651,8
35652,8
35653,8
35654,8
35655,8
35656,8
35657,8
35658,8
35659,8
35660,8
35661,8
35662,8
35663,8
35664,8
35665,8
35666,8
35667,8
35668,8
35669,8
35670,8
35671,8
35672,8
35673,8
35674,8
35675,8
35676,8
35677,8
35678,8
35679,8
35680,8
35681,8
35682,8
35683,8
35684,8
35685,8
35686,8
35687,8
35688,8
35689,8
35690,8
35691,5
35692,5
35693,5
35694,8
35695,8
35696,5
35697,5
35698,5
35699,5
35700,5
35701,5
35702,5
35703,5
35704,8
35705,8
35706,5
35707,8
35708,8
35709,8
35710,5
35711,5
35712,8
35713,5
35714,5
35715,8
35716,8
35717,8
35718,5
35719,5
35720,7
35721,7
35722,6
35723,6
35724,6
35725,6
35726,6
35727,5
35728,7
35729,7
35730,7
35731,5
35732,6
35733,6
35734,7
35735,7
35736,7
35737,7
35738,7
35739,6
35740,6
35741,6
35742,6
35743,6
35744,6
35745,7
35746,7
35747,7
35748,7
35749,7
35750,6
35751,6
35752,6
35753,6
35754,6
35755,6
35756,6
35757,6
35758,6
35759,6
35760,6
35761,6
35762,6
35763,6
35764,6
35765,6
35766,5
35767,7
35768,6
35769,5
35770,6
35771,5
35772,6
35773,5
35774,4
35775,4
35776,4
35777,4
35778,4
35779,4
35780,4
35781,4
35782,4
35783,4
35784,4
35785,4
35786,4
35787,4
35788,4
35789,4
35790,4
35791,4
35792,4
35793,4
35794,4
35795,4
35796,4
35797,4
35798,4
35799,8
35800,8
35801,8
35802,8
35803,8
35804,8
35805,8
35806,8
35807,8
35808,8
35809,8
35810,8
35811,8
35812,8
35813,8
35814,8
35815,8
35816,8
35817,8
35818,8
35819,8
35820,8
35821,8
35822,8
35823,8
35824,8
35825,8
35826,8
35827,8
35828,8
35829,8
35830,8
35831,8
35832,8
35833,8
35834,8
35835,8
35836,8
35837,8
35838,8
35839,8
35840,8
35841,8
35842,8
35843,8
35844,8
35845,8
35846,8
35847,8
35848,8
35849,8
35850,8
35851,8
35852,8
35853,8
35854,8
35855,8
35856,8
35857,8
35858,8
35859,8
35860,8
35861,8
35862,8
35863,8
35864,8
35865,8
35866,8
35867,8
35868,8
35869,8
35870,8
35871,8
35872,8
35873,8
35874,8
35875,8
35876,8
35877,8
35878,8
35879,8
35880,8
35881,8
35882,8
35883,8
35884,8
35885,8
35886,8
35887,8
35888,8
35889,8
35890,8
35891,8
35892,8
35893,8
35894,8
35895,8
35896,8
35897,8
35898,8
35899,8
35900,8
35901,8
35902,8
35903,8
35904,8
35905,8
35906,8
35907,8
35908,8
35909,6
35910,6
35911,6
35912,5
35913,5
35914,5
35915,5
35916,5
35917,5
35918,5
35919,5
35920,5
35921,5
35922,5
35923,5
35924,5
35925,5
35926,5
35927,5
35928,5
35929,5
35930,5
35931,5
35932,5
35933,5
35934,5
35935,5
35936,5
35937,5
35938,5
35939,5
35940,5
35941,5
35942,5
35943,5
35944,5
35945,5
35946,5
35947,5
35948,5
35949,5
35950,5
35951,5
35952,5
35953,5
35954,5
35955,5
35956,5
35957,5
35958,5
35959,5
35960,5
35961,5
35962,5
35963,5
35964,5
35965,5
35966,5
35967,5
35968,5
35969,5
35970,5
35971,5
35972,5
35973,5
35974,5
35975,5
35976,5
35977,5
35978,5
35979,5
35980,5
35981,5
35982,5
35983,5
35984,5
35985,5
35986,5
35987,6
35988,6
35989,6
35990,6
35991,6
35992,6
35993,6
35994,5
35995,5
35996,5
35997,5
35998,5
35999,5
36000,5
36001,5
36002,5
36003,5
36004,5
36005,5
36006,5
36007,5
36008,6
36009,6
36010,6
36011,6
36012,6
36013,6
36014,6
36015,6
36016,6
36017,6
36018,6
36019,6
36020,6
36021,6
36022,6
36023,6
36024,6
36025,6
36026,6
36027,6
36028,6
36029,6
36030,6
36031,6
36032,6
36033,8
36034,8
36035,8
36036,8
36037,8
36038,8
36039,8
36040,8
36041,8
36042,8
36043,8
36044,8
36045,8
36046,8
36047,8
36048,8
36049,8
36050,6
36051,6
36052,6
36053,6
36054,6
36055,6
36056,6
36057,6
36058,6
36059,6
36060,1
36061,4
36062,4
36063,4
36064,1
36065,4
36066,4
36067,4
36068,4
36069,7
36070,7
36071,7
36072,7
36073,7
36074,7
36075,7
36076,7
36077,7
36078,7
36079,7
36080,7
36081,7
36082,7
36083,7
36084,7
36085,7
36086,7
36087,7
36088,7
36089,7
36090,7
36091,7
36092,7
36093,7
36094,7
36095,7
36096,7
36097,7
36098,7
36099,7
36100,7
36101,7
36102,7
36103,7
36104,7
36105,7
36106,7
36107,6
36108,6
36109,6
36110,6
36111,6
36112,6
36113,6
36114,6
36115,6
36116,6
36117,6
36118,6
36119,6
36120,4
36121,4
36122,4
36123,4
36124,4
36125,4
36126,4
36127,4
36128,4
36129,4
36130,4
36131,4
36132,4
36133,4
36134,4
36135,4
36136,4
36137,4
36138,4
36139,4
36140,5
36141,5
36142,6
36143,6
36144,5
36145,5
36146,7
36147,7
36148,7
36149,7
36150,7
36151,7
36152,7
36153,7
36154,7
36155,7
36156,7
36157,7
36158,7
36159,7
36160,7
36161,7
36162,7
36163,7
36164,8
36165,8
36166,8
36167,8
36168,8
36169,8
36170,8
36171,8
36172,8
36173,8
36174,8
36175,8
36176,8
36177,8
36178,8
36179,7
36180,7
36181,7
36182,1
36183,1
36184,1
36185,1
36186,2
36187,1
36188,1
36189,1
36190,1
36191,1
36192,8
36193,8
36194,8
36195,8
36196,8
36197,8
36198,8
36199,8
36200,8
36201,8
36202,8
36203,8
36204,8
36205,8
36206,8
36207,8
36208,8
36209,2
36210,2
36211,4
36212,4
36213,4
36214,2
36215,2
36216,2
36217,2
36218,2
36219,2
36220,2
36221,2
36222,8
36223,8
36224,8
36225,6
36226,8
36227,4
36228,8
36229,8
36230,2
36231,2
36232,2
36233,8
36234,8
36235,1
36236,1
36237,8
36238,8
36239,8
36240,8
36241,7
36242,7
36243,7
36244,4
36245,4
36246,4
36247,4
36248,5
36249,4
36250,4
36251,4
36252,8
36253,8
36254,8
36255,8
36256,7
36257,7
36258,7
36259,7
36260,7
36261,7
36262,7
36263,7
36264,8
36265,8
36266,8
36267,8
36268,8
36269,8
36270,8
36271,8
36272,8
36273,8
36274,8
36275,8
36276,8
36277,8
36278,8
36279,8
36280,8
36281,8
36282,8
36283,8
36284,8
36285,8
36286,8
36287,8
36288,7
36289,7
36290,7
36291,1
36292,1
36293,1
36294,1
36295,1
36296,1
36297,1
36298,1
36299,1
36300,1
36301,1
36302,1
36303,1
36304,1
36305,1
36306,1
36307,4
36308,1
36309,4
36310,1
36311,4
36312,4
36313,1
36314,4
36315,1
36316,4
36317,4
36318,4
36319,4
36320,4
36321,1
36322,4
36323,4
36324,4
36325,4
36326,1
36327,4
36328,1
36329,7
36330,7
36331,7
36332,7
36333,7
36334,5
36335,5
36336,5
36337,5
36338,5
36339,5
36340,5
36341,5
36342,5
36343,2
36344,2
36345,8
36346,8
36347,5
36348,5
36349,5
36350,5
36351,5
36352,5
36353,5
36354,5
36355,5
36356,5
36357,5
36358,5
36359,5
36360,5
36361,5
36362,5
36363,5
36364,5
36365,5
36366,5
36367,5
36368,5
36369,5
36370,5
36371,5
36372,5
36373,5
36374,5
36375,5
36376,5
36377,5
36378,8
36379,8
36380,4
36381,4
36382,2
36383,2
36384,2
36385,2
36386,2
36387,2
36388,2
36389,2
36390,2
36391,2
36392,2
36393,2
36394,2
36395,2
36396,2
36397,2
36398,2
36399,2
36400,2
36401,2
36402,2
36403,2
36404,2
36405,2
36406,2
36407,2
36408,2
36409,2
36410,2
36411,2
36412,2
36413,2
36414,2
36415,2
36416,2
36417,2
36418,2
36419,2
36420,2
36421,2
36422,2
36423,2
36424,2
36425,2
36426,2
36427,2
36428,2
36429,2
36430,2
36431,2
36432,5
36433,5
36434,5
36435,5
36436,1
36437,5
36438,5
36439,5
36440,1
36441,1
36442,5
36443,1
36444,5
36445,5
36446,5
36447,5
36448,5
36449,5
36450,5
36451,1
36452,1
36453,1
36454,1
36455,5
36456,5
36457,1
36458,1
36459,5
36460,5
36461,5
36462,1
36463,5
36464,5
36465,6
36466,6
36467,6
36468,6
36469,6
36470,6
36471,6
36472,6
36473,6
36474,6
36475,6
36476,6
36477,6
36478,6
36479,6
36480,6
36481,6
36482,6
36483,6
36484,6
36485,6
36486,6
36487,6
36488,6
36489,6
36490,6
36491,6
36492,6
36493,6
36494,6
36495,6
36496,6
36497,6
36498,5
36499,5
36500,5
36501,4
36502,4
36503,4
36504,4
36505,4
36506,4
36507,4
36508,4
36509,4
36510,4
36511,4
36512,4
36513,4
36514,4
36515,4
36516,4
36517,4
36518,4
36519,4
36520,4
36521,8
36522,8
36523,8
36524,8
36525,8
36526,8
36527,8
36528,8
36529,8
36530,8
36531,8
36532,8
36533,8
36534,8
36535,8
36536,8
36537,8
36538,8
36539,8
36540,8
36541,8
36542,8
36543,8
36544,8
36545,8
36546,8
36547,8
36548,8
36549,8
36550,8
36551,8
36552,8
36553,8
36554,8
36555,8
36556,8
36557,8
36558,8
36559,8
36560,8
36561,8
36562,8
36563,8
36564,8
36565,8
36566,8
36567,8
36568,8
36569,8
36570,8
36571,8
36572,8
36573,8
36574,8
36575,8
36576,8
36577,8
36578,8
36579,8
36580,8
36581,4
36582,4
36583,4
36584,4
36585,4
36586,4
36587,4
36588,8
36589,8
36590,8
36591,8
36592,8
36593,8
36594,8
36595,8
36596,8
36597,8
36598,8
36599,8
36600,8
36601,8
36602,8
36603,5
36604,5
36605,5
36606,5
36607,5
36608,5
36609,5
36610,5
36611,5
36612,5
36613,5
36614,5
36615,5
36616,5
36617,5
36618,5
36619,5
36620,5
36621,5
36622,5
36623,5
36624,5
36625,5
36626,5
36627,5
36628,5
36629,5
36630,5
36631,5
36632,5
36633,5
36634,5
36635,5
36636,5
36637,5
36638,5
36639,5
36640,5
36641,5
36642,5
36643,5
36644,5
36645,5
36646,5
36647,5
36648,5
36649,5
36650,5
36651,5
36652,5
36653,5
36654,5
36655,5
36656,5
36657,5
36658,5
36659,5
36660,5
36661,5
36662,5
36663,5
36664,5
36665,5
36666,5
36667,5
36668,5
36669,5
36670,5
36671,5
36672,5
36673,5
36674,5
36675,5
36676,5
36677,5
36678,5
36679,5
36680,5
36681,5
36682,5
36683,5
36684,5
36685,5
36686,5
36687,5
36688,5
36689,5
36690,5
36691,5
36692,5
36693,5
36694,5
36695,5
36696,5
36697,5
36698,2
36699,2
36700,2
36701,2
36702,2
36703,2
36704,2
36705,2
36706,2
36707,2
36708,2
36709,2
36710,2
36711,2
36712,2
36713,2
36714,2
36715,2
36716,2
36717,2
36718,5
36719,5
36720,5
36721,5
36722,5
36723,5
36724,5
36725,5
36726,5
36727,5
36728,5
36729,5
36730,5
36731,5
36732,5
36733,5
36734,5
36735,5
36736,5
36737,5
36738,5
36739,5
36740,5
36741,5
36742,5
36743,5
36744,5
36745,5
36746,5
36747,5
36748,5
36749,5
36750,5
36751,5
36752,5
36753,5
36754,5
36755,5
36756,5
36757,5
36758,5
36759,5
36760,2
36761,2
36762,2
36763,8
36764,8
36765,5
36766,5
36767,6
36768,5
36769,6
36770,6
36771,6
36772,6
36773,6
36774,6
36775,6
36776,5
36777,6
36778,6
36779,5
36780,5
36781,8
36782,8
36783,8
36784,8
36785,8
36786,8
36787,8
36788,8
36789,8
36790,6
36791,2
36792,2
36793,2
36794,6
36795,6
36796,6
36797,6
36798,6
36799,6
36800,2
36801,2
36802,2
36803,2
36804,2
36805,2
36806,6
36807,6
36808,6
36809,6
36810,6
36811,5
36812,5
36813,5
36814,5
36815,5
36816,5
36817,5
36818,5
36819,4
36820,6
36821,6
36822,6
36823,6
36824,6
36825,6
36826,6
36827,6
36828,6
36829,6
36830,6
36831,6
36832,6
36833,6
36834,6
36835,2
36836,4
36837,4
36838,8
36839,4
36840,5
36841,5
36842,5
36843,5
36844,5
36845,5
36846,5
36847,5
36848,4
36849,4
36850,4
36851,8
36852,8
36853,8
36854,8
36855,8
36856,8
36857,8
36858,8
36859,8
36860,8
36861,8
36862,8
36863,8
36864,8
36865,8
36866,8
36867,8
36868,8
36869,8
36870,8
36871,8
36872,8
36873,8
36874,8
36875,8
36876,8
36877,8
36878,8
36879,8
36880,8
36881,8
36882,8
36883,8
36884,8
36885,8
36886,8
36887,8
36888,8
36889,8
36890,8
36891,8
36892,8
36893,8
36894,8
36895,8
36896,8
36897,8
36898,8
36899,8
36900,8
36901,8
36902,8
36903,8
36904,8
36905,8
36906,2
36907,2
36908,5
36909,5
36910,6
36911,5
36912,5
36913,5
36914,2
36915,2
36916,2
36917,2
36918,2
36919,2
36920,2
36921,2
36922,2
36923,2
36924,2
36925,2
36926,2
36927,2
36928,2
36929,2
36930,2
36931,2
36932,2
36933,2
36934,2
36935,2
36936,2
36937,2
36938,2
36939,2
36940,2
36941,2
36942,2
36943,2
36944,2
36945,2
36946,2
36947,2
36948,2
36949,2
36950,2
36951,2
36952,2
36953,2
36954,2
36955,2
36956,2
36957,2
36958,2
36959,2
36960,2
36961,2
36962,2
36963,2
36964,2
36965,2
36966,2
36967,2
36968,2
36969,2
36970,2
36971,2
36972,2
36973,2
36974,2
36975,2
36976,2
36977,2
36978,2
36979,2
36980,2
36981,2
36982,6
36983,6
36984,6
36985,6
36986,6
36987,6
36988,6
36989,6
36990,6
36991,6
36992,6
36993,6
36994,6
36995,2
36996,2
36997,2
36998,2
36999,2
37000,2
37001,2
37002,2
37003,8
37004,8
37005,8
37006,8
37007,8
37008,8
37009,8
37010,8
37011,8
37012,6
37013,6
37014,8
37015,8
37016,5
37017,5
37018,5
37019,1
37020,1
37021,5
37022,5
37023,1
37024,1
37025,1
37026,5
37027,5
37028,5
37029,1
37030,1
37031,5
37032,1
37033,1
37034,5
37035,5
37036,1
37037,1
37038,1
37039,1
37040,5
37041,1
37042,5
37043,1
37044,1
37045,5
37046,5
37047,5
37048,1
37049,5
37050,1
37051,5
37052,1
37053,2
37054,1
37055,2
37056,2
37057,2
37058,2
37059,2
37060,1
37061,2
37062,2
37063,1
37064,2
37065,2
37066,1
37067,1
37068,1
37069,2
37070,2
37071,1
37072,1
37073,2
37074,1
37075,2
37076,2
37077,2
37078,1
37079,1
37080,2
37081,2
37082,2
37083,1
37084,1
37085,2
37086,2
37087,2
37088,1
37089,1
37090,2
37091,2
37092,2
37093,1
37094,2
37095,2
37096,2
37097,2
37098,1
37099,1
37100,2
37101,1
37102,1
37103,1
37104,2
37105,1
37106,2
37107,2
37108,1
37109,1
37110,2
37111,1
37112,2
37113,2
37114,2
37115,1
37116,2
37117,1
37118,1
37119,2
37120,1
37121,2
37122,2
37123,2
37124,1
37125,2
37126,2
37127,2
37128,1
37129,2
37130,1
37131,1
37132,2
37133,1
37134,2
37135,4
37136,4
37137,4
37138,4
37139,4
37140,4
37141,4
37142,4
37143,1
37144,4
37145,4
37146,4
37147,1
37148,4
37149,4
37150,4
37151,1
37152,4
37153,4
37154,4
37155,1
37156,4
37157,1
37158,4
37159,4
37160,4
37161,1
37162,1
37163,1
37164,1
37165,4
37166,4
37167,4
37168,4
37169,1
37170,4
37171,4
37172,4
37173,1
37174,4
37175,4
37176,1
37177,4
37178,4
37179,1
37180,1
37181,1
37182,4
37183,4
37184,1
37185,4
37186,4
37187,4
37188,4
37189,4
37190,4
37191,4
37192,4
37193,1
37194,4
37195,4
37196,4
37197,4
37198,1
37199,4
37200,1
37201,4
37202,4
37203,1
37204,1
37205,4
37206,4
37207,4
37208,4
37209,4
37210,4
37211,4
37212,1
37213,1
37214,4
37215,4
37216,4
37217,4
37218,4
37219,4
37220,4
37221,1
37222,4
37223,1
37224,4
37225,4
37226,1
37227,1
37228,4
37229,4
37230,4
37231,1
37232,4
37233,4
37234,1
37235,1
37236,4
37237,4
37238,4
37239,1
37240,4
37241,4
37242,1
37243,4
37244,1
37245,1
37246,5
37247,5
37248,5
37249,1
37250,1
37251,1
37252,1
37253,1
37254,1
37255,5
37256,1
37257,5
37258,1
37259,5
37260,5
37261,5
37262,1
37263,5
37264,1
37265,5
37266,5
37267,1
37268,1
37269,1
37270,1
37271,5
37272,1
37273,1
37274,1
37275,5
37276,1
37277,1
37278,5
37279,5
37280,1
37281,1
37282,5
37283,5
37284,5
37285,5
37286,5
37287,1
37288,1
37289,5
37290,5
37291,1
37292,1
37293,5
37294,1
37295,5
37296,1
37297,5
37298,5
37299,5
37300,5
37301,5
37302,5
37303,1
37304,5
37305,1
37306,5
37307,5
37308,1
37309,5
37310,1
37311,5
37312,5
37313,5
37314,1
37315,5
37316,1
37317,1
37318,5
37319,5
37320,5
37321,1
37322,5
37323,1
37324,5
37325,5
37326,5
37327,1
37328,1
37329,1
37330,1
37331,5
37332,5
37333,5
37334,1
37335,1
37336,1
37337,5
37338,5
37339,1
37340,1
37341,1
37342,1
37343,1
37344,5
37345,5
37346,1
37347,5
37348,5
37349,5
37350,1
37351,5
37352,1
37353,5
37354,5
37355,5
37356,1
37357,1
37358,5
37359,1
37360,5
37361,5
37362,1
37363,5
37364,5
37365,5
37366,5
37367,1
37368,5
37369,5
37370,1
37371,5
37372,1
37373,5
37374,1
37375,5
37376,1
37377,5
37378,1
37379,5
37380,5
37381,1
37382,1
37383,1
37384,5
37385,5
37386,5
37387,1
37388,5
37389,5
37390,5
37391,5
37392,1
37393,5
37394,5
37395,5
37396,1
37397,5
37398,1
37399,1
37400,1
37401,5
37402,1
37403,1
37404,4
37405,4
37406,1
37407,4
37408,4
37409,1
37410,4
37411,4
37412,1
37413,4
37414,1
37415,1
37416,4
37417,1
37418,1
37419,4
37420,1
37421,1
37422,1
37423,1
37424,4
37425,4
37426,4
37427,4
37428,1
37429,4
37430,4
37431,4
37432,4
37433,1
37434,4
37435,1
37436,1
37437,4
37438,1
37439,4
37440,4
37441,1
37442,7
37443,7
37444,7
37445,7
37446,7
37447,1
37448,1
37449,1
37450,1
37451,2
37452,2
37453,1
37454,1
37455,2
37456,1
37457,4
37458,8
37459,8
37460,8
37461,8
37462,8
37463,8
37464,8
37465,8
37466,8
37467,8
37468,8
37469,8
37470,8
37471,8
37472,8
37473,8
37474,8
37475,8
37476,8
37477,2
37478,2
37479,2
37480,2
37481,2
37482,7
37483,7
37484,7
37485,7
37486,7
37487,7
37488,7
37489,7
37490,5
37491,5
37492,4
37493,5
37494,5
37495,5
37496,1
37497,2
37498,2
37499,6
37500,5
37501,5
37502,5
37503,5
37504,5
37505,5
37506,5
37507,5
37508,5
37509,5
37510,5
37511,5
37512,5
37513,5
37514,5
37515,5
37516,5
37517,5
37518,5
37519,5
37520,5
37521,5
37522,5
37523,4
37524,4
37525,4
37526,5
37527,4
37528,4
37529,4
37530,1
37531,4
37532,1
37533,4
37534,4
37535,4
37536,4
37537,4
37538,4
37539,4
37540,4
37541,4
37542,5
37543,5
37544,5
37545,4
37546,4
37547,4
37548,4
37549,4
37550,4
37551,4
37552,4
37553,4
37554,2
37555,2
37556,5
37557,5
37558,2
37559,5
37560,4
37561,5
37562,4
37563,4
37564,4
37565,4
37566,4
37567,4
37568,4
37569,4
37570,4
37571,4
37572,4
37573,4
37574,4
37575,4
37576,4
37577,4
37578,4
37579,5
37580,4
37581,4
37582,4
37583,4
37584,4
37585,4
37586,4
37587,4
37588,1
37589,2
37590,1
37591,6
37592,1
37593,2
37594,2
37595,2
37596,2
37597,1
37598,2
37599,6
37600,6
37601,6
37602,6
37603,6
37604,6
37605,5
37606,6
37607,6
37608,7
37609,7
37610,7
37611,7
37612,7
37613,7
37614,7
37615,7
37616,7
37617,7
37618,2
37619,2
37620,2
37621,2
37622,2
37623,2
37624,2
37625,2
37626,2
37627,2
37628,2
37629,2
37630,2
37631,2
37632,2
37633,6
37634,5
37635,6
37636,5
37637,6
37638,5
37639,4
37640,4
37641,4
37642,4
37643,4
37644,4
37645,4
37646,4
37647,4
37648,4
37649,4
37650,4
37651,4
37652,4
37653,4
37654,4
37655,4
37656,4
37657,4
37658,5
37659,5
37660,6
37661,6
37662,6
37663,5
37664,7
37665,4
37666,2
37667,6
37668,6
37669,6
37670,6
37671,6
37672,2
37673,2
37674,6
37675,2
37676,2
37677,2
37678,6
37679,2
37680,6
37681,2
37682,2
37683,2
37684,2
37685,2
37686,2
37687,2
37688,2
37689,2
37690,2
37691,2
37692,2
37693,5
37694,8
37695,4
37696,5
37697,5
37698,4
37699,4
37700,4
37701,4
37702,4
37703,4
37704,4
37705,5
37706,5
37707,5
37708,5
37709,5
37710,5
37711,5
37712,5
37713,1
37714,1
37715,1
37716,5
37717,5
37718,5
37719,5
37720,7
37721,7
37722,7
37723,7
37724,8
37725,8
37726,8
37727,8
37728,8
37729,8
37730,8
37731,8
37732,8
37733,8
37734,8
37735,8
37736,8
37737,8
37738,8
37739,8
37740,8
37741,8
37742,8
37743,8
37744,8
37745,8
37746,8
37747,8
37748,8
37749,8
37750,2
37751,2
37752,1
37753,2
37754,2
37755,2
37756,2
37757,2
37758,2
37759,2
37760,2
37761,2
37762,2
37763,2
37764,2
37765,2
37766,1
37767,1
37768,1
37769,2
37770,1
37771,2
37772,2
37773,2
37774,2
37775,2
37776,2
37777,2
37778,2
37779,2
37780,2
37781,2
37782,2
37783,1
37784,2
37785,2
37786,2
37787,2
37788,2
37789,2
37790,2
37791,2
37792,2
37793,2
37794,2
37795,2
37796,2
37797,2
37798,2
37799,2
37800,2
37801,2
37802,2
37803,1
37804,2
37805,2
37806,2
37807,2
37808,2
37809,2
37810,2
37811,1
37812,2
37813,2
37814,2
37815,2
37816,2
37817,2
37818,2
37819,1
37820,2
37821,1
37822,2
37823,2
37824,2
37825,2
37826,2
37827,2
37828,2
37829,2
37830,2
37831,2
37832,2
37833,2
37834,2
37835,2
37836,2
37837,2
37838,2
37839,2
37840,2
37841,2
37842,2
37843,2
37844,2
37845,2
37846,2
37847,2
37848,2
37849,2
37850,2
37851,2
37852,2
37853,1
37854,2
37855,2
37856,2
37857,2
37858,2
37859,2
37860,1
37861,1
37862,2
37863,2
37864,1
37865,2
37866,2
37867,2
37868,2
37869,2
37870,2
37871,1
37872,1
37873,2
37874,2
37875,2
37876,2
37877,2
37878,2
37879,2
37880,2
37881,2
37882,2
37883,2
37884,2
37885,2
37886,2
37887,1
37888,2
37889,2
37890,2
37891,2
37892,2
37893,2
37894,2
37895,2
37896,1
37897,2
37898,2
37899,2
37900,2
37901,2
37902,2
37903,2
37904,2
37905,2
37906,2
37907,2
37908,2
37909,2
37910,2
37911,2
37912,2
37913,2
37914,1
37915,2
37916,2
37917,2
37918,2
37919,2
37920,2
37921,2
37922,2
37923,2
37924,2
37925,2
37926,2
37927,2
37928,2
37929,2
37930,2
37931,2
37932,2
37933,2
37934,2
37935,2
37936,2
37937,1
37938,2
37939,2
37940,2
37941,2
37942,2
37943,2
37944,2
37945,2
37946,1
37947,2
37948,2
37949,2
37950,1
37951,2
37952,2
37953,2
37954,2
37955,2
37956,2
37957,2
37958,2
37959,2
37960,2
37961,2
37962,2
37963,2
37964,2
37965,2
37966,2
37967,1
37968,2
37969,2
37970,2
37971,2
37972,2
37973,2
37974,2
37975,2
37976,2
37977,2
37978,2
37979,2
37980,2
37981,2
37982,2
37983,2
37984,2
37985,2
37986,2
37987,2
37988,2
37989,2
37990,2
37991,2
37992,2
37993,2
37994,1
37995,2
37996,2
37997,2
37998,2
37999,2
38000,2
38001,2
38002,2
38003,2
38004,2
38005,2
38006,2
38007,2
38008,2
38009,2
38010,2
38011,2
38012,2
38013,1
38014,2
38015,2
38016,2
38017,2
38018,2
38019,2
38020,2
38021,2
38022,2
38023,2
38024,2
38025,2
38026,2
38027,2
38028,2
38029,2
38030,2
38031,2
38032,2
38033,2
38034,2
38035,2
38036,2
38037,2
38038,2
38039,2
38040,2
38041,2
38042,2
38043,2
38044,2
38045,2
38046,2
38047,2
38048,1
38049,2
38050,2
38051,2
38052,2
38053,2
38054,2
38055,2
38056,2
38057,2
38058,2
38059,2
38060,2
38061,2
38062,2
38063,2
38064,2
38065,2
38066,2
38067,2
38068,2
38069,2
38070,2
38071,2
38072,2
38073,2
38074,2
38075,1
38076,2
38077,2
38078,2
38079,2
38080,2
38081,2
38082,2
38083,2
38084,2
38085,2
38086,2
38087,2
38088,2
38089,2
38090,2
38091,2
38092,2
38093,2
38094,2
38095,2
38096,2
38097,2
38098,2
38099,2
38100,2
38101,2
38102,2
38103,2
38104,2
38105,2
38106,2
38107,2
38108,2
38109,2
38110,2
38111,2
38112,2
38113,2
38114,2
38115,2
38116,2
38117,2
38118,2
38119,2
38120,1
38121,2
38122,2
38123,2
38124,2
38125,2
38126,2
38127,2
38128,2
38129,2
38130,2
38131,4
38132,1
38133,4
38134,1
38135,1
38136,1
38137,1
38138,4
38139,4
38140,1
38141,4
38142,1
38143,4
38144,1
38145,7
38146,7
38147,2
38148,2
38149,8
38150,8
38151,8
38152,8
38153,2
38154,5
38155,8
38156,5
38157,5
38158,5
38159,2
38160,2
38161,1
38162,2
38163,8
38164,8
38165,8
38166,5
38167,8
38168,8
38169,8
38170,2
38171,2
38172,2
38173,5
38174,8
38175,8
38176,5
38177,2
38178,8
38179,8
38180,8
38181,8
38182,8
38183,2
38184,2
38185,2
38186,8
38187,8
38188,8
38189,8
38190,8
38191,2
38192,8
38193,8
38194,8
38195,8
38196,8
38197,8
38198,2
38199,2
38200,8
38201,8
38202,2
38203,2
38204,8
38205,8
38206,8
38207,8
38208,8
38209,2
38210,8
38211,2
38212,2
38213,2
38214,2
38215,2
38216,1
38217,2
38218,2
38219,2
38220,2
38221,2
38222,2
38223,2
38224,2
38225,1
38226,2
38227,2
38228,2
38229,6
38230,6
38231,2
38232,6
38233,2
38234,2
38235,2
38236,2
38237,2
38238,2
38239,2
38240,6
38241,6
38242,6
38243,7
38244,7
38245,7
38246,7
38247,7
38248,7
38249,7
38250,7
38251,7
38252,7
38253,7
38254,7
38255,7
38256,7
38257,7
38258,5
38259,7
38260,7
38261,8
38262,4
38263,8
38264,8
38265,8
38266,8
38267,8
38268,8
38269,8
38270,8
38271,4
38272,5
38273,5
38274,6
38275,6
38276,6
38277,6
38278,6
38279,6
38280,5
38281,5
38282,5
38283,5
38284,5
38285,5
38286,5
38287,5
38288,5
38289,5
38290,5
38291,5
38292,5
38293,4
38294,4
38295,4
38296,4
38297,4
38298,4
38299,4
38300,4
38301,4
38302,4
38303,4
38304,4
38305,4
38306,4
38307,4
38308,4
38309,4
38310,6
38311,6
38312,7
38313,6
38314,7
38315,6
38316,6
38317,7
38318,6
38319,6
38320,6
38321,6
38322,6
38323,6
38324,6
38325,6
38326,6
38327,6
38328,6
38329,6
38330,6
38331,6
38332,6
38333,6
38334,6
38335,6
38336,6
38337,6
38338,6
38339,6
38340,6
38341,6
38342,6
38343,6
38344,6
38345,6
38346,6
38347,6
38348,6
38349,6
38350,6
38351,6
38352,6
38353,6
38354,6
38355,6
38356,6
38357,6
38358,6
38359,6
38360,6
38361,6
38362,6
38363,6
38364,6
38365,6
38366,6
38367,6
38368,6
38369,6
38370,6
38371,5
38372,5
38373,5
38374,5
38375,5
38376,5
38377,5
38378,5
38379,5
38380,1
38381,1
38382,1
38383,1
38384,1
38385,1
38386,1
38387,1
38388,1
38389,1
38390,1
38391,1
38392,1
38393,1
38394,1
38395,1
38396,1
38397,6
38398,6
38399,6
38400,6
38401,6
38402,6
38403,6
38404,6
38405,6
38406,6
38407,6
38408,6
38409,6
38410,6
38411,6
38412,8
38413,8
38414,8
38415,8
38416,8
38417,8
38418,8
38419,4
38420,4
38421,4
38422,4
38423,4
38424,4
38425,4
38426,4
38427,2
38428,2
38429,2
38430,2
38431,2
38432,2
38433,2
38434,2
38435,2
38436,2
38437,2
38438,2
38439,2
38440,2
38441,2
38442,2
38443,2
38444,2
38445,2
38446,2
38447,2
38448,2
38449,5
38450,5
38451,5
38452,7
38453,7
38454,7
38455,7
38456,7
38457,7
38458,7
38459,7
38460,7
38461,7
38462,7
38463,7
38464,7
38465,7
38466,7
38467,7
38468,7
38469,7
38470,7
38471,7
38472,7
38473,7
38474,7
38475,7
38476,7
38477,7
38478,7
38479,7
38480,7
38481,7
38482,7
38483,7
38484,7
38485,7
38486,7
38487,7
38488,7
38489,7
38490,7
38491,7
38492,7
38493,7
38494,7
38495,7
38496,7
38497,7
38498,7
38499,7
38500,7
38501,7
38502,7
38503,7
38504,7
38505,7
38506,7
38507,7
38508,7
38509,7
38510,7
38511,7
38512,7
38513,7
38514,7
38515,7
38516,7
38517,7
38518,7
38519,7
38520,7
38521,7
38522,7
38523,7
38524,7
38525,7
38526,7
38527,7
38528,7
38529,7
38530,7
38531,7
38532,7
38533,7
38534,7
38535,7
38536,7
38537,7
38538,7
38539,8
38540,8
38541,5
38542,5
38543,5
38544,5
38545,5
38546,5
38547,5
38548,5
38549,5
38550,5
38551,8
38552,8
38553,8
38554,8
38555,8
38556,8
38557,8
38558,8
38559,8
38560,8
38561,8
38562,8
38563,8
38564,8
38565,8
38566,8
38567,8
38568,8
38569,8
38570,8
38571,8
38572,8
38573,8
38574,8
38575,8
38576,8
38577,8
38578,8
38579,8
38580,8
38581,8
38582,8
38583,8
38584,8
38585,8
38586,8
38587,8
38588,8
38589,8
38590,8
38591,8
38592,8
38593,8
38594,8
38595,8
38596,8
38597,8
38598,8
38599,8
38600,8
38601,8
38602,8
38603,8
38604,8
38605,8
38606,8
38607,8
38608,8
38609,8
38610,8
38611,8
38612,8
38613,8
38614,8
38615,8
38616,8
38617,8
38618,8
38619,8
38620,8
38621,8
38622,8
38623,8
38624,8
38625,8
38626,8
38627,8
38628,8
38629,8
38630,8
38631,8
38632,8
38633,8
38634,7
38635,7
38636,7
38637,7
38638,7
38639,6
38640,6
38641,6
38642,8
38643,8
38644,8
38645,8
38646,8
38647,8
38648,8
38649,8
38650,8
38651,2
38652,2
38653,2
38654,2
38655,2
38656,2
38657,2
38658,2
38659,2
38660,2
38661,2
38662,2
38663,2
38664,2
38665,2
38666,2
38667,2
38668,2
38669,5
38670,5
38671,5
38672,5
38673,5
38674,5
38675,5
38676,5
38677,5
38678,5
38679,5
38680,5
38681,5
38682,5
38683,5
38684,5
38685,5
38686,5
38687,5
38688,5
38689,5
38690,5
38691,5
38692,5
38693,5
38694,5
38695,5
38696,5
38697,5
38698,5
38699,5
38700,5
38701,5
38702,5
38703,5
38704,5
38705,5
38706,5
38707,5
38708,5
38709,5
38710,5
38711,5
38712,5
38713,5
38714,5
38715,5
38716,5
38717,8
38718,8
38719,8
38720,8
38721,8
38722,8
38723,8
38724,8
38725,8
38726,8
38727,8
38728,8
38729,8
38730,8
38731,8
38732,8
38733,8
38734,8
38735,8
38736,8
38737,8
38738,8
38739,8
38740,8
38741,8
38742,8
38743,8
38744,8
38745,8
38746,8
38747,2
38748,2
38749,2
38750,2
38751,2
38752,2
38753,2
38754,2
38755,2
38756,2
38757,2
38758,2
38759,2
38760,2
38761,4
38762,4
38763,4
38764,1
38765,4
38766,4
38767,4
38768,4
38769,4
38770,4
38771,4
38772,1
38773,4
38774,4
38775,4
38776,4
38777,4
38778,4
38779,7
38780,7
38781,7
38782,7
38783,7
38784,7
38785,7
38786,7
38787,7
38788,7
38789,2
38790,2
38791,2
38792,2
38793,2
38794,2
38795,2
38796,2
38797,2
38798,2
38799,2
38800,2
38801,2
38802,2
38803,2
38804,2
38805,2
38806,1
38807,2
38808,2
38809,4
38810,4
38811,4
38812,8
38813,8
38814,8
38815,8
38816,8
38817,8
38818,8
38819,8
38820,8
38821,8
38822,8
38823,8
38824,8
38825,2
38826,2
38827,2
38828,2
38829,2
38830,5
38831,5
38832,5
38833,5
38834,5
38835,5
38836,7
38837,7
38838,7
38839,7
38840,7
38841,7
38842,7
38843,7
38844,7
38845,7
38846,7
38847,7
38848,7
38849,7
38850,7
38851,7
38852,7
38853,7
38854,7
38855,7
38856,7
38857,7
38858,7
38859,7
38860,7
38861,7
38862,7
38863,7
38864,7
38865,7
38866,7
38867,7
38868,7
38869,7
38870,7
38871,7
38872,7
38873,7
38874,7
38875,7
38876,7
38877,7
38878,7
38879,7
38880,7
38881,7
38882,7
38883,7
38884,7
38885,7
38886,7
38887,7
38888,7
38889,2
38890,2
38891,2
38892,2
38893,2
38894,2
38895,2
38896,2
38897,2
38898,2
38899,2
38900,2
38901,2
38902,2
38903,2
38904,2
38905,2
38906,2
38907,1
38908,1
38909,2
38910,2
38911,1
38912,1
38913,2
38914,2
38915,2
38916,2
38917,1
38918,2
38919,2
38920,1
38921,2
38922,1
38923,1
38924,2
38925,2
38926,2
38927,2
38928,2
38929,2
38930,1
38931,2
38932,2
38933,2
38934,2
38935,8
38936,8
38937,8
38938,8
38939,8
38940,8
38941,8
38942,8
38943,8
38944,8
38945,8
38946,8
38947,8
38948,8
38949,4
38950,4
38951,4
38952,4
38953,4
38954,4
38955,4
38956,4
38957,4
38958,4
38959,4
38960,4
38961,4
38962,4
38963,4
38964,4
38965,4
38966,4
38967,7
38968,7
38969,7
38970,7
38971,7
38972,7
38973,7
38974,7
38975,7
38976,7
38977,7
38978,7
38979,7
38980,7
38981,7
38982,7
38983,7
38984,7
38985,7
38986,7
38987,7
38988,7
38989,7
38990,7
38991,7
38992,7
38993,7
38994,7
38995,7
38996,7
38997,7
38998,7
38999,7
39000,7
39001,8
39002,8
39003,8
39004,8
39005,8
39006,8
39007,8
39008,8
39009,8
39010,8
39011,8
39012,8
39013,8
39014,8
39015,8
39016,8
39017,8
39018,8
39019,8
39020,8
39021,8
39022,8
39023,8
39024,8
39025,8
39026,8
39027,8
39028,8
39029,8
39030,8
39031,8
39032,8
39033,8
39034,8
39035,8
39036,8
39037,8
39038,8
39039,8
39040,8
39041,2
39042,2
39043,1
39044,1
39045,2
39046,2
39047,2
39048,1
39049,2
39050,2
39051,1
39052,2
39053,1
39054,2
39055,2
39056,2
39057,2
39058,2
39059,2
39060,2
39061,2
39062,1
39063,2
39064,2
39065,2
39066,2
39067,1
39068,2
39069,1
39070,1
39071,2
39072,2
39073,2
39074,2
39075,2
39076,2
39077,2
39078,2
39079,2
39080,2
39081,2
39082,2
39083,2
39084,2
39085,2
39086,2
39087,2
39088,2
39089,2
39090,2
39091,2
39092,2
39093,2
39094,2
39095,2
39096,2
39097,2
39098,2
39099,2
39100,2
39101,2
39102,2
39103,2
39104,2
39105,2
39106,2
39107,2
39108,2
39109,2
39110,2
39111,2
39112,2
39113,2
39114,2
39115,2
39116,2
39117,2
39118,2
39119,2
39120,2
39121,2
39122,2
39123,2
39124,2
39125,2
39126,2
39127,2
39128,2
39129,2
39130,2
39131,2
39132,2
39133,2
39134,2
39135,2
39136,2
39137,2
39138,2
39139,2
39140,2
39141,2
39142,2
39143,2
39144,2
39145,2
39146,2
39147,2
39148,2
39149,2
39150,2
39151,2
39152,2
39153,2
39154,2
39155,2
39156,2
39157,2
39158,2
39159,2
39160,2
39161,2
39162,2
39163,2
39164,2
39165,2
39166,2
39167,2
39168,2
39169,2
39170,2
39171,2
39172,2
39173,2
39174,2
39175,2
39176,2
39177,4
39178,4
39179,4
39180,4
39181,4
39182,4
39183,4
39184,4
39185,4
39186,4
39187,4
39188,4
39189,4
39190,4
39191,4
39192,4
39193,4
39194,4
39195,4
39196,4
39197,4
39198,4
39199,4
39200,4
39201,4
39202,4
39203,4
39204,4
39205,4
39206,4
39207,4
39208,4
39209,4
39210,8
39211,8
39212,8
39213,8
39214,8
39215,8
39216,8
39217,8
39218,8
39219,8
39220,8
39221,8
39222,8
39223,8
39224,8
39225,8
39226,8
39227,8
39228,8
39229,8
39230,8
39231,8
39232,8
39233,8
39234,8
39235,8
39236,8
39237,8
39238,8
39239,8
39240,8
39241,8
39242,8
39243,8
39244,8
39245,8
39246,8
39247,8
39248,8
39249,8
39250,8
39251,8
39252,8
39253,8
39254,8
39255,8
39256,8
39257,8
39258,8
39259,8
39260,8
39261,8
39262,8
39263,8
39264,8
39265,8
39266,8
39267,8
39268,8
39269,8
39270,8
39271,8
39272,8
39273,8
39274,8
39275,8
39276,8
39277,8
39278,8
39279,8
39280,8
39281,8
39282,8
39283,8
39284,7
39285,7
39286,7
39287,7
39288,7
39289,7
39290,7
39291,7
39292,4
39293,8
39294,8
39295,8
39296,8
39297,8
39298,4
39299,1
39300,4
39301,1
39302,1
39303,1
39304,4
39305,1
39306,1
39307,4
39308,8
39309,8
39310,8
39311,8
39312,8
39313,8
39314,8
39315,8
39316,8
39317,8
39318,8
39319,8
39320,8
39321,8
39322,8
39323,8
39324,8
39325,8
39326,8
39327,8
39328,8
39329,8
39330,8
39331,8
39332,8
39333,8
39334,2
39335,2
39336,2
39337,2
39338,2
39339,1
39340,1
39341,1
39342,1
39343,1
39344,1
39345,1
39346,1
39347,1
39348,1
39349,1
39350,1
39351,1
39352,1
39353,8
39354,8
39355,8
39356,8
39357,8
39358,8
39359,8
39360,8
39361,8
39362,8
39363,8
39364,8
39365,8
39366,8
39367,8
39368,8
39369,8
39370,8
39371,8
39372,8
39373,8
39374,8
39375,8
39376,5
39377,5
39378,5
39379,5
39380,5
39381,2
39382,2
39383,2
39384,2
39385,2
39386,5
39387,5
39388,5
39389,5
39390,5
39391,2
39392,2
39393,2
39394,5
39395,2
39396,5
39397,2
39398,5
39399,2
39400,2
39401,2
39402,5
39403,5
39404,5
39405,5
39406,5
39407,2
39408,2
39409,2
39410,5
39411,5
39412,2
39413,5
39414,5
39415,5
39416,5
39417,2
39418,2
39419,5
39420,5
39421,2
39422,2
39423,2
39424,2
39425,2
39426,5
39427,5
39428,5
39429,5
39430,5
39431,5
39432,5
39433,5
39434,5
39435,5
39436,5
39437,5
39438,5
39439,5
39440,5
39441,5
39442,5
39443,5
39444,5
39445,5
39446,5
39447,5
39448,5
39449,2
39450,2
39451,2
39452,4
39453,4
39454,4
39455,4
39456,4
39457,4
39458,4
39459,4
39460,4
39461,4
39462,4
39463,4
39464,4
39465,4
39466,4
39467,4
39468,4
39469,4
39470,4
39471,4
39472,4
39473,4
39474,4
39475,4
39476,4
39477,4
39478,4
39479,4
39480,4
39481,4
39482,4
39483,4
39484,4
39485,4
39486,4
39487,4
39488,4
39489,4
39490,4
39491,4
39492,4
39493,4
39494,4
39495,4
39496,4
39497,4
39498,4
39499,4
39500,4
39501,4
39502,4
39503,4
39504,4
39505,8
39506,8
39507,8
39508,2
39509,2
39510,5
39511,5
39512,5
39513,5
39514,5
39515,5
39516,5
39517,5
39518,5
39519,5
39520,5
39521,5
39522,5
39523,5
39524,5
39525,5
39526,5
39527,5
39528,5
39529,5
39530,5
39531,5
39532,5
39533,5
39534,5
39535,5
39536,5
39537,5
39538,5
39539,5
39540,5
39541,5
39542,5
39543,5
39544,5
39545,5
39546,5
39547,5
39548,5
39549,5
39550,5
39551,5
39552,5
39553,5
39554,5
39555,5
39556,5
39557,5
39558,2
39559,7
39560,1
39561,7
39562,1
39563,8
39564,8
39565,2
39566,5
39567,5
39568,5
39569,5
39570,5
39571,5
39572,5
39573,2
39574,2
39575,2
39576,2
39577,6
39578,2
39579,2
39580,6
39581,2
39582,2
39583,2
39584,6
39585,6
39586,6
39587,2
39588,2
39589,2
39590,2
39591,6
39592,6
39593,2
39594,2
39595,7
39596,7
39597,7
39598,7
39599,7
39600,7
39601,7
39602,7
39603,7
39604,7
39605,7
39606,7
39607,7
39608,4
39609,4
39610,8
39611,5
39612,5
39613,2
39614,2
39615,2
39616,2
39617,2
39618,8
39619,4
39620,1
39621,4
39622,4
39623,4
39624,4
39625,4
39626,4
39627,4
39628,4
39629,4
39630,4
39631,4
39632,4
39633,4
39634,4
39635,4
39636,4
39637,4
39638,1
39639,4
39640,4
39641,1
39642,1
39643,8
39644,8
39645,8
39646,6
39647,2
39648,5
39649,8
39650,2
39651,2
39652,8
39653,8
39654,8
39655,8
39656,8
39657,8
39658,8
39659,8
39660,8
39661,8
39662,8
39663,8
39664,8
39665,8
39666,8
39667,8
39668,8
39669,8
39670,8
39671,8
39672,8
39673,8
39674,8
39675,8
39676,8
39677,8
39678,8
39679,8
39680,4
39681,2
39682,2
39683,2
39684,2
39685,1
39686,4
39687,7
39688,7
39689,7
39690,8
39691,8
39692,8
39693,8
39694,2
39695,2
39696,2
39697,7
39698,7
39699,7
39700,7
39701,4
39702,4
39703,4
39704,4
39705,4
39706,4
39707,4
39708,4
39709,4
39710,8
39711,8
39712,8
39713,8
39714,8
39715,8
39716,8
39717,8
39718,8
39719,8
39720,8
39721,8
39722,8
39723,8
39724,8
39725,8
39726,8
39727,2
39728,4
39729,1
39730,1
39731,1
39732,1
39733,7
39734,7
39735,1
39736,7
39737,7
39738,8
39739,8
39740,8
39741,8
39742,8
39743,8
39744,2
39745,2
39746,2
39747,2
39748,2
39749,8
39750,8
39751,8
39752,5
39753,5
39754,5
39755,5
39756,5
39757,5
39758,5
39759,5
39760,5
39761,8
39762,8
39763,8
39764,8
39765,2
39766,2
39767,2
39768,5
39769,2
39770,5
39771,2
39772,2
39773,5
39774,2
39775,5
39776,5
39777,2
39778,5
39779,2
39780,5
39781,5
39782,8
39783,8
39784,8
39785,8
39786,8
39787,8
39788,8
39789,8
39790,8
39791,8
39792,8
39793,8
39794,4
39795,4
39796,4
39797,4
39798,4
39799,8
39800,8
39801,8
39802,8
39803,5
39804,5
39805,5
39806,5
39807,5
39808,5
39809,7
39810,8
39811,8
39812,8
39813,8
39814,8
39815,8
39816,8
39817,8
39818,8
39819,8
39820,8
39821,8
39822,2
39823,1
39824,1
39825,2
39826,2
39827,7
39828,7
39829,7
39830,7
39831,7
39832,7
39833,4
39834,4
39835,4
39836,4
39837,4
39838,4
39839,4
39840,4
39841,1
39842,4
39843,4
39844,4
39845,4
39846,4
39847,4
39848,4
39849,4
39850,4
39851,4
39852,2
39853,2
39854,5
39855,8
39856,8
39857,8
39858,8
39859,8
39860,8
39861,8
39862,8
39863,8
39864,8
39865,8
39866,8
39867,8
39868,8
39869,8
39870,8
39871,5
39872,5
39873,5
39874,5
39875,5
39876,5
39877,5
39878,5
39879,5
39880,5
39881,5
39882,5
39883,5
39884,5
39885,5
39886,5
39887,5
39888,5
39889,5
39890,5
39891,5
39892,5
39893,5
39894,5
39895,5
39896,5
39897,5
39898,5
39899,5
39900,5
39901,5
39902,5
39903,5
39904,5
39905,5
39906,5
39907,5
39908,5
39909,5
39910,5
39911,5
39912,5
39913,5
39914,5
39915,5
39916,5
39917,5
39918,5
39919,5
39920,5
39921,5
39922,5
39923,5
39924,5
39925,5
39926,5
39927,5
39928,5
39929,5
39930,5
39931,5
39932,5
39933,5
39934,5
39935,5
39936,5
39937,5
39938,5
39939,5
39940,5
39941,5
39942,5
39943,5
39944,5
39945,5
39946,5
39947,5
39948,5
39949,5
39950,5
39951,5
39952,5
39953,5
39954,5
39955,5
39956,5
39957,5
39958,2
39959,2
39960,2
39961,2
39962,6
39963,6
39964,6
39965,6
39966,6
39967,1
39968,1
39969,1
39970,1
39971,5
39972,5
39973,1
39974,1
39975,5
39976,1
39977,1
39978,5
39979,5
39980,1
39981,5
39982,1
39983,1
39984,5
39985,5
39986,1
39987,5
39988,1
39989,5
39990,1
39991,5
39992,1
39993,1
39994,5
39995,1
39996,1
39997,1
39998,5
39999,1
40000,1
40001,1
40002,5
40003,1
40004,5
40005,5
40006,1
40007,5
40008,5
40009,7
40010,7
40011,7
40012,7
40013,7
40014,7
40015,7
40016,7
40017,7
40018,7
40019,7
40020,7
40021,7
40022,7
40023,7
40024,7
40025,7
40026,7
40027,7
40028,7
40029,7
40030,7
40031,7
40032,7
40033,7
40034,7
40035,7
40036,7
40037,7
40038,7
40039,7
40040,7
40041,7
40042,7
40043,7
40044,7
40045,7
40046,7
40047,7
40048,7
40049,7
40050,7
40051,7
40052,7
40053,7
40054,7
40055,7
40056,7
40057,7
40058,7
40059,7
40060,7
40061,7
40062,7
40063,7
40064,7
40065,7
40066,7
40067,7
40068,7
40069,7
40070,7
40071,7
40072,7
40073,8
40074,8
40075,8
40076,8
40077,8
40078,8
40079,8
40080,8
40081,8
40082,8
40083,8
40084,8
40085,8
40086,8
40087,8
40088,8
40089,8
40090,8
40091,8
40092,8
40093,8
40094,8
40095,5
40096,5
40097,5
40098,5
40099,5
40100,5
40101,5
40102,5
40103,5
40104,5
40105,5
40106,5
40107,5
40108,5
40109,5
40110,5
40111,5
40112,5
40113,5
40114,5
40115,5
40116,5
40117,5
40118,5
40119,5
40120,5
40121,5
40122,5
40123,5
40124,5
40125,5
40126,5
40127,5
40128,5
40129,5
40130,5
40131,5
40132,5
40133,5
40134,5
40135,5
40136,5
40137,5
40138,5
40139,5
40140,5
40141,5
40142,5
40143,5
40144,5
40145,5
40146,5
40147,5
40148,5
40149,5
40150,5
40151,5
40152,5
40153,5
40154,5
40155,5
40156,5
40157,5
40158,5
40159,5
40160,5
40161,5
40162,5
40163,5
40164,5
40165,5
40166,5
40167,5
40168,5
40169,5
40170,5
40171,5
40172,5
40173,1
40174,5
40175,5
40176,5
40177,1
40178,5
40179,1
40180,5
40181,5
40182,5
40183,5
40184,5
40185,1
40186,5
40187,5
40188,5
40189,5
40190,1
40191,5
40192,5
40193,1
40194,1
40195,1
40196,5
40197,1
40198,1
40199,1
40200,1
40201,5
40202,5
40203,5
40204,5
40205,5
40206,1
40207,5
40208,2
40209,2
40210,2
40211,2
40212,2
40213,2
40214,2
40215,2
40216,2
40217,4
40218,1
40219,1
40220,1
40221,1
40222,4
40223,4
40224,1
40225,4
40226,4
40227,1
40228,4
40229,1
40230,1
40231,4
40232,4
40233,4
40234,1
40235,4
40236,4
40237,1
40238,4
40239,4
40240,4
40241,4
40242,4
40243,4
40244,4
40245,1
40246,1
40247,1
40248,4
40249,1
40250,4
40251,1
40252,1
40253,4
40254,1
40255,1
40256,1
40257,1
40258,1
40259,1
40260,1
40261,1
40262,1
40263,4
40264,1
40265,1
40266,1
40267,1
40268,4
40269,4
40270,1
40271,4
40272,1
40273,1
40274,4
40275,1
40276,1
40277,1
40278,1
40279,1
40280,1
40281,4
40282,1
40283,1
40284,4
40285,1
40286,1
40287,4
40288,1
40289,1
40290,1
40291,4
40292,1
40293,1
40294,1
40295,4
40296,4
40297,1
40298,1
40299,1
40300,1
40301,1
40302,4
40303,4
40304,1
40305,1
40306,4
40307,1
40308,4
40309,1
40310,1
40311,1
40312,1
40313,1
40314,1
40315,1
40316,1
40317,4
40318,1
40319,1
40320,4
40321,1
40322,1
40323,1
40324,1
40325,4
40326,1
40327,1
40328,1
40329,1
40330,4
40331,1
40332,1
40333,4
40334,1
40335,4
40336,1
40337,1
40338,4
40339,1
40340,4
40341,1
40342,1
40343,4
40344,4
40345,1
40346,1
40347,1
40348,1
40349,1
40350,1
40351,2
40352,5
40353,5
40354,5
40355,5
40356,5
40357,2
40358,5
40359,5
40360,5
40361,5
40362,5
40363,5
40364,5
40365,5
40366,5
40367,5
40368,5
40369,5
40370,5
40371,5
40372,5
40373,2
40374,5
40375,5
40376,5
40377,5
40378,5
40379,5
40380,5
40381,5
40382,5
40383,5
40384,5
40385,2
40386,5
40387,5
40388,5
40389,5
40390,5
40391,2
40392,5
40393,2
40394,8
40395,8
40396,8
40397,8
40398,8
40399,8
40400,8
40401,8
40402,8
40403,8
40404,8
40405,8
40406,8
40407,8
40408,8
40409,8
40410,8
40411,8
40412,8
40413,8
40414,8
40415,8
40416,8
40417,8
40418,8
40419,8
40420,8
40421,8
40422,8
40423,8
40424,8
40425,8
40426,8
40427,8
40428,8
40429,8
40430,8
40431,8
40432,8
40433,8
40434,8
40435,8
40436,8
40437,8
40438,8
40439,8
40440,8
40441,8
40442,8
40443,8
40444,8
40445,8
40446,8
40447,8
40448,8
40449,8
40450,8
40451,8
40452,8
40453,8
40454,8
40455,8
40456,8
40457,8
40458,8
40459,8
40460,8
40461,8
40462,8
40463,8
40464,8
40465,8
40466,8
40467,8
40468,8
40469,8
40470,8
40471,8
40472,8
40473,8
40474,8
40475,8
40476,8
40477,8
40478,8
40479,8
40480,8
40481,8
40482,8
40483,8
40484,8
40485,8
40486,8
40487,8
40488,8
40489,8
40490,8
40491,8
40492,8
40493,8
40494,8
40495,8
40496,8
40497,8
40498,8
40499,8
40500,8
40501,8
40502,8
40503,8
40504,8
40505,8
40506,8
40507,8
40508,8
40509,8
40510,8
40511,8
40512,8
40513,8
40514,8
40515,8
40516,7
40517,7
40518,7
40519,7
40520,7
40521,7
40522,7
40523,7
40524,7
40525,7
40526,7
40527,7
40528,7
40529,7
40530,7
40531,7
40532,7
40533,7
40534,7
40535,7
40536,7
40537,7
40538,7
40539,7
40540,7
40541,7
40542,7
40543,7
40544,7
40545,7
40546,7
40547,7
40548,7
40549,7
40550,7
40551,7
40552,7
40553,7
40554,7
40555,7
40556,7
40557,7
40558,7
40559,7
40560,7
40561,7
40562,7
40563,7
40564,7
40565,7
40566,7
40567,1
40568,5
40569,5
40570,5
40571,5
40572,5
40573,1
40574,5
40575,5
40576,5
40577,5
40578,5
40579,5
40580,1
40581,5
40582,2
40583,2
40584,2
40585,2
40586,2
40587,8
40588,8
40589,8
40590,8
40591,8
40592,8
40593,8
40594,8
40595,8
40596,8
40597,8
40598,8
40599,8
40600,8
40601,8
40602,8
40603,8
40604,8
40605,8
40606,8
40607,8
40608,8
40609,8
40610,8
40611,8
40612,8
40613,8
40614,8
40615,8
40616,8
40617,8
40618,8
40619,8
40620,8
40621,8
40622,8
40623,8
40624,8
40625,8
40626,8
40627,8
40628,8
40629,8
40630,8
40631,8
40632,5
40633,2
40634,5
40635,2
40636,2
40637,2
40638,2
40639,5
40640,5
40641,5
40642,5
40643,5
40644,5
40645,5
40646,2
40647,5
40648,2
40649,5
40650,5
40651,5
40652,5
40653,5
40654,2
40655,5
40656,5
40657,5
40658,5
40659,5
40660,5
40661,5
40662,5
40663,5
40664,5
40665,2
40666,5
40667,5
40668,2
40669,5
40670,5
40671,5
40672,5
40673,5
40674,5
40675,5
40676,2
40677,2
40678,5
40679,2
40680,5
40681,2
40682,5
40683,5
40684,5
40685,5
40686,5
40687,5
40688,5
40689,2
40690,5
40691,5
40692,5
40693,5
40694,2
40695,5
40696,5
40697,5
40698,5
40699,2
40700,2
40701,5
40702,5
40703,2
40704,2
40705,5
40706,5
40707,5
40708,5
40709,2
40710,2
40711,5
40712,5
40713,5
40714,5
40715,2
40716,5
40717,5
40718,5
40719,2
40720,2
40721,5
40722,5
40723,5
40724,5
40725,5
40726,5
40727,5
40728,2
40729,4
40730,8
40731,8
40732,8
40733,8
40734,8
40735,8
40736,8
40737,1
40738,1
40739,5
40740,1
40741,1
40742,5
40743,1
40744,5
40745,5
40746,1
40747,5
40748,1
40749,5
40750,5
40751,1
40752,5
40753,5
40754,1
40755,5
40756,1
40757,5
40758,1
40759,1
40760,5
40761,5
40762,1
40763,5
40764,5
40765,1
40766,5
40767,1
40768,5
40769,5
40770,1
40771,1
40772,1
40773,5
40774,1
40775,1
40776,8
40777,8
40778,8
40779,8
40780,8
40781,8
40782,8
40783,8
40784,8
40785,8
40786,8
40787,8
40788,8
40789,8
40790,8
40791,8
40792,8
40793,8
40794,8
40795,8
40796,8
40797,8
40798,8
40799,8
40800,8
40801,8
40802,8
40803,8
40804,5
40805,2
40806,5
40807,2
40808,2
40809,2
40810,5
40811,2
40812,5
40813,5
40814,2
40815,2
40816,5
40817,5
40818,5
40819,2
40820,5
40821,5
40822,2
40823,2
40824,5
40825,5
40826,5
40827,5
40828,5
40829,5
40830,2
40831,5
40832,5
40833,5
40834,2
40835,5
40836,2
40837,5
40838,5
40839,5
40840,5
40841,5
40842,5
40843,5
40844,2
40845,5
40846,5
40847,2
40848,2
40849,5
40850,5
40851,2
40852,2
40853,2
40854,8
40855,8
40856,8
40857,8
40858,8
40859,8
40860,8
40861,8
40862,8
40863,8
40864,8
40865,8
40866,8
40867,4
40868,2
40869,1
40870,2
40871,1
40872,1
40873,2
40874,1
40875,2
40876,1
40877,2
40878,2
40879,2
40880,2
40881,2
40882,2
40883,2
40884,2
40885,1
40886,2
40887,2
40888,2
40889,2
40890,2
40891,2
40892,2
40893,2
40894,2
40895,2
40896,2
40897,5
40898,5
40899,5
40900,5
40901,5
40902,5
40903,2
40904,1
40905,1
40906,1
40907,1
40908,1
40909,1
40910,1
40911,2
40912,1
40913,2
40914,1
40915,1
40916,1
40917,1
40918,5
40919,5
40920,2
40921,5
40922,2
40923,5
40924,5
40925,2
40926,2
40927,2
40928,2
40929,5
40930,5
40931,8
40932,8
40933,8
40934,8
40935,8
40936,8
40937,8
40938,8
40939,8
40940,8
40941,8
40942,8
40943,8
40944,8
40945,8
40946,8
40947,8
40948,8
40949,8
40950,8
40951,8
40952,8
40953,8
40954,8
40955,8
40956,5
40957,5
40958,5
40959,5
40960,5
40961,5
40962,5
40963,2
40964,2
40965,2
40966,4
40967,5
40968,2
40969,5
40970,8
40971,8
40972,8
40973,8
40974,8
40975,8
40976,5
40977,5
40978,5
40979,5
40980,5
40981,2
40982,2
40983,2
40984,2
40985,1
40986,2
40987,2
40988,2
40989,2
40990,2
40991,2
40992,2
40993,2
40994,2
40995,2
40996,2
40997,2
40998,2
40999,2
41000,2
41001,2
41002,2
41003,2
41004,2
41005,2
41006,2
41007,2
41008,2
41009,2
41010,2
41011,2
41012,2
41013,2
41014,2
41015,2
41016,2
41017,2
41018,2
41019,2
41020,2
41021,2
41022,2
41023,2
41024,2
41025,2
41026,2
41027,2
41028,2
41029,2
41030,2
41031,1
41032,1
41033,1
41034,1
41035,1
41036,1
41037,4
41038,1
41039,1
41040,1
41041,1
41042,1
41043,1
41044,1
41045,1
41046,4
41047,1
41048,1
41049,1
41050,1
41051,1
41052,1
41053,4
41054,1
41055,1
41056,1
41057,1
41058,1
41059,1
41060,1
41061,1
41062,1
41063,1
41064,1
41065,4
41066,1
41067,8
41068,8
41069,8
41070,8
41071,8
41072,8
41073,8
41074,8
41075,8
41076,8
41077,8
41078,8
41079,8
41080,8
41081,8
41082,8
41083,8
41084,8
41085,8
41086,8
41087,8
41088,8
41089,8
41090,8
41091,8
41092,8
41093,8
41094,8
41095,8
41096,8
41097,8
41098,8
41099,8
41100,8
41101,8
41102,8
41103,8
41104,8
41105,8
41106,8
41107,8
41108,8
41109,8
41110,8
41111,8
41112,8
41113,8
41114,8
41115,8
41116,8
41117,8
41118,8
41119,8
41120,8
41121,8
41122,8
41123,8
41124,8
41125,8
41126,8
41127,8
41128,8
41129,8
41130,8
41131,8
41132,8
41133,8
41134,8
41135,8
41136,8
41137,8
41138,8
41139,8
41140,8
41141,8
41142,5
41143,5
41144,5
41145,5
41146,5
41147,2
41148,2
41149,8
41150,8
41151,8
41152,8
41153,8
41154,8
41155,8
41156,8
41157,8
41158,8
41159,8
41160,8
41161,8
41162,8
41163,8
41164,8
41165,8
41166,8
41167,8
41168,8
41169,8
41170,8
41171,8
41172,8
41173,8
41174,8
41175,8
41176,8
41177,8
41178,8
41179,8
41180,8
41181,8
41182,8
41183,8
41184,8
41185,8
41186,8
41187,8
41188,8
41189,8
41190,8
41191,8
41192,8
41193,8
41194,8
41195,8
41196,8
41197,8
41198,8
41199,8
41200,8
41201,8
41202,8
41203,8
41204,8
41205,8
41206,8
41207,8
41208,8
41209,4
41210,4
41211,4
41212,4
41213,4
41214,4
41215,4
41216,4
41217,4
41218,4
41219,4
41220,4
41221,4
41222,4
41223,4
41224,4
41225,4
41226,4
41227,4
41228,4
41229,4
41230,4
41231,4
41232,4
41233,8
41234,8
41235,2
41236,5
41237,5
41238,5
41239,5
41240,7
41241,7
41242,7
41243,7
41244,7
41245,7
41246,7
41247,7
41248,8
41249,8
41250,8
41251,8
41252,8
41253,8
41254,8
41255,8
41256,8
41257,8
41258,8
41259,8
41260,8
41261,8
41262,8
41263,8
41264,8
41265,8
41266,8
41267,8
41268,8
41269,8
41270,8
41271,8
41272,8
41273,8
41274,8
41275,8
41276,8
41277,8
41278,8
41279,8
41280,8
41281,8
41282,8
41283,8
41284,8
41285,8
41286,8
41287,8
41288,8
41289,8
41290,8
41291,8
41292,8
41293,8
41294,8
41295,8
41296,8
41297,8
41298,8
41299,8
41300,8
41301,8
41302,8
41303,8
41304,8
41305,8
41306,8
41307,8
41308,8
41309,8
41310,8
41311,8
41312,8
41313,8
41314,8
41315,8
41316,8
41317,8
41318,8
41319,8
41320,8
41321,8
41322,8
41323,8
41324,8
41325,8
41326,8
41327,8
41328,8
41329,8
41330,8
41331,8
41332,8
41333,8
41334,8
41335,8
41336,8
41337,8
41338,8
41339,8
41340,8
41341,8
41342,8
41343,8
41344,8
41345,8
41346,8
41347,8
41348,8
41349,4
41350,4
41351,4
41352,4
41353,4
41354,4
41355,4
41356,1
41357,4
41358,4
41359,4
41360,4
41361,4
41362,4
41363,4
41364,8
41365,8
41366,8
41367,8
41368,8
41369,8
41370,8
41371,8
41372,8
41373,8
41374,8
41375,8
41376,8
41377,8
41378,8
41379,8
41380,8
41381,8
41382,8
41383,8
41384,8
41385,8
41386,8
41387,8
41388,8
41389,8
41390,8
41391,8
41392,8
41393,8
41394,8
41395,8
41396,8
41397,8
41398,8
41399,8
41400,8
41401,8
41402,8
41403,4
41404,5
41405,5
41406,5
41407,5
41408,5
41409,5
41410,5
41411,5
41412,5
41413,5
41414,5
41415,5
41416,5
41417,5
41418,5
41419,5
41420,5
41421,5
41422,5
41423,5
41424,5
41425,5
41426,5
41427,5
41428,5
41429,5
41430,5
41431,5
41432,5
41433,5
41434,5
41435,5
41436,5
41437,5
41438,5
41439,5
41440,5
41441,4
41442,4
41443,5
41444,5
41445,5
41446,5
41447,7
41448,5
41449,5
41450,7
41451,7
41452,8
41453,5
41454,4
41455,4
41456,5
41457,5
41458,2
41459,2
41460,5
41461,5
41462,5
41463,5
41464,5
41465,5
41466,4
41467,5
41468,5
41469,5
41470,2
41471,2
41472,2
41473,2
41474,2
41475,5
41476,5
41477,5
41478,5
41479,5
41480,5
41481,5
41482,5
41483,5
41484,6
41485,6
41486,6
41487,6
41488,6
41489,6
41490,6
41491,6
41492,6
41493,6
41494,6
41495,6
41496,6
41497,6
41498,6
41499,6
41500,6
41501,6
41502,6
41503,2
41504,7
41505,7
41506,7
41507,7
41508,7
41509,7
41510,7
41511,7
41512,7
41513,7
41514,7
41515,7
41516,7
41517,7
41518,7
41519,7
41520,7
41521,7
41522,7
41523,7
41524,7
41525,7
41526,7
41527,7
41528,7
41529,7
41530,7
41531,7
41532,7
41533,7
41534,7
41535,7
41536,7
41537,7
41538,7
41539,7
41540,7
41541,7
41542,7
41543,7
41544,7
41545,7
41546,7
41547,7
41548,7
41549,7
41550,7
41551,7
41552,7
41553,7
41554,7
41555,7
41556,7
41557,7
41558,7
41559,7
41560,5
41561,5
41562,5
41563,5
41564,5
41565,5
41566,5
41567,5
41568,5
41569,8
41570,8
41571,8
41572,8
41573,8
41574,8
41575,8
41576,8
41577,8
41578,8
41579,8
41580,8
41581,8
41582,8
41583,8
41584,8
41585,8
41586,8
41587,8
41588,8
41589,8
41590,8
41591,8
41592,8
41593,8
41594,4
41595,4
41596,4
41597,1
41598,1
41599,4
41600,4
41601,2
41602,2
41603,8
41604,8
41605,8
41606,8
41607,8
41608,8
41609,8
41610,8
41611,8
41612,8
41613,8
41614,8
41615,2
41616,2
41617,2
41618,2
41619,5
41620,5
41621,5
41622,5
41623,5
41624,5
41625,5
41626,2
41627,2
41628,2
41629,2
41630,8
41631,8
41632,2
41633,5
41634,5
41635,5
41636,5
41637,5
41638,5
41639,5
41640,5
41641,5
41642,5
41643,6
41644,2
41645,2
41646,2
41647,2
41648,2
41649,2
41650,7
41651,7
41652,8
41653,8
41654,8
41655,8
41656,8
41657,7
41658,7
41659,7
41660,7
41661,7
41662,7
41663,7
41664,7
41665,7
41666,7
41667,7
41668,7
41669,7
41670,7
41671,7
41672,7
41673,7
41674,7
41675,7
41676,7
41677,7
41678,7
41679,7
41680,7
41681,7
41682,7
41683,8
41684,8
41685,8
41686,8
41687,8
41688,8
41689,8
41690,8
41691,8
41692,8
41693,8
41694,8
41695,8
41696,8
41697,8
41698,8
41699,8
41700,8
41701,8
41702,8
41703,8
41704,8
41705,8
41706,8
41707,8
41708,8
41709,8
41710,8
41711,8
41712,8
41713,8
41714,8
41715,8
41716,8
41717,8
41718,8
41719,8
41720,8
41721,8
41722,8
41723,8
41724,8
41725,8
41726,8
41727,8
41728,8
41729,8
41730,8
41731,8
41732,8
41733,8
41734,8
41735,8
41736,8
41737,8
41738,2
41739,8
41740,8
41741,8
41742,8
41743,8
41744,8
41745,2
41746,2
41747,2
41748,5
41749,5
41750,5
41751,5
41752,5
41753,5
41754,5
41755,8
41756,1
41757,1
41758,8
41759,8
41760,1
41761,1
41762,2
41763,2
41764,2
41765,2
41766,2
41767,2
41768,2
41769,2
41770,8
41771,2
41772,8
41773,2
41774,2
41775,2
41776,2
41777,2
41778,2
41779,2
41780,2
41781,2
41782,2
41783,2
41784,2
41785,2
41786,2
41787,2
41788,2
41789,2
41790,8
41791,2
41792,2
41793,2
41794,2
41795,2
41796,2
41797,2
41798,2
41799,2
41800,2
41801,2
41802,2
41803,2
41804,2
41805,2
41806,2
41807,2
41808,2
41809,2
41810,2
41811,8
41812,2
41813,2
41814,2
41815,2
41816,2
41817,8
41818,8
41819,8
41820,8
41821,8
41822,8
41823,5
41824,5
41825,8
41826,5
41827,8
41828,8
41829,8
41830,8
41831,5
41832,8
41833,5
41834,6
41835,6
41836,7
41837,7
41838,7
41839,7
41840,5
41841,6
41842,7
41843,7
41844,6
41845,5
41846,6
41847,7
41848,7
41849,7
41850,5
41851,6
41852,6
41853,7
41854,7
41855,7
41856,7
41857,6
41858,5
41859,5
41860,5
41861,5
41862,8
41863,8
41864,8
41865,8
41866,8
41867,8
41868,8
41869,8
41870,8
41871,8
41872,5
41873,5
41874,5
41875,8
41876,8
41877,8
41878,8
41879,8
41880,8
41881,8
41882,5
41883,5
41884,5
41885,2
41886,1
41887,1
41888,1
41889,2
41890,1
41891,1
41892,2
41893,2
41894,1
41895,2
41896,1
41897,1
41898,2
41899,2
41900,1
41901,4
41902,1
41903,4
41904,1
41905,1
41906,4
41907,1
41908,4
41909,1
41910,4
41911,4
41912,4
41913,1
41914,1
41915,1
41916,1
41917,1
41918,1
41919,4
41920,4
41921,1
41922,1
41923,1
41924,1
41925,1
41926,1
41927,1
41928,1
41929,1
41930,1
41931,1
41932,1
41933,1
41934,1
41935,1
41936,1
41937,1
41938,1
41939,1
41940,4
41941,4
41942,1
41943,1
41944,1
41945,1
41946,1
41947,1
41948,1
41949,1
41950,1
41951,4
41952,1
41953,1
41954,1
41955,1
41956,1
41957,1
41958,1
41959,1
41960,1
41961,1
41962,1
41963,1
41964,1
41965,1
41966,1
41967,4
41968,4
41969,1
41970,4
41971,1
41972,1
41973,1
41974,1
41975,1
41976,1
41977,1
41978,1
41979,1
41980,1
41981,1
41982,1
41983,1
41984,1
41985,1
41986,1
41987,1
41988,1
41989,1
41990,1
41991,1
41992,4
41993,1
41994,1
41995,1
41996,1
41997,1
41998,1
41999,1
42000,1
42001,1
42002,1
42003,1
42004,1
42005,1
42006,1
42007,1
42008,1
42009,1
42010,1
42011,1
42012,1
42013,1
42014,4
42015,1
42016,1
42017,1
42018,4
42019,1
42020,1
42021,1
42022,1
42023,1
42024,4
42025,1
42026,1
42027,1
42028,1
42029,1
42030,1
42031,1
42032,1
42033,1
42034,1
42035,1
42036,1
42037,1
42038,1
42039,1
42040,1
42041,1
42042,1
42043,4
42044,1
42045,1
42046,1
42047,1
42048,4
42049,1
42050,1
42051,1
42052,1
42053,1
42054,1
42055,1
42056,1
42057,1
42058,1
42059,1
42060,1
42061,1
42062,1
42063,1
42064,1
42065,1
42066,1
42067,1
42068,1
42069,4
42070,5
42071,5
42072,5
42073,5
42074,5
42075,5
42076,5
42077,5
42078,5
42079,5
42080,5
42081,5
42082,5
42083,5
42084,5
42085,2
42086,2
42087,8
42088,8
42089,8
42090,8
42091,8
42092,8
42093,8
42094,8
42095,2
42096,2
42097,2
42098,2
42099,2
42100,2
42101,2
42102,2
42103,2
42104,2
42105,2
42106,2
42107,2
42108,2
42109,2
42110,2
42111,2
42112,2
42113,2
42114,2
42115,4
42116,4
42117,4
42118,8
42119,8
42120,8
42121,8
42122,8
42123,8
42124,8
42125,8
42126,8
42127,8
42128,8
42129,8
42130,8
42131,8
42132,8
42133,8
42134,8
42135,8
42136,8
42137,8
42138,8
42139,8
42140,8
42141,8
42142,8
42143,8
42144,2
42145,2
42146,2
42147,2
42148,2
42149,2
42150,2
42151,2
42152,2
42153,2
42154,2
42155,2
42156,2
42157,2
42158,2
42159,2
42160,8
42161,8
42162,7
42163,7
42164,8
42165,2
42166,5
42167,5
42168,5
42169,5
42170,5
42171,5
42172,5
42173,5
42174,5
42175,5
42176,5
42177,5
42178,5
42179,5
42180,5
42181,5
42182,5
42183,5
42184,5
42185,5
42186,5
42187,5
42188,5
42189,5
42190,5
42191,5
42192,5
42193,5
42194,5
42195,5
42196,5
42197,5
42198,5
42199,5
42200,5
42201,5
42202,5
42203,5
42204,5
42205,5
42206,5
42207,5
42208,5
42209,5
42210,5
42211,5
42212,5
42213,5
42214,5
42215,5
42216,5
42217,5
42218,5
42219,5
42220,5
42221,5
42222,5
42223,5
42224,5
42225,5
42226,5
42227,5
42228,5
42229,5
42230,5
42231,5
42232,5
42233,5
42234,5
42235,8
42236,8
42237,7
42238,7
42239,2
42240,2
42241,2
42242,2
42243,2
42244,2
42245,2
42246,2
42247,2
42248,2
42249,2
42250,2
42251,2
42252,2
42253,2
42254,4
42255,4
42256,4
42257,4
42258,4
42259,4
42260,4
42261,4
42262,4
42263,4
42264,4
42265,4
42266,4
42267,4
42268,4
42269,4
42270,4
42271,4
42272,4
42273,4
42274,4
42275,4
42276,4
42277,4
42278,4
42279,4
42280,4
42281,4
42282,4
42283,4
42284,4
42285,4
42286,4
42287,4
42288,4
42289,4
42290,4
42291,4
42292,4
42293,4
42294,4
42295,4
42296,4
42297,4
42298,4
42299,4
42300,4
42301,4
42302,4
42303,4
42304,7
42305,7
42306,7
42307,7
42308,7
42309,7
42310,8
42311,8
42312,8
42313,8
42314,8
42315,8
42316,8
42317,8
42318,2
42319,2
42320,2
42321,2
42322,1
42323,2
42324,2
42325,2
42326,2
42327,2
42328,2
42329,2
42330,2
42331,2
42332,2
42333,2
42334,1
42335,2
42336,2
42337,2
42338,2
42339,2
42340,2
42341,2
42342,1
42343,2
42344,2
42345,2
42346,2
42347,2
42348,2
42349,2
42350,2
42351,1
42352,2
42353,2
42354,2
42355,1
42356,2
42357,2
42358,2
42359,2
42360,1
42361,2
42362,1
42363,2
42364,1
42365,1
42366,1
42367,2
42368,1
42369,2
42370,1
42371,2
42372,2
42373,2
42374,2
42375,2
42376,2
42377,2
42378,5
42379,1
42380,5
42381,5
42382,5
42383,5
42384,5
42385,5
42386,5
42387,5
42388,5
42389,5
42390,5
42391,5
42392,5
42393,1
42394,5
42395,5
42396,5
42397,5
42398,1
42399,1
42400,5
42401,5
42402,1
42403,5
42404,5
42405,5
42406,5
42407,5
42408,1
42409,5
42410,1
42411,5
42412,5
42413,1
42414,5
42415,5
42416,5
42417,5
42418,5
42419,5
42420,5
42421,1
42422,5
42423,5
42424,5
42425,1
42426,5
42427,5
42428,5
42429,5
42430,1
42431,5
42432,1
42433,5
42434,5
42435,1
42436,1
42437,1
42438,1
42439,5
42440,5
42441,5
42442,5
42443,1
42444,5
42445,5
42446,5
42447,5
42448,5
42449,5
42450,5
42451,5
42452,5
42453,1
42454,1
42455,5
42456,1
42457,5
42458,5
42459,5
42460,5
42461,5
42462,5
42463,5
42464,5
42465,5
42466,5
42467,5
42468,5
42469,5
42470,5
42471,5
42472,5
42473,5
42474,5
42475,5
42476,5
42477,5
42478,2
42479,2
42480,2
42481,2
42482,2
42483,2
42484,2
42485,2
42486,2
42487,2
42488,2
42489,2
42490,2
42491,2
42492,2
42493,2
42494,2
42495,2
42496,2
42497,2
42498,2
42499,2
42500,2
42501,2
42502,2
42503,2
42504,2
42505,2
42506,2
42507,2
42508,2
42509,2
42510,2
42511,2
42512,2
42513,2
42514,2
42515,2
42516,2
42517,2
42518,2
42519,2
42520,2
42521,2
42522,2
42523,2
42524,2
42525,2
42526,2
42527,2
42528,2
42529,2
42530,2
42531,2
42532,2
42533,2
42534,2
42535,2
42536,2
42537,2
42538,2
42539,2
42540,2
42541,2
42542,2
42543,2
42544,2
42545,2
42546,2
42547,2
42548,2
42549,2
42550,2
42551,2
42552,2
42553,2
42554,2
42555,2
42556,2
42557,2
42558,2
42559,2
42560,2
42561,2
42562,2
42563,2
42564,2
42565,2
42566,2
42567,2
42568,5
42569,2
42570,2
42571,2
42572,5
42573,2
42574,2
42575,2
42576,2
42577,5
42578,2
42579,5
42580,2
42581,2
42582,2
42583,2
42584,2
42585,2
42586,2
42587,2
42588,5
42589,5
42590,2
42591,2
42592,2
42593,2
42594,5
42595,5
42596,2
42597,2
42598,2
42599,5
42600,2
42601,2
42602,2
42603,2
42604,2
42605,2
42606,2
42607,2
42608,2
42609,2
42610,2
42611,2
42612,2
42613,2
42614,2
42615,7
42616,7
42617,2
42618,2
42619,2
42620,2
42621,2
42622,2
42623,2
42624,2
42625,2
42626,2
42627,2
42628,2
42629,2
42630,8
42631,8
42632,8
42633,8
42634,5
42635,5
42636,5
42637,5
42638,5
42639,5
42640,5
42641,5
42642,5
42643,5
42644,5
42645,5
42646,5
42647,5
42648,5
42649,5
42650,5
42651,5
42652,5
42653,5
42654,5
42655,5
42656,5
42657,8
42658,8
42659,8
42660,8
42661,5
42662,5
42663,5
42664,5
42665,5
42666,5
42667,5
42668,5
42669,5
42670,5
42671,5
42672,5
42673,5
42674,5
42675,5
42676,5
42677,5
42678,5
42679,5
42680,5
42681,5
42682,5
42683,5
42684,5
42685,5
42686,5
42687,5
42688,5
42689,5
42690,5
42691,5
42692,5
42693,5
42694,5
42695,5
42696,5
42697,5
42698,5
42699,5
42700,5
42701,5
42702,5
42703,5
42704,5
42705,5
42706,5
42707,5
42708,5
42709,5
42710,5
42711,5
42712,5
42713,5
42714,5
42715,5
42716,5
42717,5
42718,5
42719,5
42720,5
42721,5
42722,5
42723,5
42724,5
42725,5
42726,5
42727,5
42728,5
42729,5
42730,5
42731,5
42732,5
42733,5
42734,5
42735,5
42736,5
42737,5
42738,5
42739,5
42740,5
42741,5
42742,5
42743,5
42744,5
42745,5
42746,5
42747,5
42748,5
42749,5
42750,5
42751,5
42752,5
42753,5
42754,5
42755,5
42756,5
42757,5
42758,5
42759,8
42760,8
42761,8
42762,8
42763,8
42764,8
42765,4
42766,4
42767,5
42768,5
42769,2
42770,8
42771,8
42772,8
42773,8
42774,5
42775,5
42776,5
42777,5
42778,5
42779,5
42780,5
42781,5
42782,5
42783,5
42784,5
42785,5
42786,5
42787,5
42788,5
42789,5
42790,5
42791,5
42792,5
42793,5
42794,5
42795,5
42796,5
42797,5
42798,5
42799,5
42800,5
42801,5
42802,5
42803,5
42804,5
42805,5
42806,5
42807,5
42808,5
42809,5
42810,5
42811,5
42812,5
42813,5
42814,5
42815,5
42816,5
42817,5
42818,5
42819,5
42820,5
42821,5
42822,5
42823,5
42824,5
42825,5
42826,5
42827,5
42828,2
42829,2
42830,2
42831,2
42832,2
42833,2
42834,2
42835,2
42836,2
42837,2
42838,2
42839,5
42840,2
42841,2
42842,2
42843,2
42844,2
42845,2
42846,5
42847,5
42848,5
42849,5
42850,5
42851,2
42852,5
42853,2
42854,2
42855,2
42856,5
42857,2
42858,8
42859,8
42860,8
42861,8
42862,8
42863,8
42864,8
42865,7
42866,7
42867,7
42868,7
42869,7
42870,7
42871,7
42872,7
42873,7
42874,7
42875,7
42876,7
42877,7
42878,7
42879,7
42880,5
42881,5
42882,5
42883,5
42884,5
42885,5
42886,5
42887,5
42888,5
42889,5
42890,5
42891,5
42892,5
42893,5
42894,5
42895,5
42896,5
42897,5
42898,5
42899,5
42900,5
42901,4
42902,4
42903,8
42904,8
42905,8
42906,1
42907,5
42908,5
42909,5
42910,5
42911,5
42912,5
42913,5
42914,5
42915,5
42916,5
42917,5
42918,5
42919,5
42920,5
42921,5
42922,5
42923,5
42924,5
42925,5
42926,5
42927,5
42928,5
42929,5
42930,5
42931,5
42932,5
42933,5
42934,5
42935,5
42936,5
42937,5
42938,5
42939,5
42940,5
42941,5
42942,5
42943,5
42944,5
42945,5
42946,5
42947,5
42948,5
42949,5
42950,5
42951,5
42952,5
42953,5
42954,5
42955,5
42956,5
42957,5
42958,5
42959,5
42960,5
42961,5
42962,5
42963,5
42964,5
42965,5
42966,5
42967,5
42968,5
42969,5
42970,5
42971,5
42972,5
42973,5
42974,5
42975,5
42976,5
42977,5
42978,5
42979,5
42980,5
42981,5
42982,5
42983,5
42984,6
42985,6
42986,6
42987,6
42988,6
42989,8
42990,8
42991,8
42992,8
42993,8
42994,8
42995,8
42996,8
42997,8
42998,5
42999,1
43000,1
43001,1
43002,1
43003,1
43004,1
43005,1
43006,1
43007,1
43008,1
43009,1
43010,1
43011,1
43012,1
43013,1
43014,1
43015,1
43016,1
43017,1
43018,1
43019,1
43020,1
43021,1
43022,1
43023,1
43024,1
43025,7
43026,7
43027,7
43028,7
43029,7
43030,7
43031,7
43032,8
43033,8
43034,2
43035,2
43036,2
43037,2
43038,2
43039,2
43040,2
43041,2
43042,4
43043,1
43044,1
43045,1
43046,1
43047,5
43048,5
43049,5
43050,5
43051,5
43052,5
43053,5
43054,5
43055,5
43056,5
43057,5
43058,5
43059,5
43060,5
43061,5
43062,5
43063,5
43064,5
43065,5
43066,5
43067,5
43068,5
43069,5
43070,5
43071,4
43072,5
43073,5
43074,5
43075,5
43076,5
43077,5
43078,5
43079,5
43080,5
43081,1
43082,5
43083,5
43084,5
43085,5
43086,5
43087,5
43088,5
43089,5
43090,5
43091,5
43092,5
43093,5
43094,5
43095,5
43096,5
43097,5
43098,5
43099,5
43100,5
43101,5
43102,5
43103,5
43104,1
43105,5
43106,5
43107,5
43108,5
43109,5
43110,5
43111,5
43112,5
43113,5
43114,5
43115,5
43116,5
43117,5
43118,5
43119,5
43120,5
43121,5
43122,5
43123,5
43124,5
43125,5
43126,5
43127,5
43128,5
43129,5
43130,5
43131,5
43132,5
43133,5
43134,5
43135,5
43136,5
43137,5
43138,5
43139,5
43140,5
43141,5
43142,5
43143,5
43144,5
43145,5
43146,5
43147,5
43148,5
43149,5
43150,5
43151,5
43152,5
43153,5
43154,5
43155,5
43156,5
43157,5
43158,5
43159,5
43160,5
43161,5
43162,5
43163,5
43164,5
43165,5
43166,5
43167,5
43168,5
43169,5
43170,6
43171,6
43172,6
43173,6
43174,6
43175,6
43176,6
43177,5
43178,1
43179,5
43180,5
43181,1
43182,5
43183,1
43184,1
43185,5
43186,5
43187,5
43188,5
43189,1
43190,1
43191,1
43192,1
43193,1
43194,1
43195,5
43196,1
43197,1
43198,1
43199,5
43200,1
43201,5
43202,1
43203,1
43204,5
43205,5
43206,1
43207,1
43208,5
43209,5
43210,1
43211,1
43212,1
43213,5
43214,5
43215,1
43216,1
43217,5
43218,5
43219,5
43220,5
43221,1
43222,1
43223,1
43224,5
43225,1
43226,5
43227,1
43228,5
43229,1
43230,1
43231,5
43232,5
43233,5
43234,1
43235,5
43236,5
43237,5
43238,5
43239,5
43240,5
43241,5
43242,1
43243,1
43244,1
43245,5
43246,1
43247,1
43248,1
43249,1
43250,1
43251,5
43252,5
43253,1
43254,5
43255,5
43256,5
43257,1
43258,1
43259,5
43260,1
43261,5
43262,5
43263,5
43264,1
43265,1
43266,1
43267,5
43268,5
43269,1
43270,5
43271,5
43272,1
43273,1
43274,1
43275,1
43276,1
43277,5
43278,1
43279,1
43280,5
43281,5
43282,5
43283,1
43284,1
43285,1
43286,1
43287,5
43288,5
43289,5
43290,1
43291,1
43292,1
43293,1
43294,5
43295,5
43296,1
43297,5
43298,5
43299,1
43300,1
43301,1
43302,1
43303,1
43304,1
43305,1
43306,1
43307,1
43308,5
43309,1
43310,5
43311,5
43312,5
43313,5
43314,1
43315,1
43316,5
43317,5
43318,5
43319,1
43320,1
43321,5
43322,5
43323,5
43324,1
43325,1
43326,5
43327,1
43328,5
43329,5
43330,5
43331,5
43332,5
43333,1
43334,5
43335,5
43336,5
43337,5
43338,1
43339,1
43340,5
43341,5
43342,5
43343,1
43344,1
43345,1
43346,5
43347,5
43348,1
43349,1
43350,5
43351,1
43352,1
43353,1
43354,1
43355,1
43356,1
43357,5
43358,5
43359,1
43360,1
43361,1
43362,5
43363,5
43364,1
43365,1
43366,5
43367,5
43368,1
43369,5
43370,1
43371,5
43372,1
43373,1
43374,5
43375,5
43376,5
43377,1
43378,1
43379,5
43380,5
43381,1
43382,1
43383,1
43384,1
43385,1
43386,5
43387,1
43388,1
43389,5
43390,5
43391,5
43392,5
43393,1
43394,1
43395,1
43396,5
43397,5
43398,1
43399,5
43400,5
43401,1
43402,5
43403,1
43404,5
43405,5
43406,1
43407,5
43408,5
43409,5
43410,5
43411,1
43412,5
43413,5
43414,1
43415,1
43416,1
43417,1
43418,1
43419,1
43420,1
43421,5
43422,1
43423,5
43424,5
43425,1
43426,5
43427,1
43428,5
43429,5
43430,5
43431,5
43432,1
43433,5
43434,1
43435,5
43436,1
43437,1
43438,5
43439,1
43440,1
43441,5
43442,1
43443,1
43444,1
43445,5
43446,1
43447,1
43448,5
43449,1
43450,5
43451,5
43452,5
43453,5
43454,5
43455,5
43456,5
43457,5
43458,5
43459,1
43460,5
43461,5
43462,5
43463,1
43464,1
43465,1
43466,5
43467,1
43468,5
43469,5
43470,1
43471,5
43472,5
43473,5
43474,1
43475,1
43476,5
43477,5
43478,5
43479,5
43480,5
43481,1
43482,1
43483,1
43484,5
43485,5
43486,1
43487,1
43488,5
43489,5
43490,5
43491,1
43492,1
43493,5
43494,5
43495,5
43496,5
43497,1
43498,5
43499,5
43500,1
43501,1
43502,5
43503,1
43504,1
43505,5
43506,1
43507,5
43508,5
43509,1
43510,5
43511,1
43512,1
43513,1
43514,5
43515,1
43516,1
43517,1
43518,1
43519,5
43520,5
43521,5
43522,5
43523,5
43524,5
43525,1
43526,5
43527,1
43528,1
43529,5
43530,1
43531,1
43532,1
43533,1
43534,1
43535,1
43536,1
43537,5
43538,1
43539,5
43540,1
43541,5
43542,5
43543,5
43544,5
43545,5
43546,1
43547,8
43548,8
43549,8
43550,8
43551,8
43552,8
43553,8
43554,8
43555,8
43556,8
43557,8
43558,8
43559,8
43560,8
43561,8
43562,8
43563,8
43564,8
43565,8
43566,8
43567,8
43568,8
43569,8
43570,8
43571,8
43572,8
43573,8
43574,8
43575,8
43576,8
43577,8
43578,8
43579,8
43580,8
43581,8
43582,8
43583,8
43584,8
43585,8
43586,8
43587,8
43588,8
43589,8
43590,8
43591,8
43592,8
43593,8
43594,8
43595,8
43596,8
43597,8
43598,8
43599,8
43600,8
43601,8
43602,8
43603,8
43604,8
43605,8
43606,8
43607,8
43608,8
43609,8
43610,8
43611,8
43612,8
43613,8
43614,8
43615,8
43616,8
43617,8
43618,8
43619,8
43620,8
43621,8
43622,8
43623,8
43624,8
43625,8
43626,8
43627,8
43628,8
43629,8
43630,8
43631,8
43632,8
43633,8
43634,8
43635,8
43636,8
43637,8
43638,8
43639,8
43640,8
43641,8
43642,8
43643,8
43644,8
43645,8
43646,8
43647,7
43648,7
43649,7
43650,7
43651,7
43652,7
43653,7
43654,7
43655,7
43656,7
43657,7
43658,7
43659,7
43660,7
43661,7
43662,7
43663,7
43664,7
43665,7
43666,7
43667,7
43668,7
43669,7
43670,7
43671,7
43672,7
43673,7
43674,7
43675,7
43676,7
43677,7
43678,7
43679,7
43680,7
43681,7
43682,7
43683,7
43684,7
43685,7
43686,7
43687,7
43688,7
43689,7
43690,8
43691,8
43692,8
43693,8
43694,8
43695,8
43696,8
43697,8
43698,8
43699,8
43700,8
43701,8
43702,8
43703,8
43704,8
43705,8
43706,8
43707,8
43708,8
43709,8
43710,8
43711,8
43712,8
43713,8
43714,8
43715,8
43716,8
43717,8
43718,8
43719,8
43720,8
43721,8
43722,8
43723,8
43724,8
43725,8
43726,8
43727,8
43728,8
43729,8
43730,8
43731,8
43732,8
43733,8
43734,8
43735,8
43736,8
43737,8
43738,8
43739,8
43740,8
43741,8
43742,8
43743,8
43744,8
43745,8
43746,8
43747,8
43748,8
43749,8
43750,8
43751,8
43752,8
43753,2
43754,8
43755,8
43756,8
43757,8
43758,8
43759,8
43760,8
43761,8
43762,8
43763,8
43764,8
43765,8
43766,8
43767,8
43768,8
43769,8
43770,8
43771,8
43772,8
43773,8
43774,8
43775,8
43776,8
43777,8
43778,8
43779,8
43780,8
43781,8
43782,8
43783,8
43784,8
43785,8
43786,8
43787,8
43788,8
43789,8
43790,8
43791,8
43792,8
43793,8
43794,8
43795,8
43796,8
43797,7
43798,7
43799,8
43800,8
43801,8
43802,8
43803,8
43804,8
43805,8
43806,8
43807,8
43808,8
43809,8
43810,8
43811,8
43812,8
43813,8
43814,8
43815,5
43816,5
43817,5
43818,5
43819,5
43820,5
43821,5
43822,5
43823,5
43824,5
43825,5
43826,5
43827,5
43828,5
43829,5
43830,5
43831,5
43832,5
43833,5
43834,5
43835,5
43836,5
43837,5
43838,5
43839,5
43840,5
43841,5
43842,5
43843,5
43844,5
43845,5
43846,5
43847,5
43848,5
43849,5
43850,5
43851,5
43852,5
43853,5
43854,5
43855,5
43856,2
43857,1
43858,2
43859,1
43860,1
43861,1
43862,2
43863,7
43864,7
43865,7
43866,7
43867,7
43868,7
43869,7
43870,7
43871,7
43872,7
43873,7
43874,7
43875,7
43876,2
43877,2
43878,2
43879,2
43880,2
43881,2
43882,2
43883,2
43884,2
43885,2
43886,2
43887,2
43888,2
43889,2
43890,2
43891,1
43892,2
43893,2
43894,1
43895,1
43896,2
43897,2
43898,1
43899,2
43900,2
43901,2
43902,2
43903,2
43904,1
43905,2
43906,2
43907,1
43908,2
43909,1
43910,2
43911,1
43912,1
43913,2
43914,1
43915,2
43916,1
43917,1
43918,2
43919,2
43920,2
43921,2
43922,2
43923,1
43924,1
43925,2
43926,2
43927,2
43928,1
43929,2
43930,2
43931,2
43932,2
43933,1
43934,1
43935,2
43936,2
43937,1
43938,2
43939,2
43940,2
43941,2
43942,2
43943,2
43944,2
43945,1
43946,2
43947,2
43948,1
43949,2
43950,1
43951,2
43952,1
43953,1
43954,2
43955,1
43956,2
43957,2
43958,2
43959,2
43960,2
43961,2
43962,2
43963,2
43964,2
43965,2
43966,2
43967,2
43968,1
43969,2
43970,2
43971,2
43972,2
43973,1
43974,2
43975,1
43976,2
43977,1
43978,1
43979,1
43980,1
43981,2
43982,2
43983,2
43984,2
43985,2
43986,2
43987,2
43988,1
43989,2
43990,2
43991,2
43992,1
43993,2
43994,2
43995,2
43996,1
43997,1
43998,2
43999,1
44000,2
44001,2
44002,2
44003,2
44004,2
44005,2
44006,2
44007,5
44008,5
44009,5
44010,2
44011,5
44012,5
44013,5
44014,5
44015,5
44016,5
44017,2
44018,2
44019,5
44020,5
44021,5
44022,2
44023,5
44024,5
44025,2
44026,2
44027,2
44028,2
44029,5
44030,2
44031,5
44032,5
44033,5
44034,5
44035,5
44036,5
44037,5
44038,5
44039,5
44040,5
44041,5
44042,2
44043,5
44044,5
44045,5
44046,2
44047,5
44048,5
44049,5
44050,5
44051,5
44052,2
44053,2
44054,5
44055,2
44056,5
44057,5
44058,5
44059,2
44060,2
44061,5
44062,5
44063,5
44064,5
44065,2
44066,5
44067,5
44068,5
44069,5
44070,5
44071,5
44072,5
44073,5
44074,5
44075,2
44076,5
44077,5
44078,5
44079,5
44080,2
44081,2
44082,5
44083,5
44084,2
44085,5
44086,5
44087,5
44088,5
44089,2
44090,2
44091,5
44092,5
44093,2
44094,5
44095,2
44096,5
44097,5
44098,5
44099,5
44100,5
44101,5
44102,2
44103,5
44104,5
44105,2
44106,5
44107,5
44108,2
44109,5
44110,2
44111,5
44112,5
44113,5
44114,5
44115,5
44116,2
44117,5
44118,2
44119,5
44120,5
44121,5
44122,5
44123,5
44124,5
44125,2
44126,2
44127,5
44128,2
44129,5
44130,5
44131,2
44132,5
44133,5
44134,5
44135,5
44136,5
44137,2
44138,2
44139,2
44140,2
44141,8
44142,2
44143,2
44144,2
44145,2
44146,2
44147,2
44148,2
44149,2
44150,2
44151,2
44152,2
44153,2
44154,2
44155,7
44156,7
44157,7
44158,7
44159,7
44160,7
44161,7
44162,7
44163,7
44164,7
44165,7
44166,7
44167,7
44168,7
44169,7
44170,7
44171,7
44172,7
44173,7
44174,7
44175,7
44176,7
44177,7
44178,7
44179,7
44180,7
44181,7
44182,7
44183,5
44184,8
44185,8
44186,8
44187,8
44188,2
44189,2
44190,2
44191,5
44192,5
44193,2
44194,2
44195,5
44196,2
44197,2
44198,2
44199,2
44200,2
44201,2
44202,2
44203,2
44204,2
44205,2
44206,2
44207,2
44208,2
44209,2
44210,2
44211,2
44212,2
44213,2
44214,5
44215,2
44216,5
44217,5
44218,5
44219,5
44220,2
44221,5
44222,2
44223,2
44224,2
44225,5
44226,5
44227,1
44228,2
44229,2
44230,2
44231,2
44232,1
44233,1
44234,2
44235,2
44236,2
44237,2
44238,2
44239,2
44240,2
44241,2
44242,2
44243,2
44244,1
44245,2
44246,2
44247,2
44248,1
44249,1
44250,2
44251,2
44252,2
44253,2
44254,1
44255,2
44256,1
44257,2
44258,2
44259,2
44260,2
44261,2
44262,2
44263,2
44264,2
44265,2
44266,2
44267,2
44268,2
44269,2
44270,2
44271,2
44272,2
44273,2
44274,2
44275,2
44276,5
44277,5
44278,5
44279,5
44280,5
44281,5
44282,5
44283,5
44284,5
44285,5
44286,5
44287,5
44288,5
44289,5
44290,5
44291,5
44292,5
44293,5
44294,5
44295,5
44296,5
44297,5
44298,5
44299,5
44300,2
44301,2
44302,5
44303,5
44304,5
44305,5
44306,5
44307,5
44308,5
44309,5
44310,5
44311,5
44312,5
44313,5
44314,5
44315,5
44316,5
44317,5
44318,5
44319,5
44320,5
44321,5
44322,5
44323,5
44324,5
44325,5
44326,5
44327,5
44328,5
44329,5
44330,5
44331,5
44332,5
44333,5
44334,5
44335,5
44336,5
44337,5
44338,5
44339,5
44340,5
44341,5
44342,5
44343,5
44344,8
44345,8
44346,8
44347,8
44348,8
44349,8
44350,7
44351,7
44352,7
44353,8
44354,8
44355,8
44356,8
44357,8
44358,8
44359,8
44360,8
44361,8
44362,8
44363,8
44364,8
44365,8
44366,8
44367,8
44368,8
44369,8
44370,8
44371,8
44372,8
44373,8
44374,8
44375,8
44376,8
44377,8
44378,8
44379,8
44380,8
44381,8
44382,8
44383,8
44384,8
44385,8
44386,8
44387,8
44388,8
44389,8
44390,8
44391,8
44392,8
44393,8
44394,8
44395,8
44396,8
44397,8
44398,8
44399,8
44400,8
44401,8
44402,4
44403,4
44404,4
44405,4
44406,4
44407,4
44408,4
44409,4
44410,4
44411,4
44412,1
44413,4
44414,4
44415,4
44416,4
44417,5
44418,5
44419,5
44420,5
44421,5
44422,5
44423,5
44424,5
44425,5
44426,5
44427,5
44428,8
44429,8
44430,8
44431,8
44432,8
44433,8
44434,8
44435,8
44436,8
44437,8
44438,8
44439,8
44440,8
44441,8
44442,8
44443,8
44444,8
44445,8
44446,8
44447,8
44448,8
44449,8
44450,8
44451,8
44452,8
44453,8
44454,8
44455,8
44456,8
44457,8
44458,8
44459,8
44460,8
44461,8
44462,8
44463,8
44464,8
44465,8
44466,8
44467,8
44468,8
44469,8
44470,8
44471,8
44472,8
44473,8
44474,8
44475,8
44476,8
44477,8
44478,8
44479,8
44480,8
44481,8
44482,8
44483,8
44484,8
44485,8
44486,8
44487,8
44488,8
44489,8
44490,8
44491,8
44492,8
44493,8
44494,8
44495,8
44496,8
44497,8
44498,8
44499,8
44500,8
44501,8
44502,8
44503,8
44504,8
44505,8
44506,8
44507,8
44508,8
44509,8
44510,8
44511,8
44512,8
44513,8
44514,8
44515,8
44516,8
44517,8
44518,8
44519,8
44520,8
44521,8
44522,8
44523,8
44524,8
44525,8
44526,8
44527,8
44528,8
44529,8
44530,8
44531,8
44532,8
44533,8
44534,8
44535,8
44536,8
44537,8
44538,8
44539,8
44540,8
44541,8
44542,8
44543,8
44544,8
44545,8
44546,8
44547,8
44548,8
44549,8
44550,8
44551,8
44552,8
44553,8
44554,8
44555,8
44556,8
44557,8
44558,8
44559,8
44560,8
44561,8
44562,8
44563,8
44564,8
44565,8
44566,8
44567,8
44568,8
44569,8
44570,8
44571,8
44572,8
44573,8
44574,8
44575,8
44576,8
44577,8
44578,8
44579,8
44580,7
44581,7
44582,2
44583,2
44584,2
44585,2
44586,4
44587,7
44588,6
44589,5
44590,5
44591,5
44592,5
44593,6
44594,5
44595,5
44596,5
44597,5
44598,5
44599,6
44600,5
44601,6
44602,5
44603,5
44604,6
44605,5
44606,5
44607,2
44608,4
44609,8
44610,8
44611,8
44612,8
44613,8
44614,8
44615,8
44616,8
44617,8
44618,8
44619,8
44620,8
44621,8
44622,8
44623,8
44624,8
44625,8
44626,8
44627,8
44628,8
44629,8
44630,8
44631,8
44632,8
44633,8
44634,8
44635,8
44636,8
44637,8
44638,8
44639,8
44640,8
44641,8
44642,8
44643,8
44644,8
44645,8
44646,6
44647,6
44648,5
44649,5
44650,2
44651,2
44652,2
44653,4
44654,4
44655,4
44656,4
44657,4
44658,4
44659,1
44660,4
44661,1
44662,1
44663,4
44664,1
44665,8
44666,2
44667,2
44668,2
44669,2
44670,2
44671,2
44672,4
44673,4
44674,4
44675,4
44676,4
44677,4
44678,4
44679,4
44680,4
44681,4
44682,4
44683,4
44684,4
44685,4
44686,4
44687,4
44688,4
44689,4
44690,4
44691,4
44692,4
44693,4
44694,4
44695,4
44696,4
44697,2
44698,2
44699,2
44700,2
44701,2
44702,2
44703,2
44704,2
44705,2
44706,2
44707,2
44708,2
44709,1
44710,1
44711,1
44712,1
44713,1
44714,2
44715,1
44716,1
44717,2
44718,1
44719,2
44720,1
44721,2
44722,1
44723,1
44724,1
44725,8
44726,8
44727,8
44728,8
44729,8
44730,8
44731,8
44732,8
44733,8
44734,8
44735,8
44736,8
44737,8
44738,5
44739,5
44740,5
44741,5
44742,5
44743,5
44744,5
44745,5
44746,5
44747,5
44748,5
44749,5
44750,5
44751,5
44752,5
44753,5
44754,8
44755,8
44756,8
44757,8
44758,8
44759,8
44760,8
44761,8
44762,5
44763,5
44764,5
44765,5
44766,5
44767,5
44768,5
44769,5
44770,5
44771,5
44772,5
44773,4
44774,4
44775,7
44776,8
44777,8
44778,2
44779,2
44780,2
44781,2
44782,2
44783,2
44784,2
44785,2
44786,2
44787,2
44788,2
44789,2
44790,2
44791,2
44792,2
44793,2
44794,8
44795,8
44796,8
44797,1
44798,1
44799,1
44800,2
44801,2
44802,2
44803,1
44804,2
44805,1
44806,2
44807,2
44808,1
44809,1
44810,2
44811,2
44812,1
44813,2
44814,1
44815,2
44816,1
44817,2
44818,2
44819,1
44820,2
44821,2
44822,2
44823,2
44824,1
44825,1
44826,1
44827,2
44828,2
44829,1
44830,1
44831,2
44832,2
44833,1
44834,2
44835,2
44836,5
44837,5
44838,5
44839,5
44840,5
44841,5
44842,5
44843,5
44844,5
44845,5
44846,5
44847,5
44848,5
44849,5
44850,5
44851,5
44852,5
44853,5
44854,5
44855,5
44856,5
44857,5
44858,5
44859,5
44860,5
44861,5
44862,5
44863,5
44864,5
44865,5
44866,5
44867,5
44868,5
44869,5
44870,5
44871,5
44872,5
44873,5
44874,5
44875,5
44876,5
44877,5
44878,5
44879,5
44880,5
44881,5
44882,5
44883,5
44884,5
44885,5
44886,5
44887,5
44888,5
44889,5
44890,5
44891,5
44892,5
44893,5
44894,5
44895,5
44896,5
44897,5
44898,5
44899,7
44900,4
44901,8
44902,8
44903,8
44904,8
44905,8
44906,8
44907,8
44908,4
44909,4
44910,2
44911,6
44912,6
44913,6
44914,6
44915,6
44916,8
44917,8
44918,8
44919,8
44920,8
44921,8
44922,8
44923,8
44924,8
44925,8
44926,8
44927,8
44928,8
44929,8
44930,8
44931,8
44932,8
44933,8
44934,8
44935,8
44936,8
44937,8
44938,8
44939,8
44940,8
44941,8
44942,8
44943,8
44944,8
44945,8
44946,8
44947,5
44948,4
44949,4
44950,8
44951,8
44952,8
44953,7
44954,7
44955,2
44956,2
44957,7
44958,2
44959,2
44960,7
44961,2
44962,2
44963,2
44964,2
44965,2
44966,2
44967,4
44968,8
44969,8
44970,4
44971,4
44972,1
44973,1
44974,8
44975,4
44976,8
44977,8
44978,4
44979,4
44980,4
44981,4
44982,4
44983,8
44984,8
44985,1
44986,4
44987,4
44988,4
44989,4
44990,4
44991,4
44992,2
44993,2
44994,2
44995,2
44996,2
44997,2
44998,2
44999,2
45000,2
45001,2
45002,2
45003,2
45004,2
45005,2
45006,4
45007,4
45008,7
45009,7
45010,7
45011,7
45012,7
45013,7
45014,7
45015,7
45016,7
45017,7
45018,7
45019,7
45020,7
45021,7
45022,7
45023,7
45024,7
45025,7
45026,7
45027,7
45028,7
45029,7
45030,7
45031,8
45032,8
45033,8
45034,8
45035,8
45036,8
45037,8
45038,8
45039,8
45040,8
45041,8
45042,8
45043,8
45044,8
45045,8
45046,8
45047,8
45048,8
45049,8
45050,8
45051,8
45052,8
45053,8
45054,8
45055,8
45056,8
45057,8
45058,8
45059,8
45060,8
45061,8
45062,8
45063,8
45064,8
45065,8
45066,8
45067,8
45068,8
45069,8
45070,8
45071,8
45072,8
45073,8
45074,8
45075,8
45076,8
45077,8
45078,8
45079,8
45080,8
45081,8
45082,8
45083,8
45084,8
45085,1
45086,1
45087,1
45088,1
45089,1
45090,1
45091,1
45092,5
45093,5
45094,5
45095,5
45096,5
45097,5
45098,5
45099,5
45100,5
45101,5
45102,5
45103,5
45104,5
45105,5
45106,5
45107,2
45108,2
45109,2
45110,2
45111,2
45112,2
45113,2
45114,2
45115,2
45116,2
45117,2
45118,2
45119,2
45120,2
45121,2
45122,2
45123,2
45124,2
45125,2
45126,2
45127,2
45128,2
45129,2
45130,2
45131,2
45132,2
45133,2
45134,2
45135,2
45136,2
45137,2
45138,5
45139,5
45140,5
45141,5
45142,5
45143,5
45144,5
45145,5
45146,5
45147,5
45148,5
45149,5
45150,5
45151,5
45152,5
45153,5
45154,5
45155,1
45156,7
45157,7
45158,7
45159,7
45160,1
45161,7
45162,7
45163,7
45164,7
45165,7
45166,7
45167,7
45168,2
45169,2
45170,2
45171,4
45172,4
45173,4
45174,4
45175,4
45176,4
45177,4
45178,4
45179,4
45180,4
45181,4
45182,4
45183,4
45184,4
45185,4
45186,4
45187,4
45188,4
45189,4
45190,4
45191,4
45192,4
45193,4
45194,4
45195,4
45196,4
45197,4
45198,4
45199,4
45200,4
45201,4
45202,4
45203,4
45204,4
45205,4
45206,4
45207,4
45208,4
45209,4
45210,4
45211,4
45212,4
45213,4
45214,4
45215,5
45216,5
45217,5
45218,5
45219,5
45220,5
45221,2
45222,5
45223,1
45224,4
45225,4
45226,4
45227,6
45228,6
45229,6
45230,6
45231,6
45232,8
45233,8
45234,8
45235,8
45236,8
45237,8
45238,8
45239,8
45240,8
45241,8
45242,8
45243,8
45244,8
45245,8
45246,8
45247,8
45248,8
45249,8
45250,8
45251,8
45252,6
45253,8
45254,8
45255,8
45256,8
45257,8
45258,8
45259,8
45260,8
45261,8
45262,8
45263,8
45264,8
45265,8
45266,8
45267,8
45268,8
45269,8
45270,8
45271,8
45272,8
45273,8
45274,8
45275,8
45276,8
45277,8
45278,8
45279,2
45280,2
45281,5
45282,4
45283,4
45284,4
45285,4
45286,4
45287,4
45288,4
45289,4
45290,4
45291,4
45292,4
45293,4
45294,4
45295,4
45296,4
45297,4
45298,4
45299,4
45300,4
45301,5
45302,5
45303,5
45304,5
45305,5
45306,5
45307,5
45308,5
45309,5
45310,4
45311,4
45312,4
45313,1
45314,4
45315,4
45316,4
45317,4
45318,4
45319,4
45320,4
45321,4
45322,4
45323,6
45324,6
45325,5
45326,5
45327,5
45328,5
45329,5
45330,5
45331,5
45332,5
45333,5
45334,6
45335,6
45336,6
45337,6
45338,6
45339,5
45340,7
45341,7
45342,7
45343,7
45344,7
45345,7
45346,7
45347,7
45348,7
45349,7
45350,7
45351,7
45352,7
45353,7
45354,7
45355,7
45356,7
45357,7
45358,7
45359,7
45360,7
45361,7
45362,7
45363,7
45364,7
45365,7
45366,7
45367,7
45368,7
45369,7
45370,7
45371,7
45372,7
45373,7
45374,7
45375,7
45376,7
45377,7
45378,7
45379,7
45380,7
45381,7
45382,7
45383,7
45384,7
45385,7
45386,7
45387,7
45388,7
45389,7
45390,7
45391,7
45392,7
45393,7
45394,7
45395,7
45396,2
45397,2
45398,2
45399,2
45400,2
45401,2
45402,2
45403,2
45404,2
45405,2
45406,2
45407,2
45408,7
45409,7
45410,7
45411,7
45412,7
45413,7
45414,7
45415,7
45416,7
45417,7
45418,7
45419,7
45420,7
45421,7
45422,7
45423,7
45424,7
45425,7
45426,7
45427,7
45428,7
45429,7
45430,7
45431,7
45432,7
45433,7
45434,7
45435,7
45436,7
45437,7
45438,7
45439,7
45440,7
45441,7
45442,8
45443,8
45444,8
45445,8
45446,8
45447,8
45448,8
45449,8
45450,8
45451,4
45452,4
45453,4
45454,4
45455,4
45456,4
45457,4
45458,4
45459,4
45460,4
45461,4
45462,4
45463,4
45464,4
45465,4
45466,4
45467,4
45468,4
45469,4
45470,4
45471,4
45472,4
45473,4
45474,4
45475,4
45476,8
45477,8
45478,4
45479,4
45480,8
45481,5
45482,2
45483,5
45484,5
45485,2
45486,5
45487,5
45488,2
45489,2
45490,2
45491,2
45492,2
45493,2
45494,2
45495,2
45496,2
45497,2
45498,2
45499,7
45500,7
45501,7
45502,7
45503,7
45504,7
45505,7
45506,7
45507,7
45508,7
45509,7
45510,7
45511,7
45512,7
45513,7
45514,7
45515,7
45516,5
45517,5
45518,5
45519,5
45520,5
45521,5
45522,4
45523,4
45524,4
45525,4
45526,4
45527,4
45528,4
45529,4
45530,4
45531,4
45532,4
45533,4
45534,4
45535,4
45536,4
45537,4
45538,4
45539,4
45540,5
45541,5
45542,5
45543,5
45544,5
45545,4
45546,5
45547,5
45548,4
45549,5
45550,5
45551,5
45552,5
45553,5
45554,5
45555,5
45556,5
45557,5
45558,5
45559,5
45560,8
45561,8
45562,8
45563,8
45564,8
45565,8
45566,5
45567,5
45568,5
45569,5
45570,8
45571,8
45572,5
45573,5
45574,5
45575,5
45576,5
45577,5
45578,5
45579,5
45580,5
45581,5
45582,5
45583,5
45584,5
45585,5
45586,5
45587,5
45588,5
45589,5
45590,5
45591,5
45592,5
45593,5
45594,5
45595,5
45596,5
45597,5
45598,5
45599,5
45600,5
45601,5
45602,5
45603,5
45604,5
45605,5
45606,5
45607,5
45608,5
45609,5
45610,5
45611,5
45612,5
45613,5
45614,5
45615,5
45616,5
45617,5
45618,5
45619,5
45620,5
45621,5
45622,5
45623,5
45624,5
45625,5
45626,5
45627,5
45628,5
45629,5
45630,5
45631,5
45632,5
45633,5
45634,5
45635,5
45636,5
45637,5
45638,5
45639,5
45640,5
45641,5
45642,5
45643,5
45644,5
45645,5
45646,5
45647,5
45648,5
45649,5
45650,5
45651,5
45652,5
45653,5
45654,5
45655,5
45656,5
45657,5
45658,5
45659,5
45660,5
45661,5
45662,5
45663,5
45664,5
45665,5
45666,5
45667,5
45668,5
45669,5
45670,5
45671,5
45672,5
45673,5
45674,5
45675,5
45676,5
45677,5
45678,5
45679,5
45680,5
45681,5
45682,5
45683,5
45684,5
45685,5
45686,5
45687,5
45688,5
45689,5
45690,5
45691,5
45692,5
45693,5
45694,5
45695,5
45696,5
45697,5
45698,5
45699,5
45700,5
45701,5
45702,5
45703,5
45704,5
45705,5
45706,5
45707,5
45708,5
45709,5
45710,5
45711,5
45712,5
45713,5
45714,5
45715,5
45716,5
45717,5
45718,5
45719,5
45720,5
45721,5
45722,5
45723,5
45724,5
45725,5
45726,5
45727,5
45728,5
45729,5
45730,5
45731,5
45732,5
45733,5
45734,5
45735,5
45736,5
45737,5
45738,5
45739,5
45740,5
45741,5
45742,5
45743,5
45744,5
45745,5
45746,5
45747,5
45748,5
45749,5
45750,5
45751,5
45752,5
45753,5
45754,5
45755,5
45756,5
45757,5
45758,5
45759,5
45760,5
45761,5
45762,5
45763,5
45764,5
45765,5
45766,5
45767,5
45768,5
45769,5
45770,5
45771,5
45772,5
45773,5
45774,5
45775,5
45776,5
45777,5
45778,5
45779,5
45780,5
45781,5
45782,5
45783,5
45784,5
45785,5
45786,5
45787,5
45788,5
45789,5
45790,5
45791,5
45792,5
45793,5
45794,5
45795,5
45796,5
45797,5
45798,5
45799,5
45800,5
45801,5
45802,5
45803,5
45804,5
45805,5
45806,5
45807,5
45808,5
45809,5
45810,5
45811,5
45812,5
45813,5
45814,5
45815,5
45816,5
45817,5
45818,5
45819,5
45820,5
45821,5
45822,5
45823,5
45824,5
45825,5
45826,5
45827,5
45828,5
45829,5
45830,1
45831,1
45832,1
45833,1
45834,1
45835,1
45836,1
45837,1
45838,1
45839,1
45840,1
45841,1
45842,1
45843,1
45844,1
45845,1
45846,1
45847,1
45848,1
45849,1
45850,1
45851,1
45852,1
45853,1
45854,1
45855,1
45856,1
45857,5
45858,1
45859,5
45860,1
45861,1
45862,1
45863,1
45864,1
45865,1
45866,1
45867,1
45868,5
45869,1
45870,1
45871,5
45872,1
45873,5
45874,5
45875,1
45876,1
45877,1
45878,1
45879,1
45880,1
45881,5
45882,5
45883,1
45884,1
45885,5
45886,1
45887,1
45888,1
45889,1
45890,1
45891,5
45892,5
45893,1
45894,1
45895,5
45896,1
45897,1
45898,1
45899,1
45900,5
45901,5
45902,1
45903,1
45904,7
45905,7
45906,2
45907,2
45908,2
45909,5
45910,5
45911,5
45912,5
45913,2
45914,5
45915,5
45916,5
45917,5
45918,5
45919,5
45920,5
45921,4
45922,4
45923,1
45924,4
45925,1
45926,1
45927,1
45928,1
45929,4
45930,1
45931,1
45932,4
45933,1
45934,1
45935,1
45936,1
45937,1
45938,1
45939,1
45940,1
45941,1
45942,1
45943,1
45944,4
45945,1
45946,1
45947,7
45948,7
45949,7
45950,1
45951,1
45952,7
45953,7
45954,7
45955,1
45956,1
45957,7
45958,1
45959,1
45960,7
45961,7
45962,4
45963,4
45964,4
45965,8
45966,4
45967,4
45968,4
45969,4
45970,6
45971,2
45972,2
45973,2
45974,2
45975,2
45976,2
45977,2
45978,8
45979,8
45980,6
45981,6
45982,6
45983,6
45984,6
45985,6
45986,6
45987,6
45988,6
45989,6
45990,6
45991,2
45992,2
45993,2
45994,2
45995,2
45996,2
45997,2
45998,2
45999,2
46000,2
46001,2
46002,2
46003,7
46004,7
46005,7
46006,7
46007,7
46008,7
46009,7
46010,8
46011,8
46012,8
46013,8
46014,8
46015,5
46016,5
46017,5
46018,5
46019,5
46020,5
46021,1
46022,5
46023,5
46024,5
46025,5
46026,5
46027,1
46028,5
46029,1
46030,5
46031,5
46032,5
46033,5
46034,1
46035,5
46036,5
46037,1
46038,5
46039,5
46040,1
46041,5
46042,5
46043,5
46044,5
46045,5
46046,5
46047,5
46048,5
46049,5
46050,5
46051,5
46052,5
46053,5
46054,5
46055,2
46056,2
46057,2
46058,6
46059,6
46060,4
46061,4
46062,4
46063,4
46064,5
46065,4
46066,4
46067,5
46068,5
46069,4
46070,4
46071,4
46072,4
46073,4
46074,4
46075,4
46076,4
46077,4
46078,4
46079,4
46080,4
46081,4
46082,2
46083,2
46084,8
46085,8
46086,2
46087,8
46088,8
46089,8
46090,8
46091,8
46092,8
46093,8
46094,8
46095,8
46096,8
46097,5
46098,5
46099,5
46100,5
46101,5
46102,1
46103,5
46104,5
46105,5
46106,5
46107,5
46108,5
46109,5
46110,5
46111,5
46112,5
46113,5
46114,1
46115,1
46116,5
46117,5
46118,5
46119,5
46120,5
46121,5
46122,7
46123,5
46124,5
46125,5
46126,1
46127,7
46128,7
46129,5
46130,5
46131,5
46132,5
46133,5
46134,5
46135,5
46136,5
46137,1
46138,1
46139,5
46140,5
46141,5
46142,5
46143,1
46144,1
46145,5
46146,5
46147,5
46148,5
46149,5
46150,5
46151,1
46152,1
46153,1
46154,1
46155,5
46156,5
46157,1
46158,4
46159,4
46160,4
46161,4
46162,4
46163,4
46164,4
46165,4
46166,4
46167,4
46168,4
46169,4
46170,4
46171,4
46172,8
46173,8
46174,8
46175,8
46176,8
46177,8
46178,7
46179,7
46180,7
46181,7
46182,7
46183,7
46184,7
46185,7
46186,7
46187,7
46188,7
46189,7
46190,7
46191,8
46192,8
46193,8
46194,8
46195,8
46196,8
46197,8
46198,8
46199,8
46200,8
46201,8
46202,8
46203,8
46204,8
46205,8
46206,8
46207,8
46208,8
46209,8
46210,8
46211,8
46212,8
46213,8
46214,8
46215,8
46216,8
46217,8
46218,8
46219,8
46220,8
46221,8
46222,8
46223,8
46224,8
46225,8
46226,8
46227,8
46228,8
46229,8
46230,8
46231,8
46232,4
46233,4
46234,7
46235,7
46236,7
46237,7
46238,7
46239,7
46240,7
46241,7
46242,7
46243,7
46244,7
46245,4
46246,1
46247,5
46248,8
46249,8
46250,8
46251,8
46252,8
46253,8
46254,8
46255,8
46256,8
46257,8
46258,8
46259,8
46260,8
46261,8
46262,8
46263,8
46264,8
46265,8
46266,8
46267,8
46268,8
46269,8
46270,8
46271,8
46272,8
46273,8
46274,8
46275,8
46276,8
46277,8
46278,5
46279,5
46280,5
46281,5
46282,5
46283,5
46284,4
46285,5
46286,5
46287,5
46288,4
46289,4
46290,5
46291,5
46292,5
46293,5
46294,8
46295,8
46296,8
46297,8
46298,8
46299,8
46300,8
46301,8
46302,8
46303,8
46304,8
46305,8
46306,8
46307,8
46308,8
46309,8
46310,8
46311,8
46312,8
46313,8
46314,8
46315,8
46316,8
46317,8
46318,8
46319,8
46320,8
46321,8
46322,6
46323,6
46324,6
46325,6
46326,5
46327,5
46328,5
46329,5
46330,5
46331,5
46332,5
46333,5
46334,5
46335,5
46336,5
46337,5
46338,5
46339,5
46340,5
46341,5
46342,5
46343,5
46344,5
46345,5
46346,5
46347,5
46348,5
46349,5
46350,5
46351,5
46352,5
46353,5
46354,5
46355,5
46356,5
46357,5
46358,5
46359,5
46360,5
46361,5
46362,5
46363,5
46364,5
46365,5
46366,5
46367,5
46368,5
46369,5
46370,5
46371,5
46372,5
46373,5
46374,5
46375,5
46376,5
46377,5
46378,5
46379,5
46380,5
46381,5
46382,5
46383,5
46384,5
46385,5
46386,5
46387,5
46388,5
46389,5
46390,5
46391,5
46392,5
46393,5
46394,5
46395,5
46396,5
46397,5
46398,5
46399,5
46400,5
46401,5
46402,5
46403,5
46404,5
46405,5
46406,5
46407,5
46408,5
46409,5
46410,5
46411,5
46412,5
46413,5
46414,5
46415,4
46416,4
46417,4
46418,6
46419,6
46420,8
46421,8
46422,8
46423,8
46424,8
46425,8
46426,8
46427,8
46428,8
46429,8
46430,8
46431,8
46432,8
46433,8
46434,8
46435,8
46436,8
46437,8
46438,8
46439,8
46440,8
46441,8
46442,8
46443,8
46444,8
46445,8
46446,8
46447,8
46448,8
46449,8
46450,8
46451,8
46452,8
46453,8
46454,8
46455,8
46456,8
46457,8
46458,4
46459,8
46460,4
46461,4
46462,2
46463,2
46464,2
46465,2
46466,2
46467,7
46468,7
46469,7
46470,7
46471,7
46472,7
46473,7
46474,5
46475,5
46476,5
46477,5
46478,5
46479,5
46480,5
46481,5
46482,5
46483,5
46484,5
46485,5
46486,5
46487,5
46488,5
46489,5
46490,5
46491,5
46492,5
46493,5
46494,5
46495,5
46496,5
46497,5
46498,5
46499,5
46500,5
46501,5
46502,5
46503,5
46504,8
46505,8
46506,8
46507,8
46508,8
46509,8
46510,8
46511,8
46512,8
46513,8
46514,8
46515,8
46516,8
46517,8
46518,8
46519,8
46520,8
46521,8
46522,8
46523,8
46524,8
46525,8
46526,8
46527,8
46528,8
46529,8
46530,8
46531,8
46532,8
46533,8
46534,8
46535,8
46536,8
46537,8
46538,8
46539,8
46540,8
46541,5
46542,5
46543,5
46544,5
46545,5
46546,5
46547,5
46548,5
46549,5
46550,5
46551,5
46552,5
46553,5
46554,5
46555,5
46556,5
46557,5
46558,5
46559,5
46560,5
46561,5
46562,5
46563,5
46564,5
46565,5
46566,5
46567,5
46568,5
46569,5
46570,5
46571,5
46572,5
46573,5
46574,5
46575,5
46576,5
46577,5
46578,5
46579,5
46580,5
46581,5
46582,5
46583,5
46584,5
46585,5
46586,5
46587,5
46588,5
46589,5
46590,5
46591,5
46592,5
46593,5
46594,5
46595,5
46596,5
46597,5
46598,5
46599,5
46600,5
46601,5
46602,5
46603,5
46604,5
46605,5
46606,5
46607,5
46608,5
46609,5
46610,5
46611,5
46612,5
46613,5
46614,5
46615,5
46616,5
46617,5
46618,5
46619,5
46620,5
46621,5
46622,5
46623,5
46624,5
46625,5
46626,5
46627,5
46628,5
46629,5
46630,5
46631,5
46632,5
46633,5
46634,5
46635,5
46636,5
46637,5
46638,5
46639,5
46640,5
46641,5
46642,5
46643,5
46644,5
46645,5
46646,5
46647,5
46648,5
46649,5
46650,5
46651,5
46652,5
46653,5
46654,5
46655,5
46656,5
46657,5
46658,5
46659,5
46660,5
46661,5
46662,5
46663,5
46664,5
46665,5
46666,5
46667,5
46668,5
46669,5
46670,5
46671,5
46672,5
46673,5
46674,5
46675,5
46676,5
46677,5
46678,5
46679,5
46680,5
46681,5
46682,5
46683,5
46684,5
46685,5
46686,5
46687,5
46688,5
46689,5
46690,5
46691,5
46692,5
46693,5
46694,5
46695,5
46696,5
46697,5
46698,5
46699,5
46700,5
46701,5
46702,5
46703,5
46704,5
46705,5
46706,5
46707,5
46708,5
46709,5
46710,5
46711,5
46712,5
46713,5
46714,5
46715,5
46716,5
46717,5
46718,5
46719,5
46720,5
46721,5
46722,5
46723,5
46724,5
46725,5
46726,5
46727,5
46728,5
46729,5
46730,5
46731,5
46732,5
46733,5
46734,5
46735,5
46736,5
46737,5
46738,5
46739,5
46740,5
46741,5
46742,5
46743,5
46744,5
46745,5
46746,5
46747,5
46748,5
46749,5
46750,5
46751,5
46752,5
46753,5
46754,5
46755,5
46756,5
46757,5
46758,5
46759,5
46760,5
46761,5
46762,5
46763,5
46764,5
46765,5
46766,5
46767,5
46768,5
46769,5
46770,5
46771,5
46772,5
46773,5
46774,5
46775,5
46776,5
46777,5
46778,5
46779,5
46780,5
46781,5
46782,5
46783,5
46784,5
46785,5
46786,5
46787,5
46788,5
46789,5
46790,5
46791,5
46792,5
46793,5
46794,5
46795,5
46796,5
46797,5
46798,5
46799,5
46800,5
46801,5
46802,5
46803,5
46804,5
46805,5
46806,5
46807,5
46808,5
46809,5
46810,5
46811,5
46812,5
46813,5
46814,5
46815,5
46816,5
46817,5
46818,5
46819,5
46820,5
46821,5
46822,5
46823,5
46824,5
46825,5
46826,5
46827,5
46828,5
46829,5
46830,5
46831,5
46832,5
46833,5
46834,5
46835,5
46836,5
46837,5
46838,5
46839,5
46840,5
46841,5
46842,5
46843,5
46844,5
46845,5
46846,5
46847,5
46848,5
46849,5
46850,5
46851,5
46852,5
46853,5
46854,5
46855,5
46856,5
46857,5
46858,5
46859,5
46860,5
46861,5
46862,5
46863,5
46864,5
46865,5
46866,5
46867,5
46868,5
46869,5
46870,5
46871,5
46872,5
46873,5
46874,5
46875,5
46876,5
46877,5
46878,5
46879,5
46880,5
46881,5
46882,5
46883,5
46884,5
46885,5
46886,5
46887,5
46888,5
46889,5
46890,5
46891,5
46892,5
46893,5
46894,5
46895,5
46896,5
46897,5
46898,5
46899,5
46900,5
46901,5
46902,5
46903,5
46904,5
46905,5
46906,5
46907,5
46908,5
46909,5
46910,5
46911,5
46912,5
46913,5
46914,5
46915,5
46916,5
46917,5
46918,5
46919,5
46920,5
46921,5
46922,5
46923,5
46924,5
46925,5
46926,5
46927,5
46928,5
46929,5
46930,5
46931,5
46932,5
46933,5
46934,5
46935,5
46936,5
46937,5
46938,5
46939,5
46940,5
46941,5
46942,5
46943,5
46944,5
46945,5
46946,5
46947,5
46948,5
46949,5
46950,5
46951,5
46952,5
46953,5
46954,5
46955,5
46956,5
46957,5
46958,5
46959,5
46960,5
46961,5
46962,5
46963,5
46964,5
46965,5
46966,5
46967,5
46968,5
46969,5
46970,5
46971,5
46972,5
46973,5
46974,5
46975,5
46976,5
46977,5
46978,5
46979,5
46980,5
46981,5
46982,5
46983,5
46984,5
46985,5
46986,5
46987,5
46988,5
46989,5
46990,5
46991,5
46992,5
46993,5
46994,5
46995,5
46996,5
46997,5
46998,5
46999,5
47000,5
47001,5
47002,5
47003,5
47004,5
47005,5
47006,5
47007,5
47008,5
47009,5
47010,5
47011,5
47012,5
47013,5
47014,5
47015,5
47016,5
47017,5
47018,5
47019,5
47020,5
47021,5
47022,5
47023,5
47024,5
47025,5
47026,5
47027,5
47028,5
47029,5
47030,5
47031,5
47032,5
47033,5
47034,5
47035,5
47036,5
47037,5
47038,5
47039,5
47040,5
47041,5
47042,5
47043,5
47044,5
47045,5
47046,5
47047,5
47048,5
47049,5
47050,5
47051,5
47052,5
47053,5
47054,5
47055,5
47056,5
47057,5
47058,5
47059,5
47060,5
47061,5
47062,5
47063,5
47064,5
47065,5
47066,5
47067,5
47068,5
47069,5
47070,5
47071,5
47072,5
47073,5
47074,5
47075,5
47076,5
47077,5
47078,5
47079,5
47080,5
47081,5
47082,5
47083,5
47084,5
47085,5
47086,5
47087,5
47088,4
47089,5
47090,5
47091,5
47092,5
47093,5
47094,7
47095,7
47096,7
47097,7
47098,7
47099,7
47100,7
47101,7
47102,7
47103,7
47104,7
47105,7
47106,7
47107,7
47108,7
47109,7
47110,7
47111,7
47112,7
47113,7
47114,7
47115,7
47116,7
47117,7
47118,7
47119,7
47120,7
47121,7
47122,8
47123,8
47124,7
47125,7
47126,4
47127,4
47128,4
47129,7
47130,8
47131,8
47132,1
47133,8
47134,8
47135,2
47136,4
47137,4
47138,4
47139,4
47140,4
47141,4
47142,4
47143,7
47144,8
47145,8
47146,8
47147,8
47148,8
47149,8
47150,4
47151,4
47152,4
47153,4
47154,4
47155,4
47156,4
47157,4
47158,4
47159,4
47160,4
47161,4
47162,4
47163,4
47164,4
47165,4
47166,4
47167,4
47168,4
47169,4
47170,4
47171,4
47172,4
47173,4
47174,4
47175,4
47176,4
47177,4
47178,4
47179,4
47180,4
47181,4
47182,4
47183,4
47184,4
47185,4
47186,4
47187,4
47188,5
47189,5
47190,5
47191,5
47192,5
47193,5
47194,5
47195,5
47196,5
47197,5
47198,5
47199,5
47200,5
47201,5
47202,5
47203,5
47204,5
47205,5
47206,2
47207,2
47208,2
47209,2
47210,2
47211,2
47212,2
47213,2
47214,2
47215,2
47216,2
47217,2
47218,2
47219,2
47220,2
47221,2
47222,2
47223,2
47224,2
47225,2
47226,2
47227,2
47228,2
47229,2
47230,2
47231,2
47232,2
47233,2
47234,2
47235,2
47236,2
47237,2
47238,2
47239,2
47240,2
47241,2
47242,2
47243,2
47244,2
47245,2
47246,2
47247,2
47248,2
47249,2
47250,2
47251,2
47252,2
47253,2
47254,2
47255,2
47256,2
47257,2
47258,2
47259,2
47260,2
47261,2
47262,2
47263,2
47264,2
47265,2
47266,2
47267,2
47268,2
47269,2
47270,2
47271,2
47272,2
47273,2
47274,2
47275,2
47276,2
47277,2
47278,2
47279,2
47280,2
47281,2
47282,2
47283,2
47284,2
47285,2
47286,2
47287,2
47288,2
47289,2
47290,2
47291,2
47292,2
47293,2
47294,2
47295,2
47296,2
47297,2
47298,2
47299,2
47300,2
47301,2
47302,2
47303,2
47304,2
47305,2
47306,2
47307,2
47308,2
47309,2
47310,2
47311,2
47312,2
47313,2
47314,2
47315,2
47316,2
47317,2
47318,2
47319,2
47320,2
47321,2
47322,2
47323,2
47324,2
47325,2
47326,2
47327,2
47328,2
47329,2
47330,2
47331,2
47332,2
47333,2
47334,2
47335,2
47336,2
47337,2
47338,2
47339,2
47340,2
47341,2
47342,2
47343,2
47344,2
47345,2
47346,2
47347,2
47348,2
47349,2
47350,2
47351,2
47352,2
47353,2
47354,2
47355,2
47356,2
47357,2
47358,2
47359,2
47360,2
47361,2
47362,2
47363,2
47364,2
47365,2
47366,2
47367,2
47368,2
47369,2
47370,2
47371,2
47372,2
47373,2
47374,2
47375,2
47376,2
47377,2
47378,2
47379,2
47380,2
47381,2
47382,2
47383,2
47384,2
47385,2
47386,2
47387,2
47388,2
47389,2
47390,2
47391,2
47392,2
47393,2
47394,2
47395,2
47396,2
47397,2
47398,2
47399,2
47400,2
47401,2
47402,2
47403,2
47404,2
47405,2
47406,2
47407,2
47408,2
47409,2
47410,2
47411,2
47412,2
47413,2
47414,2
47415,5
47416,5
47417,5
47418,5
47419,5
47420,5
47421,5
47422,5
47423,5
47424,5
47425,5
47426,5
47427,5
47428,5
47429,5
47430,5
47431,5
47432,5
47433,5
47434,5
47435,5
47436,5
47437,5
47438,5
47439,5
47440,5
47441,5
47442,5
47443,5
47444,5
47445,5
47446,5
47447,5
47448,5
47449,7
47450,7
47451,7
47452,7
47453,7
47454,7
47455,7
47456,7
47457,7
47458,7
47459,7
47460,7
47461,7
47462,7
47463,7
47464,8
47465,8
47466,8
47467,8
47468,8
47469,8
47470,2
47471,2
47472,2
47473,2
47474,2
47475,2
47476,2
47477,2
47478,2
47479,2
47480,2
47481,2
47482,2
47483,2
47484,2
47485,2
47486,2
47487,2
47488,2
47489,2
47490,2
47491,2
47492,2
47493,2
47494,2
47495,2
47496,2
47497,1
47498,2
47499,2
47500,2
47501,8
47502,8
47503,8
47504,8
47505,2
47506,2
47507,2
47508,2
47509,2
47510,2
47511,2
47512,2
47513,7
47514,7
47515,7
47516,7
47517,7
47518,7
47519,7
47520,7
47521,7
47522,7
47523,7
47524,7
47525,7
47526,7
47527,7
47528,7
47529,7
47530,7
47531,7
47532,7
47533,7
47534,7
47535,7
47536,7
47537,2
47538,2
47539,2
47540,2
47541,2
47542,2
47543,2
47544,2
47545,2
47546,4
47547,4
47548,4
47549,4
47550,4
47551,4
47552,4
47553,4
47554,4
47555,4
47556,4
47557,4
47558,4
47559,4
47560,4
47561,7
47562,7
47563,7
47564,7
47565,2
47566,2
47567,2
47568,2
47569,2
47570,2
47571,2
47572,2
47573,2
47574,2
47575,2
47576,2
47577,2
47578,2
47579,2
47580,2
47581,2
47582,2
47583,2
47584,2
47585,2
47586,2
47587,2
47588,2
47589,2
47590,2
47591,2
47592,2
47593,2
47594,2
47595,2
47596,2
47597,2
47598,2
47599,4
47600,5
47601,5
47602,5
47603,5
47604,5
47605,5
47606,5
47607,5
47608,5
47609,5
47610,5
47611,5
47612,5
47613,5
47614,5
47615,5
47616,5
47617,5
47618,5
47619,5
47620,5
47621,5
47622,5
47623,5
47624,5
47625,5
47626,5
47627,5
47628,5
47629,5
47630,5
47631,5
47632,5
47633,5
47634,5
47635,5
47636,5
47637,5
47638,5
47639,5
47640,5
47641,5
47642,5
47643,5
47644,5
47645,5
47646,5
47647,5
47648,5
47649,5
47650,5
47651,5
47652,5
47653,5
47654,5
47655,5
47656,5
47657,5
47658,5
47659,5
47660,5
47661,7
47662,8
47663,8
47664,8
47665,8
47666,4
47667,8
47668,2
47669,4
47670,4
47671,2
47672,8
47673,8
47674,6
47675,6
47676,6
47677,5
47678,2
47679,2
47680,2
47681,8
47682,8
47683,8
47684,7
47685,7
47686,7
47687,5
47688,5
47689,1
47690,5
47691,5
47692,5
47693,5
47694,1
47695,5
47696,5
47697,5
47698,5
47699,1
47700,5
47701,5
47702,5
47703,5
47704,5
47705,5
47706,5
47707,5
47708,1
47709,5
47710,5
47711,5
47712,5
47713,5
47714,5
47715,7
47716,2
47717,2
47718,4
47719,4
47720,4
47721,4
47722,1
47723,1
47724,1
47725,1
47726,4
47727,4
47728,4
47729,4
47730,1
47731,4
47732,4
47733,4
47734,4
47735,4
47736,4
47737,4
47738,5
47739,5
47740,2
47741,6
47742,2
47743,6
47744,2
47745,8
47746,8
47747,8
47748,2
47749,5
47750,2
47751,2
47752,2
47753,2
47754,7
47755,7
47756,7
47757,7
47758,7
47759,7
47760,7
47761,7
47762,7
47763,7
47764,7
47765,7
47766,7
47767,7
47768,7
47769,7
47770,7
47771,7
47772,7
47773,7
47774,7
47775,7
47776,7
47777,7
47778,4
47779,4
47780,4
47781,4
47782,8
47783,2
47784,8
47785,8
47786,2
47787,2
47788,4
47789,5
47790,5
47791,5
47792,5
47793,5
47794,5
47795,8
47796,8
47797,4
47798,4
47799,4
47800,4
47801,4
47802,4
47803,8
47804,8
47805,8
47806,8
47807,8
47808,5
47809,5
47810,5
47811,5
47812,5
47813,5
47814,5
47815,5
47816,5
47817,5
47818,5
47819,5
47820,5
47821,5
47822,5
47823,5
47824,5
47825,5
47826,5
47827,5
47828,5
47829,5
47830,5
47831,5
47832,7
47833,8
47834,8
47835,8
47836,8
47837,8
47838,2
47839,8
47840,8
47841,2
47842,8
47843,8
47844,1
47845,1
47846,1
47847,5
47848,8
47849,8
47850,8
47851,8
47852,8
47853,8
47854,8
47855,8
47856,8
47857,8
47858,8
47859,8
47860,8
47861,8
47862,8
47863,8
47864,4
47865,4
47866,4
47867,4
47868,4
47869,4
47870,4
47871,4
47872,4
47873,4
47874,4
47875,4
47876,4
47877,4
47878,4
47879,4
47880,4
47881,4
47882,7
47883,7
47884,7
47885,1
47886,7
47887,7
47888,7
47889,1
47890,5
47891,5
47892,5
47893,4
47894,8
47895,2
47896,2
47897,2
47898,2
47899,2
47900,8
47901,5
47902,5
47903,5
47904,5
47905,5
47906,5
47907,5
47908,5
47909,5
47910,5
47911,5
47912,5
47913,5
47914,5
47915,5
47916,5
47917,5
47918,2
47919,2
47920,2
47921,2
47922,2
47923,2
47924,2
47925,2
47926,2
47927,2
47928,2
47929,2
47930,2
47931,2
47932,2
47933,2
47934,2
47935,2
47936,2
47937,2
47938,2
47939,2
47940,2
47941,2
47942,2
47943,2
47944,2
47945,2
47946,2
47947,2
47948,2
47949,2
47950,2
47951,2
47952,2
47953,2
47954,2
47955,2
47956,2
47957,2
47958,2
47959,2
47960,2
47961,2
47962,2
47963,2
47964,2
47965,2
47966,2
47967,2
47968,2
47969,2
47970,2
47971,2
47972,2
47973,2
47974,2
47975,2
47976,2
47977,4
47978,8
47979,4
47980,4
47981,4
47982,4
47983,2
47984,2
47985,2
47986,8
47987,8
47988,8
47989,2
47990,4
47991,4
47992,4
47993,4
47994,4
47995,4
47996,4
47997,5
47998,5
47999,5
48000,5
48001,5
48002,5
48003,5
48004,5
48005,5
48006,5
48007,5
48008,5
48009,5
48010,5
48011,5
48012,5
48013,5
48014,5
48015,5
48016,5
48017,5
48018,5
48019,5
48020,5
48021,5
48022,5
48023,5
48024,5
48025,5
48026,5
48027,5
48028,5
48029,5
48030,5
48031,5
48032,5
48033,5
48034,5
48035,5
48036,5
48037,5
48038,5
48039,5
48040,5
48041,5
48042,5
48043,5
48044,5
48045,5
48046,5
48047,5
48048,5
48049,5
48050,5
48051,5
48052,5
48053,5
48054,5
48055,5
48056,5
48057,5
48058,5
48059,5
48060,5
48061,5
48062,5
48063,8
48064,8
48065,8
48066,8
48067,8
48068,8
48069,8
48070,8
48071,8
48072,8
48073,8
48074,8
48075,8
48076,8
48077,8
48078,8
48079,8
48080,8
48081,8
48082,8
48083,8
48084,8
48085,8
48086,8
48087,8
48088,8
48089,8
48090,8
48091,8
48092,8
48093,8
48094,8
48095,8
48096,8
48097,8
48098,8
48099,8
48100,8
48101,8
48102,8
48103,8
48104,8
48105,8
48106,8
48107,8
48108,8
48109,8
48110,8
48111,8
48112,8
48113,8
48114,7
48115,7
48116,7
48117,7
48118,7
48119,7
48120,7
48121,7
48122,7
48123,7
48124,7
48125,7
48126,7
48127,7
48128,7
48129,7
48130,7
48131,7
48132,7
48133,7
48134,7
48135,7
48136,7
48137,7
48138,7
48139,7
48140,7
48141,7
48142,7
48143,7
48144,7
48145,7
48146,7
48147,7
48148,7
48149,7
48150,7
48151,7
48152,7
48153,7
48154,7
48155,7
48156,7
48157,7
48158,7
48159,7
48160,7
48161,7
48162,7
48163,7
48164,7
48165,7
48166,7
48167,7
48168,7
48169,7
48170,7
48171,7
48172,7
48173,7
48174,7
48175,7
48176,7
48177,7
48178,7
48179,7
48180,7
48181,7
48182,7
48183,7
48184,7
48185,7
48186,7
48187,7
48188,7
48189,7
48190,7
48191,7
48192,7
48193,7
48194,7
48195,7
48196,7
48197,7
48198,7
48199,7
48200,7
48201,7
48202,7
48203,7
48204,7
48205,7
48206,7
48207,7
48208,7
48209,7
48210,7
48211,7
48212,7
48213,7
48214,7
48215,7
48216,7
48217,7
48218,7
48219,7
48220,7
48221,7
48222,7
48223,7
48224,7
48225,7
48226,7
48227,7
48228,7
48229,7
48230,7
48231,7
48232,7
48233,7
48234,7
48235,7
48236,7
48237,7
48238,7
48239,1
48240,1
48241,1
48242,1
48243,1
48244,1
48245,1
48246,1
48247,1
48248,1
48249,1
48250,1
48251,1
48252,1
48253,1
48254,1
48255,1
48256,1
48257,1
48258,1
48259,1
48260,1
48261,1
48262,1
48263,1
48264,1
48265,1
48266,1
48267,1
48268,1
48269,1
48270,1
48271,1
48272,1
48273,1
48274,1
48275,1
48276,1
48277,1
48278,1
48279,1
48280,1
48281,1
48282,1
48283,1
48284,1
48285,1
48286,1
48287,1
48288,1
48289,1
48290,1
48291,1
48292,1
48293,1
48294,1
48295,1
48296,1
48297,1
48298,1
48299,1
48300,1
48301,1
48302,1
48303,1
48304,1
48305,1
48306,1
48307,1
48308,1
48309,1
48310,1
48311,1
48312,1
48313,1
48314,1
48315,1
48316,1
48317,1
48318,1
48319,8
48320,8
48321,8
48322,8
48323,8
48324,8
48325,8
48326,8
48327,8
48328,8
48329,8
48330,8
48331,8
48332,8
48333,8
48334,8
48335,8
48336,8
48337,8
48338,8
48339,8
48340,8
48341,8
48342,8
48343,8
48344,8
48345,8
48346,8
48347,8
48348,8
48349,8
48350,8
48351,8
48352,8
48353,8
48354,8
48355,8
48356,8
48357,8
48358,8
48359,8
48360,8
48361,8
48362,8
48363,8
48364,8
48365,8
48366,8
48367,8
48368,8
48369,8
48370,8
48371,8
48372,8
48373,8
48374,8
48375,8
48376,8
48377,8
48378,8
48379,8
48380,8
48381,8
48382,8
48383,8
48384,8
48385,8
48386,8
48387,8
48388,8
48389,5
48390,5
48391,5
48392,5
48393,5
48394,5
48395,5
48396,5
48397,5
48398,5
48399,5
48400,5
48401,5
48402,8
48403,8
48404,5
48405,5
48406,2
48407,2
48408,2
48409,2
48410,2
48411,2
48412,2
48413,2
48414,2
48415,2
48416,2
48417,2
48418,2
48419,2
48420,2
48421,2
48422,8
48423,8
48424,8
48425,8
48426,8
48427,8
48428,8
48429,8
48430,8
48431,8
48432,8
48433,8
48434,8
48435,8
48436,4
48437,4
48438,4
48439,4
48440,4
48441,4
48442,4
48443,1
48444,6
48445,6
48446,5
48447,2
48448,2
48449,6
48450,6
48451,6
48452,8
48453,7
48454,7
48455,7
48456,7
48457,7
48458,7
48459,7
48460,8
48461,8
48462,8
48463,6
48464,6
48465,6
48466,5
48467,6
48468,8
48469,4
48470,8
48471,8
48472,8
48473,8
48474,8
48475,8
48476,8
48477,2
48478,2
48479,7
48480,7
48481,8
48482,8
48483,8
48484,8
48485,8
48486,8
48487,5
48488,8
48489,8
48490,8
48491,8
48492,2
48493,8
48494,8
48495,8
48496,8
48497,8
48498,8
48499,8
48500,8
48501,7
48502,1
48503,7
48504,7
48505,1
48506,7
48507,7
48508,7
48509,7
48510,7
48511,7
48512,7
48513,8
48514,8
48515,8
48516,8
48517,8
48518,8
48519,8
48520,8
48521,8
48522,8
48523,8
48524,8
48525,8
48526,8
48527,8
48528,8
48529,8
48530,8
48531,8
48532,8
48533,8
48534,8
48535,8
48536,8
48537,8
48538,8
48539,8
48540,8
48541,8
48542,8
48543,8
48544,8
48545,8
48546,8
48547,8
48548,8
48549,8
48550,8
48551,8
48552,8
48553,8
48554,8
48555,8
48556,8
48557,8
48558,8
48559,8
48560,8
48561,8
48562,7
48563,5
48564,5
48565,4
48566,4
48567,5
48568,4
48569,4
48570,4
48571,4
48572,5
48573,4
48574,4
48575,4
48576,4
48577,4
48578,4
48579,4
48580,4
48581,4
48582,4
48583,4
48584,4
48585,4
48586,4
48587,4
48588,4
48589,5
48590,4
48591,4
48592,5
48593,4
48594,8
48595,8
48596,2
48597,2
48598,8
48599,8
48600,8
48601,8
48602,8
48603,8
48604,8
48605,8
48606,6
48607,6
48608,5
48609,5
48610,4
48611,5
48612,5
48613,6
48614,6
48615,6
48616,6
48617,6
48618,6
48619,6
48620,6
48621,6
48622,6
48623,8
48624,8
48625,4
48626,4
48627,4
48628,4
48629,4
48630,4
48631,4
48632,4
48633,4
48634,8
48635,8
48636,8
48637,8
48638,8
48639,8
48640,8
48641,8
48642,8
48643,8
48644,8
48645,8
48646,8
48647,8
48648,8
48649,5
48650,5
48651,5
48652,5
48653,4
48654,4
48655,4
48656,4
48657,4
48658,4
48659,4
48660,4
48661,4
48662,4
48663,8
48664,5
48665,5
48666,5
48667,5
48668,5
48669,5
48670,5
48671,5
48672,4
48673,4
48674,4
48675,4
48676,4
48677,4
48678,4
48679,2
48680,8
48681,8
48682,8
48683,8
48684,2
48685,1
48686,1
48687,4
48688,7
48689,8
48690,4
48691,4
48692,1
48693,4
48694,2
48695,2
48696,2
48697,4
48698,4
48699,5
48700,5
48701,5
48702,5
48703,5
48704,5
48705,5
48706,5
48707,5
48708,5
48709,5
48710,5
48711,5
48712,5
48713,5
48714,5
48715,5
48716,5
48717,5
48718,5
48719,5
48720,5
48721,5
48722,5
48723,5
48724,5
48725,5
48726,5
48727,5
48728,5
48729,5
48730,5
48731,5
48732,5
48733,5
48734,5
48735,5
48736,5
48737,5
48738,5
48739,5
48740,5
48741,5
48742,5
48743,5
48744,5
48745,5
48746,5
48747,5
48748,5
48749,5
48750,5
48751,5
48752,5
48753,8
48754,5
48755,5
48756,5
48757,5
48758,5
48759,4
48760,4
48761,4
48762,4
48763,4
48764,4
48765,4
48766,4
48767,4
48768,4
48769,4
48770,4
48771,4
48772,4
48773,4
48774,4
48775,6
48776,6
48777,6
48778,6
48779,5
48780,6
48781,6
48782,4
48783,8
48784,8
48785,8
48786,8
48787,8
48788,4
48789,4
48790,4
48791,2
48792,7
48793,2
48794,7
48795,7
48796,7
48797,7
48798,5
48799,5
48800,5
48801,5
48802,5
48803,5
48804,5
48805,5
48806,5
48807,5
48808,5
48809,5
48810,5
48811,5
48812,5
48813,5
48814,5
48815,5
48816,5
48817,5
48818,5
48819,5
48820,5
48821,5
48822,5
48823,5
48824,5
48825,5
48826,5
48827,5
48828,5
48829,5
48830,5
48831,5
48832,5
48833,5
48834,5
48835,5
48836,5
48837,5
48838,5
48839,5
48840,5
48841,5
48842,5
48843,5
48844,5
48845,5
48846,5
48847,5
48848,5
48849,5
48850,5
48851,5
48852,5
48853,5
48854,5
48855,5
48856,5
48857,5
48858,5
48859,5
48860,5
48861,5
48862,5
48863,5
48864,5
48865,5
48866,5
48867,5
48868,5
48869,5
48870,5
48871,5
48872,5
48873,5
48874,5
48875,5
48876,5
48877,5
48878,5
48879,5
48880,5
48881,5
48882,5
48883,5
48884,5
48885,5
48886,5
48887,5
48888,5
48889,5
48890,5
48891,5
48892,5
48893,5
48894,5
48895,5
48896,5
48897,5
48898,5
48899,5
48900,5
48901,5
48902,5
48903,5
48904,5
48905,5
48906,5
48907,6
48908,6
48909,6
48910,6
48911,6
48912,6
48913,6
48914,6
48915,6
48916,6
48917,6
48918,6
48919,6
48920,6
48921,6
48922,6
48923,6
48924,6
48925,6
48926,6
48927,6
48928,8
48929,8
48930,8
48931,8
48932,8
48933,8
48934,8
48935,8
48936,8
48937,8
48938,8
48939,8
48940,5
48941,5
48942,5
48943,5
48944,5
48945,5
48946,5
48947,5
48948,2
48949,2
48950,2
48951,2
48952,2
48953,8
48954,8
48955,8
48956,4
48957,4
48958,2
48959,2
48960,4
48961,1
48962,1
48963,4
48964,8
48965,7
48966,7
48967,4
48968,4
48969,4
48970,4
48971,4
48972,4
48973,4
48974,4
48975,4
48976,4
48977,4
48978,4
48979,7
48980,7
48981,7
48982,7
48983,7
48984,7
48985,2
48986,2
48987,2
48988,1
48989,2
48990,2
48991,2
48992,2
48993,2
48994,2
48995,2
48996,2
48997,8
48998,8
48999,8
49000,8
49001,8
49002,8
49003,8
49004,8
49005,8
49006,8
49007,8
49008,8
49009,8
49010,8
49011,8
49012,8
49013,8
49014,8
49015,8
49016,8
49017,8
49018,8
49019,8
49020,8
49021,8
49022,8
49023,8
49024,5
49025,5
49026,5
49027,2
49028,5
49029,5
49030,5
49031,5
49032,5
49033,5
49034,5
49035,5
49036,5
49037,2
49038,5
49039,5
49040,5
49041,5
49042,5
49043,2
49044,2
49045,5
49046,2
49047,1
49048,2
49049,5
49050,5
49051,5
49052,5
49053,2
49054,2
49055,2
49056,2
49057,5
49058,5
49059,5
49060,5
49061,5
49062,5
49063,5
49064,5
49065,5
49066,5
49067,5
49068,5
49069,7
49070,7
49071,5
49072,5
49073,5
49074,5
49075,5
49076,7
49077,7
49078,7
49079,7
49080,7
49081,7
49082,5
49083,5
49084,5
49085,5
49086,5
49087,7
49088,7
49089,2
49090,2
49091,5
49092,5
49093,5
49094,5
49095,5
49096,5
49097,2
49098,2
49099,2
49100,1
49101,2
49102,1
49103,2
49104,2
49105,5
49106,5
49107,5
49108,5
49109,5
49110,5
49111,5
49112,5
49113,5
49114,1
49115,1
49116,7
49117,7
49118,7
49119,7
49120,6
49121,6
49122,6
49123,6
49124,6
49125,6
49126,6
49127,6
49128,6
49129,6
49130,2
49131,1
49132,1
49133,1
49134,1
49135,1
49136,2
49137,1
49138,6
49139,6
49140,6
49141,5
49142,5
49143,5
49144,5
49145,5
49146,5
49147,5
49148,5
49149,5
49150,5
49151,5
49152,7
49153,7
49154,7
49155,7
49156,7
49157,7
49158,7
49159,2
49160,5
49161,5
49162,2
49163,8
49164,8
49165,8
49166,8
49167,8
49168,8
49169,8
49170,8
49171,8
49172,8
49173,8
49174,8
49175,8
49176,8
49177,8
49178,8
49179,8
49180,8
49181,8
49182,8
49183,8
49184,8
49185,8
49186,8
49187,2
49188,2
49189,2
49190,1
49191,1
49192,4
49193,4
49194,4
49195,1
49196,1
49197,1
49198,1
49199,1
49200,4
49201,1
49202,1
49203,1
49204,1
49205,1
49206,1
49207,1
49208,1
49209,1
49210,1
49211,4
49212,1
49213,1
49214,4
49215,1
49216,1
49217,4
49218,1
49219,4
49220,2
49221,2
49222,2
49223,2
49224,2
49225,2
49226,2
49227,2
49228,2
49229,2
49230,2
49231,2
49232,2
49233,2
49234,2
49235,2
49236,2
49237,2
49238,5
49239,2
49240,5
49241,2
49242,2
49243,2
49244,2
49245,2
49246,2
49247,2
49248,5
49249,2
49250,2
49251,8
49252,8
49253,8
49254,8
49255,8
49256,8
49257,8
49258,8
49259,8
49260,8
49261,8
49262,8
49263,8
49264,8
49265,8
49266,8
49267,8
49268,8
49269,8
49270,8
49271,8
49272,8
49273,8
49274,8
49275,8
49276,6
49277,6
49278,6
49279,7
49280,7
49281,7
49282,7
49283,7
49284,7
49285,7
49286,7
49287,7
49288,7
49289,7
49290,7
49291,8
49292,8
49293,2
49294,4
49295,4
49296,4
49297,4
49298,4
49299,7
49300,7
49301,8
49302,2
49303,2
49304,2
49305,8
49306,8
49307,8
49308,8
49309,8
49310,8
49311,8
49312,8
49313,8
49314,8
49315,8
49316,4
49317,8
49318,8
49319,4
49320,8
49321,8
49322,8
49323,4
49324,4
49325,4
49326,4
49327,8
49328,8
49329,2
49330,2
49331,6
49332,2
49333,2
49334,6
49335,6
49336,6
49337,2
49338,2
49339,2
49340,5
49341,6
49342,6
49343,6
49344,2
49345,5
49346,6
49347,6
49348,6
49349,6
49350,5
49351,6
49352,6
49353,6
49354,6
49355,2
49356,2
49357,5
49358,6
49359,6
49360,6
49361,2
49362,2
49363,2
49364,2
49365,2
49366,2
49367,2
49368,2
49369,2
49370,2
49371,2
49372,2
49373,2
49374,2
49375,2
49376,2
49377,2
49378,2
49379,7
49380,7
49381,2
49382,2
49383,2
49384,2
49385,2
49386,2
49387,2
49388,2
49389,2
49390,2
49391,2
49392,7
49393,2
49394,2
49395,2
49396,2
49397,2
49398,2
49399,2
49400,7
49401,2
49402,2
49403,2
49404,2
49405,2
49406,2
49407,2
49408,2
49409,2
49410,2
49411,2
49412,2
49413,2
49414,2
49415,2
49416,2
49417,8
49418,2
49419,2
49420,2
49421,2
49422,2
49423,2
49424,2
49425,2
49426,2
49427,2
49428,2
49429,2
49430,2
49431,2
49432,2
49433,2
49434,2
49435,2
49436,2
49437,2
49438,2
49439,2
49440,7
49441,2
49442,2
49443,2
49444,2
49445,2
49446,2
49447,8
49448,8
49449,8
49450,8
49451,8
49452,8
49453,8
49454,8
49455,8
49456,8
49457,8
49458,8
49459,8
49460,8
49461,8
49462,8
49463,8
49464,8
49465,8
49466,8
49467,8
49468,8
49469,8
49470,8
49471,8
49472,8
49473,8
49474,8
49475,8
49476,8
49477,8
49478,8
49479,8
49480,8
49481,8
49482,8
49483,5
49484,4
49485,4
49486,4
49487,4
49488,4
49489,4
49490,4
49491,4
49492,4
49493,4
49494,4
49495,4
49496,4
49497,4
49498,4
49499,4
49500,4
49501,4
49502,4
49503,4
49504,4
49505,4
49506,4
49507,4
49508,4
49509,4
49510,4
49511,4
49512,4
49513,4
49514,4
49515,4
49516,4
49517,4
49518,4
49519,4
49520,4
49521,4
49522,4
49523,4
49524,4
49525,4
49526,4
49527,4
49528,4
49529,4
49530,4
49531,4
49532,4
49533,4
49534,4
49535,4
49536,4
49537,4
49538,4
49539,4
49540,4
49541,4
49542,2
49543,2
49544,2
49545,2
49546,2
49547,1
49548,8
49549,2
49550,2
49551,2
49552,4
49553,4
49554,4
49555,4
49556,4
49557,4
49558,5
49559,5
49560,5
49561,5
49562,5
49563,5
49564,5
49565,5
49566,5
49567,5
49568,5
49569,5
49570,5
49571,5
49572,5
49573,5
49574,5
49575,5
49576,5
49577,5
49578,5
49579,5
49580,5
49581,5
49582,5
49583,5
49584,5
49585,2
49586,2
49587,2
49588,2
49589,2
49590,2
49591,2
49592,2
49593,2
49594,2
49595,2
49596,2
49597,2
49598,5
49599,5
49600,5
49601,5
49602,5
49603,5
49604,5
49605,5
49606,5
49607,5
49608,5
49609,5
49610,5
49611,5
49612,5
49613,5
49614,5
49615,5
49616,5
49617,5
49618,5
49619,5
49620,5
49621,5
49622,5
49623,5
49624,5
49625,5
49626,5
49627,5
49628,5
49629,5
49630,5
49631,5
49632,5
49633,5
49634,5
49635,5
49636,5
49637,5
49638,5
49639,5
49640,5
49641,5
49642,5
49643,5
49644,5
49645,5
49646,5
49647,5
49648,5
49649,5
49650,5
49651,5
49652,5
49653,5
49654,5
49655,8
49656,8
49657,8
49658,2
49659,2
49660,6
49661,6
49662,6
49663,6
49664,6
49665,6
49666,6
49667,6
49668,8
49669,8
49670,2
49671,2
49672,2
49673,2
49674,2
49675,2
49676,2
49677,2
49678,2
49679,1
49680,1
49681,1
49682,1
49683,1
49684,1
49685,1
49686,1
49687,1
49688,7
49689,1
49690,7
49691,7
49692,1
49693,7
49694,1
49695,1
49696,7
49697,1
49698,1
49699,1
49700,1
49701,1
49702,1
49703,1
49704,1
49705,1
49706,1
49707,1
49708,1
49709,1
49710,1
49711,7
49712,1
49713,1
49714,1
49715,1
49716,1
49717,1
49718,1
49719,7
49720,1
49721,1
49722,1
49723,1
49724,1
49725,1
49726,1
49727,1
49728,1
49729,1
49730,1
49731,1
49732,1
49733,1
49734,7
49735,1
49736,1
49737,1
49738,1
49739,1
49740,1
49741,1
49742,1
49743,1
49744,7
49745,7
49746,1
49747,7
49748,1
49749,1
49750,1
49751,7
49752,7
49753,1
49754,1
49755,1
49756,1
49757,1
49758,7
49759,1
49760,1
49761,1
49762,1
49763,1
49764,1
49765,1
49766,1
49767,1
49768,1
49769,1
49770,1
49771,1
49772,1
49773,1
49774,1
49775,1
49776,1
49777,1
49778,1
49779,1
49780,1
49781,1
49782,1
49783,1
49784,1
49785,1
49786,1
49787,7
49788,1
49789,1
49790,7
49791,1
49792,1
49793,7
49794,1
49795,1
49796,1
49797,7
49798,1
49799,1
49800,1
49801,1
49802,7
49803,1
49804,1
49805,1
49806,1
49807,1
49808,1
49809,1
49810,1
49811,5
49812,5
49813,5
49814,5
49815,8
49816,8
49817,8
49818,8
49819,8
49820,8
49821,8
49822,8
49823,8
49824,8
49825,8
49826,4
49827,4
49828,4
49829,4
49830,4
49831,4
49832,4
49833,5
49834,7
49835,7
49836,7
49837,7
49838,7
49839,7
49840,5
49841,5
49842,5
49843,5
49844,5
49845,5
49846,5
49847,5
49848,5
49849,5
49850,5
49851,5
49852,5
49853,5
49854,5
49855,5
49856,5
49857,5
49858,5
49859,5
49860,5
49861,5
49862,5
49863,5
49864,5
49865,5
49866,5
49867,5
49868,5
49869,5
49870,5
49871,5
49872,5
49873,5
49874,5
49875,7
49876,7
49877,7
49878,7
49879,7
49880,7
49881,7
49882,7
49883,5
49884,5
49885,5
49886,5
49887,5
49888,5
49889,5
49890,5
49891,5
49892,5
49893,5
49894,5
49895,4
49896,4
49897,4
49898,4
49899,5
49900,5
49901,5
49902,4
49903,4
49904,4
49905,4
49906,4
49907,4
49908,4
49909,4
49910,4
49911,4
49912,4
49913,4
49914,4
49915,6
49916,6
49917,6
49918,6
49919,2
49920,2
49921,2
49922,2
49923,2
49924,2
49925,2
49926,2
49927,2
49928,2
49929,2
49930,2
49931,2
49932,2
49933,2
49934,2
49935,2
49936,2
49937,2
49938,2
49939,2
49940,2
49941,2
49942,2
49943,2
49944,2
49945,2
49946,2
49947,2
49948,2
49949,2
49950,2
49951,2
49952,2
49953,2
49954,2
49955,2
49956,2
49957,2
49958,2
49959,2
49960,2
49961,2
49962,2
49963,2
49964,2
49965,2
49966,2
49967,2
49968,2
49969,2
49970,2
49971,2
49972,2
49973,2
49974,2
49975,2
49976,2
49977,2
49978,2
49979,2
49980,2
49981,2
49982,2
49983,2
49984,2
49985,2
49986,2
49987,2
49988,2
49989,2
49990,2
49991,2
49992,2
49993,2
49994,2
49995,2
49996,2
49997,2
49998,2
49999,2
50000,2
50001,2
50002,2
50003,2
50004,2
50005,2
50006,2
50007,2
50008,2
50009,2
50010,2
50011,2
50012,2
50013,2
50014,2
50015,2
50016,2
50017,2
50018,2
50019,2
50020,2
50021,2
50022,2
50023,2
50024,2
50025,2
50026,2
50027,2
50028,2
50029,2
50030,2
50031,2
50032,2
50033,2
50034,2
50035,2
50036,2
50037,2
50038,2
50039,2
50040,2
50041,2
50042,2
50043,2
50044,2
50045,2
50046,2
50047,1
50048,1
50049,1
50050,1
50051,1
50052,1
50053,1
50054,1
50055,1
50056,1
50057,1
50058,4
50059,1
50060,1
50061,1
50062,1
50063,1
50064,1
50065,1
50066,4
50067,1
50068,1
50069,1
50070,1
50071,1
50072,5
50073,5
50074,5
50075,5
50076,5
50077,5
50078,5
50079,5
50080,5
50081,5
50082,5
50083,5
50084,5
50085,5
50086,5
50087,4
50088,4
50089,4
50090,4
50091,4
50092,4
50093,4
50094,4
50095,4
50096,4
50097,4
50098,4
50099,4
50100,4
50101,4
50102,4
50103,4
50104,7
50105,1
50106,1
50107,1
50108,1
50109,1
50110,1
50111,1
50112,1
50113,1
50114,1
50115,1
50116,1
50117,1
50118,1
50119,1
50120,1
50121,1
50122,1
50123,1
50124,7
50125,1
50126,1
50127,1
50128,1
50129,1
50130,1
50131,1
50132,1
50133,1
50134,1
50135,1
50136,1
50137,1
50138,1
50139,1
50140,1
50141,1
50142,1
50143,1
50144,1
50145,1
50146,1
50147,1
50148,1
50149,1
50150,1
50151,1
50152,1
50153,1
50154,1
50155,1
50156,1
50157,1
50158,1
50159,1
50160,1
50161,1
50162,1
50163,1
50164,1
50165,7
50166,1
50167,1
50168,1
50169,1
50170,1
50171,1
50172,1
50173,1
50174,7
50175,1
50176,1
50177,1
50178,1
50179,1
50180,1
50181,1
50182,1
50183,1
50184,1
50185,1
50186,1
50187,1
50188,1
50189,7
50190,1
50191,1
50192,1
50193,1
50194,7
50195,1
50196,1
50197,1
50198,1
50199,1
50200,1
50201,1
50202,1
50203,1
50204,7
50205,1
50206,1
50207,1
50208,1
50209,1
50210,1
50211,1
50212,1
50213,1
50214,1
50215,1
50216,1
50217,7
50218,1
50219,1
50220,1
50221,1
50222,1
50223,1
50224,1
50225,1
50226,1
50227,1
50228,1
50229,1
50230,1
50231,1
50232,1
50233,1
50234,1
50235,1
50236,1
50237,1
50238,1
50239,1
50240,1
50241,1
50242,7
50243,1
50244,1
50245,1
50246,1
50247,1
50248,1
50249,1
50250,1
50251,1
50252,1
50253,1
50254,1
50255,1
50256,1
50257,1
50258,1
50259,1
50260,1
50261,1
50262,1
50263,1
50264,1
50265,1
50266,1
50267,1
50268,1
50269,1
50270,1
50271,1
50272,1
50273,1
50274,1
50275,1
50276,1
50277,1
50278,1
50279,1
50280,1
50281,1
50282,1
50283,1
50284,1
50285,1
50286,1
50287,1
50288,1
50289,1
50290,1
50291,2
50292,5
50293,5
50294,5
50295,5
50296,5
50297,5
50298,5
50299,4
50300,1
50301,4
50302,1
50303,4
50304,1
50305,4
50306,1
50307,4
50308,4
50309,1
50310,2
50311,2
50312,2
50313,2
50314,2
50315,2
50316,2
50317,2
50318,2
50319,2
50320,2
50321,5
50322,5
50323,2
50324,2
50325,2
50326,2
50327,2
50328,2
50329,2
50330,2
50331,2
50332,2
50333,2
50334,2
50335,2
50336,2
50337,2
50338,2
50339,2
50340,2
50341,2
50342,2
50343,2
50344,2
50345,2
50346,2
50347,2
50348,2
50349,2
50350,2
50351,2
50352,2
50353,2
50354,2
50355,2
50356,2
50357,2
50358,2
50359,2
50360,2
50361,2
50362,2
50363,2
50364,2
50365,2
50366,2
50367,2
50368,2
50369,2
50370,2
50371,2
50372,2
50373,2
50374,2
50375,2
50376,2
50377,2
50378,2
50379,2
50380,2
50381,2
50382,2
50383,2
50384,2
50385,2
50386,2
50387,2
50388,2
50389,2
50390,2
50391,2
50392,2
50393,2
50394,2
50395,2
50396,2
50397,2
50398,2
50399,2
50400,2
50401,2
50402,2
50403,2
50404,2
50405,2
50406,2
50407,2
50408,2
50409,2
50410,2
50411,2
50412,2
50413,2
50414,2
50415,2
50416,2
50417,2
50418,2
50419,2
50420,2
50421,2
50422,2
50423,2
50424,2
50425,2
50426,2
50427,2
50428,2
50429,2
50430,2
50431,2
50432,2
50433,2
50434,2
50435,2
50436,2
50437,2
50438,7
50439,7
50440,7
50441,7
50442,7
50443,7
50444,7
50445,7
50446,7
50447,7
50448,4
50449,4
50450,4
50451,4
50452,4
50453,4
50454,4
50455,4
50456,1
50457,1
50458,4
50459,4
50460,1
50461,4
50462,4
50463,4
50464,1
50465,1
50466,1
50467,4
50468,1
50469,1
50470,4
50471,1
50472,1
50473,4
50474,4
50475,4
50476,1
50477,4
50478,4
50479,4
50480,4
50481,4
50482,4
50483,4
50484,4
50485,4
50486,4
50487,4
50488,4
50489,4
50490,4
50491,4
50492,4
50493,4
50494,4
50495,4
50496,4
50497,4
50498,4
50499,4
50500,4
50501,4
50502,4
50503,4
50504,1
50505,1
50506,1
50507,1
50508,1
50509,1
50510,1
50511,1
50512,1
50513,1
50514,1
50515,1
50516,1
50517,1
50518,1
50519,1
50520,1
50521,1
50522,1
50523,1
50524,1
50525,1
50526,1
50527,1
50528,1
50529,1
50530,1
50531,1
50532,1
50533,1
50534,1
50535,1
50536,1
50537,1
50538,4
50539,1
50540,1
50541,1
50542,4
50543,1
50544,1
50545,4
50546,1
50547,1
50548,4
50549,1
50550,4
50551,1
50552,7
50553,7
50554,1
50555,7
50556,1
50557,1
50558,1
50559,7
50560,1
50561,1
50562,1
50563,1
50564,1
50565,7
50566,1
50567,1
50568,8
50569,8
50570,8
50571,8
50572,8
50573,8
50574,8
50575,8
50576,8
50577,8
50578,8
50579,8
50580,8
50581,8
50582,8
50583,8
50584,8
50585,8
50586,8
50587,8
50588,8
50589,8
50590,8
50591,8
50592,8
50593,8
50594,8
50595,8
50596,8
50597,8
50598,8
50599,8
50600,8
50601,8
50602,8
50603,8
50604,8
50605,8
50606,8
50607,8
50608,8
50609,8
50610,8
50611,8
50612,8
50613,8
50614,4
50615,4
50616,4
50617,4
50618,4
50619,7
50620,2
50621,2
50622,2
50623,5
50624,5
50625,7
50626,5
50627,5
50628,5
50629,5
50630,5
50631,5
50632,5
50633,5
50634,4
50635,4
50636,4
50637,4
50638,4
50639,4
50640,4
50641,4
50642,8
50643,2
50644,2
50645,5
50646,5
50647,5
50648,5
50649,5
50650,5
50651,5
50652,5
50653,5
50654,5
50655,5
50656,5
50657,5
50658,2
50659,4
50660,4
50661,4
50662,2
50663,4
50664,8
50665,8
50666,1
50667,4
50668,5
50669,4
50670,4
50671,4
50672,4
50673,4
50674,4
50675,4
50676,4
50677,4
50678,4
50679,4
50680,4
50681,8
50682,8
50683,4
50684,2
50685,2
50686,2
50687,2
50688,2
50689,4
50690,4
50691,4
50692,4
50693,4
50694,4
50695,4
50696,4
50697,4
50698,4
50699,4
50700,4
50701,4
50702,4
50703,4
50704,4
50705,4
50706,4
50707,4
50708,4
50709,4
50710,4
50711,4
50712,4
50713,4
50714,4
50715,4
50716,4
50717,4
50718,4
50719,4
50720,4
50721,4
50722,4
50723,4
50724,4
50725,4
50726,4
50727,4
50728,4
50729,4
50730,4
50731,4
50732,4
50733,4
50734,4
50735,4
50736,4
50737,4
50738,4
50739,4
50740,4
50741,4
50742,4
50743,4
50744,4
50745,4
50746,4
50747,4
50748,4
50749,4
50750,4
50751,4
50752,4
50753,4
50754,4
50755,4
50756,4
50757,4
50758,4
50759,4
50760,4
50761,4
50762,4
50763,4
50764,4
50765,4
50766,4
50767,4
50768,4
50769,8
50770,4
50771,5
50772,4
50773,4
50774,4
50775,4
50776,6
50777,6
50778,6
50779,8
50780,8
50781,8
50782,2
50783,5
50784,5
50785,2
50786,2
50787,5
50788,8
50789,8
50790,8
50791,8
50792,5
50793,5
50794,5
50795,6
50796,6
50797,6
50798,6
50799,2
50800,4
50801,4
50802,4
50803,4
50804,4
50805,8
50806,8
50807,8
50808,8
50809,8
50810,8
50811,2
50812,2
50813,2
50814,2
50815,2
50816,2
50817,8
50818,8
50819,8
50820,8
50821,8
50822,8
50823,8
50824,2
50825,2
50826,2
50827,2
50828,2
50829,2
50830,2
50831,2
50832,8
50833,8
50834,8
50835,8
50836,8
50837,8
50838,8
50839,8
50840,8
50841,8
50842,4
50843,4
50844,4
50845,4
50846,4
50847,4
50848,8
50849,8
50850,1
50851,4
50852,4
50853,4
50854,4
50855,4
50856,8
50857,8
50858,8
50859,8
50860,8
50861,8
50862,8
50863,4
50864,1
50865,4
50866,1
50867,4
50868,4
50869,1
50870,1
50871,4
50872,4
50873,4
50874,4
50875,4
50876,4
50877,4
50878,8
50879,8
50880,8
50881,8
50882,8
50883,8
50884,8
50885,8
50886,8
50887,8
50888,7
50889,1
50890,1
50891,7
50892,1
50893,7
50894,7
50895,7
50896,1
50897,7
50898,1
50899,1
50900,7
50901,7
50902,7
50903,7
50904,1
50905,1
50906,2
50907,2
50908,2
50909,7
50910,7
50911,1
50912,7
50913,7
50914,7
50915,7
50916,5
50917,5
50918,5
50919,5
50920,5
50921,5
50922,5
50923,5
50924,5
50925,5
50926,5
50927,5
50928,5
50929,5
50930,5
50931,5
50932,5
50933,5
50934,5
50935,5
50936,7
50937,7
50938,1
50939,7
50940,7
50941,7
50942,7
50943,7
50944,7
50945,7
50946,7
50947,7
50948,7
50949,5
50950,5
50951,5
50952,5
50953,5
50954,5
50955,5
50956,8
50957,8
50958,8
50959,8
50960,8
50961,8
50962,8
50963,8
50964,8
50965,8
50966,8
50967,8
50968,8
50969,8
50970,8
50971,8
50972,8
50973,8
50974,8
50975,8
50976,8
50977,8
50978,8
50979,8
50980,8
50981,8
50982,8
50983,8
50984,8
50985,8
50986,8
50987,8
50988,8
50989,2
50990,2
50991,2
50992,2
50993,2
50994,2
50995,2
50996,2
50997,1
50998,2
50999,2
51000,2
51001,2
51002,2
51003,2
51004,2
51005,2
51006,2
51007,2
51008,2
51009,2
51010,2
51011,2
51012,2
51013,2
51014,2
51015,2
51016,2
51017,2
51018,2
51019,2
51020,2
51021,2
51022,2
51023,2
51024,2
51025,2
51026,2
51027,2
51028,2
51029,2
51030,2
51031,2
51032,2
51033,2
51034,2
51035,2
51036,2
51037,2
51038,2
51039,2
51040,2
51041,2
51042,2
51043,2
51044,2
51045,2
51046,2
51047,2
51048,2
51049,2
51050,2
51051,2
51052,2
51053,2
51054,2
51055,2
51056,2
51057,2
51058,2
51059,2
51060,2
51061,2
51062,2
51063,2
51064,2
51065,2
51066,2
51067,2
51068,2
51069,2
51070,2
51071,2
51072,2
51073,2
51074,2
51075,2
51076,2
51077,2
51078,2
51079,2
51080,2
51081,2
51082,6
51083,6
51084,6
51085,6
51086,6
51087,5
51088,5
51089,5
51090,5
51091,2
51092,2
51093,2
51094,2
51095,2
51096,2
51097,2
51098,2
51099,2
51100,2
51101,2
51102,2
51103,2
51104,2
51105,2
51106,2
51107,2
51108,2
51109,2
51110,2
51111,2
51112,2
51113,2
51114,2
51115,2
51116,2
51117,2
51118,2
51119,2
51120,2
51121,2
51122,2
51123,2
51124,2
51125,2
51126,2
51127,2
51128,2
51129,2
51130,2
51131,2
51132,2
51133,2
51134,2
51135,2
51136,2
51137,2
51138,2
51139,2
51140,2
51141,2
51142,2
51143,2
51144,2
51145,2
51146,2
51147,2
51148,2
51149,2
51150,2
51151,2
51152,2
51153,2
51154,2
51155,2
51156,2
51157,2
51158,2
51159,2
51160,2
51161,2
51162,2
51163,2
51164,2
51165,2
51166,2
51167,2
51168,2
51169,2
51170,2
51171,2
51172,2
51173,2
51174,2
51175,2
51176,2
51177,2
51178,2
51179,2
51180,2
51181,2
51182,2
51183,8
51184,8
51185,8
51186,8
51187,8
51188,8
51189,8
51190,5
51191,5
51192,5
51193,5
51194,5
51195,5
51196,5
51197,5
51198,5
51199,8
51200,8
51201,8
51202,8
51203,8
51204,8
51205,8
51206,8
51207,8
51208,5
51209,5
51210,5
51211,5
51212,5
51213,5
51214,5
51215,5
51216,5
51217,5
51218,5
51219,5
51220,5
51221,5
51222,5
51223,5
51224,5
51225,5
51226,5
51227,5
51228,5
51229,5
51230,5
51231,5
51232,5
51233,5
51234,5
51235,5
51236,5
51237,5
51238,5
51239,5
51240,5
51241,5
51242,5
51243,5
51244,5
51245,5
51246,5
51247,5
51248,5
51249,2
51250,2
51251,2
51252,2
51253,2
51254,2
51255,2
51256,2
51257,2
51258,2
51259,2
51260,2
51261,2
51262,2
51263,2
51264,2
51265,2
51266,2
51267,2
51268,2
51269,2
51270,1
51271,1
51272,1
51273,1
51274,1
51275,1
51276,1
51277,1
51278,1
51279,1
51280,1
51281,5
51282,5
51283,5
51284,5
51285,5
51286,5
51287,5
51288,5
51289,5
51290,5
51291,5
51292,5
51293,5
51294,5
51295,5
51296,5
51297,5
51298,5
51299,5
51300,5
51301,1
51302,5
51303,5
51304,5
51305,5
51306,5
51307,5
51308,5
51309,5
51310,5
51311,1
51312,5
51313,5
51314,5
51315,5
51316,5
51317,5
51318,5
51319,5
51320,5
51321,5
51322,5
51323,7
51324,7
51325,7
51326,7
51327,7
51328,7
51329,7
51330,7
51331,7
51332,7
51333,7
51334,7
51335,7
51336,7
51337,7
51338,7
51339,7
51340,7
51341,7
51342,7
51343,7
51344,7
51345,7
51346,7
51347,7
51348,7
51349,7
51350,7
51351,7
51352,7
51353,7
51354,7
51355,7
51356,7
51357,7
51358,7
51359,7
51360,7
51361,7
51362,5
51363,5
51364,5
51365,5
51366,5
51367,5
51368,5
51369,5
51370,5
51371,5
51372,5
51373,5
51374,5
51375,5
51376,5
51377,5
51378,5
51379,5
51380,5
51381,5
51382,5
51383,5
51384,5
51385,5
51386,5
51387,5
51388,5
51389,5
51390,5
51391,5
51392,5
51393,5
51394,5
51395,5
51396,5
51397,5
51398,5
51399,5
51400,1
51401,1
51402,1
51403,2
51404,8
51405,8
51406,8
51407,8
51408,8
51409,8
51410,8
51411,8
51412,1
51413,1
51414,1
51415,1
51416,1
51417,1
51418,1
51419,1
51420,1
51421,1
51422,1
51423,1
51424,1
51425,1
51426,1
51427,6
51428,2
51429,6
51430,6
51431,6
51432,2
51433,2
51434,2
51435,2
51436,2
51437,2
51438,8
51439,8
51440,8
51441,2
51442,1
51443,1
51444,1
51445,1
51446,2
51447,2
51448,2
51449,2
51450,2
51451,2
51452,2
51453,2
51454,2
51455,2
51456,2
51457,2
51458,7
51459,4
51460,4
51461,7
51462,4
51463,2
51464,2
51465,2
51466,2
51467,2
51468,2
51469,5
51470,5
51471,5
51472,5
51473,5
51474,5
51475,5
51476,5
51477,5
51478,5
51479,5
51480,5
51481,5
51482,5
51483,5
51484,5
51485,5
51486,5
51487,5
51488,5
51489,5
51490,5
51491,5
51492,5
51493,5
51494,5
51495,5
51496,5
51497,5
51498,5
51499,5
51500,5
51501,5
51502,5
51503,5
51504,5
51505,5
51506,5
51507,5
51508,5
51509,5
51510,5
51511,5
51512,5
51513,5
51514,5
51515,5
51516,5
51517,5
51518,5
51519,5
51520,5
51521,5
51522,5
51523,5
51524,5
51525,5
51526,5
51527,5
51528,5
51529,5
51530,5
51531,5
51532,5
51533,2
51534,2
51535,1
51536,2
51537,2
51538,1
51539,2
51540,2
51541,2
51542,2
51543,2
51544,2
51545,6
51546,6
51547,6
51548,6
51549,7
51550,7
51551,7
51552,7
51553,7
51554,7
51555,7
51556,7
51557,7
51558,7
51559,7
51560,7
51561,7
51562,7
51563,7
51564,7
51565,7
51566,7
51567,7
51568,7
51569,7
51570,7
51571,7
51572,7
51573,7
51574,7
51575,7
51576,7
51577,7
51578,7
51579,7
51580,7
51581,7
51582,7
51583,7
51584,7
51585,7
51586,7
51587,8
51588,8
51589,8
51590,8
51591,8
51592,8
51593,8
51594,8
51595,8
51596,8
51597,8
51598,8
51599,8
51600,8
51601,8
51602,8
51603,8
51604,8
51605,8
51606,8
51607,8
51608,8
51609,8
51610,8
51611,8
51612,8
51613,8
51614,8
51615,8
51616,8
51617,8
51618,8
51619,8
51620,8
51621,8
51622,8
51623,8
51624,8
51625,8
51626,8
51627,8
51628,8
51629,8
51630,8
51631,8
51632,8
51633,8
51634,8
51635,8
51636,8
51637,8
51638,8
51639,8
51640,8
51641,8
51642,8
51643,8
51644,8
51645,8
51646,5
51647,8
51648,8
51649,8
51650,8
51651,8
51652,8
51653,8
51654,8
51655,8
51656,8
51657,8
51658,8
51659,8
51660,8
51661,8
51662,8
51663,8
51664,8
51665,8
51666,8
51667,8
51668,5
51669,5
51670,5
51671,5
51672,5
51673,5
51674,5
51675,5
51676,5
51677,8
51678,8
51679,8
51680,8
51681,8
51682,8
51683,8
51684,8
51685,8
51686,8
51687,8
51688,8
51689,8
51690,8
51691,8
51692,8
51693,8
51694,8
51695,8
51696,8
51697,8
51698,8
51699,8
51700,8
51701,8
51702,8
51703,8
51704,5
51705,2
51706,2
51707,8
51708,5
51709,2
51710,5
51711,5
51712,2
51713,5
51714,2
51715,5
51716,5
51717,5
51718,5
51719,5
51720,7
51721,5
51722,7
51723,7
51724,5
51725,5
51726,5
51727,8
51728,4
51729,4
51730,8
51731,8
51732,8
51733,2
51734,7
51735,2
51736,6
51737,2
51738,7
51739,7
51740,2
51741,2
51742,2
51743,2
51744,2
51745,2
51746,2
51747,7
51748,7
51749,7
51750,1
51751,1
51752,1
51753,7
51754,7
51755,7
51756,7
51757,7
51758,7
51759,7
51760,7
51761,7
51762,5
51763,5
51764,7
51765,7
51766,7
51767,7
51768,7
51769,7
51770,7
51771,7
51772,7
51773,7
51774,7
51775,2
51776,2
51777,6
51778,6
51779,6
51780,6
51781,6
51782,6
51783,6
51784,6
51785,6
51786,6
51787,6
51788,6
51789,6
51790,6
51791,6
51792,6
51793,6
51794,6
51795,6
51796,6
51797,6
51798,8
51799,5
51800,5
51801,5
51802,8
51803,8
51804,8
51805,5
51806,5
51807,6
51808,6
51809,6
51810,6
51811,6
51812,6
51813,6
51814,6
51815,6
51816,6
51817,6
51818,6
51819,6
51820,6
51821,6
51822,6
51823,6
51824,6
51825,6
51826,6
51827,7
51828,4
51829,4
51830,4
51831,4
51832,8
51833,8
51834,8
51835,8
51836,7
51837,2
51838,4
51839,4
51840,8
51841,8
51842,8
51843,8
51844,8
51845,8
51846,8
51847,8
51848,8
51849,8
51850,8
51851,8
51852,8
51853,8
51854,8
51855,8
51856,7
51857,7
51858,7
51859,7
51860,7
51861,7
51862,7
51863,7
51864,7
51865,7
51866,7
51867,7
51868,7
51869,7
51870,7
51871,7
51872,7
51873,7
51874,7
51875,7
51876,7
51877,7
51878,7
51879,7
51880,7
51881,7
51882,7
51883,4
51884,4
51885,4
51886,4
51887,4
51888,4
51889,4
51890,4
51891,4
51892,4
51893,4
51894,4
51895,4
51896,4
51897,4
51898,4
51899,4
51900,4
51901,4
51902,4
51903,4
51904,4
51905,4
51906,4
51907,4
51908,7
51909,7
51910,7
51911,7
51912,7
51913,7
51914,7
51915,7
51916,7
51917,7
51918,7
51919,7
51920,7
51921,7
51922,7
51923,7
51924,7
51925,7
51926,7
51927,7
51928,2
51929,2
51930,2
51931,2
51932,2
51933,2
51934,2
51935,2
51936,2
51937,2
51938,2
51939,2
51940,2
51941,2
51942,2
51943,2
51944,2
51945,2
51946,2
51947,2
51948,2
51949,2
51950,2
51951,6
51952,6
51953,6
51954,6
51955,6
51956,6
51957,6
51958,6
51959,6
51960,6
51961,6
51962,6
51963,6
51964,6
51965,6
51966,6
51967,6
51968,6
51969,6
51970,6
51971,6
51972,6
51973,6
51974,6
51975,6
51976,6
51977,6
51978,6
51979,6
51980,6
51981,6
51982,6
51983,6
51984,6
51985,6
51986,6
51987,6
51988,6
51989,6
51990,6
51991,6
51992,6
51993,6
51994,6
51995,6
51996,6
51997,6
51998,6
51999,6
52000,6
52001,6
52002,6
52003,6
52004,6
52005,6
52006,6
52007,7
52008,7
52009,7
52010,7
52011,7
52012,7
52013,7
52014,7
52015,7
52016,7
52017,7
52018,7
52019,7
52020,7
52021,7
52022,7
52023,7
52024,7
52025,7
52026,7
52027,7
52028,7
52029,7
52030,7
52031,7
52032,7
52033,7
52034,7
52035,7
52036,7
52037,7
52038,7
52039,7
52040,7
52041,7
52042,7
52043,7
52044,7
52045,7
52046,7
52047,7
52048,7
52049,7
52050,7
52051,7
52052,7
52053,7
52054,7
52055,7
52056,7
52057,7
52058,7
52059,7
52060,7
52061,7
52062,7
52063,7
52064,7
52065,7
52066,7
52067,7
52068,7
52069,7
52070,7
52071,7
52072,7
52073,7
52074,7
52075,7
52076,7
52077,7
52078,7
52079,7
52080,7
52081,7
52082,7
52083,7
52084,7
52085,7
52086,7
52087,7
52088,7
52089,7
52090,7
52091,7
52092,7
52093,7
52094,7
52095,7
52096,7
52097,7
52098,7
52099,7
52100,7
52101,7
52102,7
52103,7
52104,7
52105,7
52106,7
52107,7
52108,7
52109,7
52110,7
52111,7
52112,7
52113,7
52114,7
52115,7
52116,7
52117,7
52118,7
52119,7
52120,7
52121,7
52122,7
52123,7
52124,7
52125,7
52126,7
52127,7
52128,7
52129,7
52130,7
52131,7
52132,7
52133,7
52134,7
52135,7
52136,7
52137,7
52138,7
52139,7
52140,7
52141,7
52142,7
52143,7
52144,7
52145,7
52146,7
52147,7
52148,7
52149,7
52150,7
52151,7
52152,7
52153,7
52154,7
52155,7
52156,7
52157,7
52158,7
52159,7
52160,7
52161,7
52162,7
52163,7
52164,7
52165,7
52166,7
52167,7
52168,7
52169,7
52170,7
52171,7
52172,7
52173,7
52174,7
52175,7
52176,7
52177,7
52178,7
52179,7
52180,7
52181,7
52182,7
52183,7
52184,7
52185,7
52186,7
52187,7
52188,7
52189,7
52190,7
52191,7
52192,7
52193,7
52194,7
52195,7
52196,7
52197,7
52198,7
52199,7
52200,7
52201,7
52202,7
52203,7
52204,7
52205,7
52206,7
52207,7
52208,7
52209,7
52210,7
52211,7
52212,7
52213,7
52214,7
52215,7
52216,7
52217,7
52218,7
52219,7
52220,7
52221,7
52222,7
52223,7
52224,7
52225,7
52226,7
52227,7
52228,7
52229,7
52230,7
52231,7
52232,7
52233,7
52234,7
52235,7
52236,7
52237,7
52238,7
52239,7
52240,7
52241,7
52242,7
52243,7
52244,7
52245,7
52246,7
52247,7
52248,7
52249,7
52250,7
52251,7
52252,7
52253,7
52254,7
52255,7
52256,7
52257,7
52258,7
52259,7
52260,7
52261,7
52262,7
52263,7
52264,7
52265,7
52266,7
52267,7
52268,7
52269,7
52270,7
52271,7
52272,7
52273,7
52274,7
52275,7
52276,7
52277,7
52278,7
52279,7
52280,7
52281,7
52282,7
52283,7
52284,7
52285,7
52286,7
52287,7
52288,7
52289,7
52290,7
52291,7
52292,7
52293,7
52294,7
52295,7
52296,7
52297,4
52298,5
52299,4
52300,4
52301,4
52302,4
52303,4
52304,4
52305,4
52306,4
52307,4
52308,4
52309,5
52310,5
52311,4
52312,5
52313,5
52314,4
52315,5
52316,4
52317,4
52318,4
52319,4
52320,4
52321,4
52322,4
52323,4
52324,4
52325,4
52326,4
52327,2
52328,2
52329,2
52330,2
52331,2
52332,2
52333,2
52334,2
52335,2
52336,2
52337,2
52338,2
52339,2
52340,2
52341,2
52342,2
52343,2
52344,6
52345,6
52346,6
52347,6
52348,6
52349,6
52350,6
52351,6
52352,6
52353,6
52354,6
52355,6
52356,6
52357,6
52358,6
52359,6
52360,6
52361,6
52362,6
52363,6
52364,6
52365,6
52366,6
52367,6
52368,6
52369,6
52370,6
52371,6
52372,6
52373,6
52374,6
52375,6
52376,6
52377,6
52378,6
52379,6
52380,6
52381,6
52382,6
52383,6
52384,6
52385,6
52386,6
52387,6
52388,6
52389,6
52390,6
52391,6
52392,6
52393,6
52394,6
52395,6
52396,6
52397,6
52398,6
52399,6
52400,6
52401,6
52402,8
52403,8
52404,8
52405,8
52406,8
52407,8
52408,8
52409,8
52410,8
52411,5
52412,1
52413,1
52414,5
52415,1
52416,1
52417,5
52418,5
52419,5
52420,5
52421,5
52422,5
52423,5
52424,5
52425,5
52426,5
52427,5
52428,5
52429,4
52430,4
52431,4
52432,4
52433,4
52434,1
52435,8
52436,8
52437,8
52438,4
52439,8
52440,8
52441,4
52442,8
52443,8
52444,8
52445,8
52446,8
52447,8
52448,4
52449,4
52450,4
52451,8
52452,8
52453,1
52454,4
52455,4
52456,8
52457,8
52458,8
52459,8
52460,8
52461,8
52462,8
52463,8
52464,8
52465,8
52466,8
52467,8
52468,8
52469,8
52470,8
52471,8
52472,8
52473,8
52474,8
52475,8
52476,8
52477,8
52478,4
52479,8
52480,8
52481,8
52482,8
52483,8
52484,8
52485,8
52486,8
52487,8
52488,8
52489,8
52490,8
52491,7
52492,7
52493,7
52494,7
52495,7
52496,7
52497,7
52498,7
52499,7
52500,7
52501,8
52502,8
52503,8
52504,8
52505,8
52506,8
52507,8
52508,8
52509,8
52510,8
52511,8
52512,8
52513,8
52514,8
52515,8
52516,8
52517,8
52518,8
52519,8
52520,8
52521,8
52522,8
52523,8
52524,8
52525,8
52526,8
52527,8
52528,8
52529,8
52530,8
52531,8
52532,8
52533,8
52534,8
52535,8
52536,8
52537,8
52538,8
52539,8
52540,7
52541,7
52542,6
52543,7
52544,7
52545,7
52546,7
52547,7
52548,5
52549,7
52550,7
52551,7
52552,2
52553,2
52554,8
52555,2
52556,5
52557,2
52558,8
52559,8
52560,8
52561,4
52562,8
52563,4
52564,4
52565,7
52566,5
52567,2
52568,2
52569,2
52570,2
52571,2
52572,2
52573,2
52574,2
52575,5
52576,4
52577,2
52578,2
52579,5
52580,2
52581,5
52582,2
52583,2
52584,2
52585,2
52586,2
52587,4
52588,4
52589,2
52590,2
52591,4
52592,8
52593,8
52594,8
52595,8
52596,2
52597,5
52598,5
52599,4
52600,4
52601,4
52602,8
52603,4
52604,4
52605,4
52606,4
52607,4
52608,4
52609,4
52610,4
52611,4
52612,8
52613,8
52614,4
52615,4
52616,4
52617,7
52618,2
52619,4
52620,1
52621,4
52622,2
52623,4
52624,4
52625,4
52626,4
52627,4
52628,4
52629,4
52630,4
52631,4
52632,4
52633,4
52634,4
52635,4
52636,4
52637,4
52638,4
52639,4
52640,4
52641,4
52642,4
52643,4
52644,4
